JUN24SHB100024.spu,JUN24SHB100023.spu,JUN24SHB100022.spu,
Wavelength,JUN24SHB100025.spu,JUN24SHB100026.spu,JUN24SHB100027.spu,JUN24SHB100028.spu,JUN24SHB100029.spu
  (nm),6/24/2016 ,6/24/2016 ,6/24/2016 ,6/24/2016 ,6/24/2016 
  time  ,42:33 PM,42:43 PM,42:48 PM,42:55 PM,43:02 PM
temp C,SW,SW,SW,SW,SW
,,,,,
 310 , 1 , 1 , 1 , 1 , 1 
 311 , 1 , 1 , 1 , 1 , 1 
 312 , 1 , 1 , 1 , 1 , 1 
 313 , 1 , 1 , 1 , 1 , 1 
 314 , 1 , 1 , 1 , 1 , 1 
 315 , 1 , 1 , 1 , 1 , 1 
 316 , 1 , 1 , 1 , 1 , 1 
 317 , 1 , 1 , 1 , 1 , 1 
 318 , 0 , 1 , 1 , 1 , 1 
 319 , 0 , 1 , 1 , 1 , 1 
 320 , 0 , 1 , 1 , 1 , 1 
 321 , 0 , 1 , 1 , 1 , 1 
 322 , 0 , 1 , 1 , 1 , 1 
 323 , 0 , 1 , 1 , 1 , 1 
 324 , 0 , 1 , 1 , 1 , 1 
 325 , 1 , 0 , 1 , 1 , 1 
 326 , 1 , 0 , 1 , 1 , 1 
 327 , 1 , 0 , 1 , 1 , 1 
 328 , 0 , 0 , 0 , 0 , 0 
 329 , 0 , 0 , 0 , 0 , 0 
 330 , 0 , 0 , 0 , 0 , 0 
 331 , 0 , 0 , 0 , 0 , 0 
 332 , 0 , 0 , 0 , 0 , 0 
 333 , 0 , 0 , 0 , 0 , 0 
 334 , 0 , 0 , 0 , 0 , 0 
 335 , 0 , 0 , 0 , 0 , 0 
 336 , 0 , 0 , 0 , 0 , 0 
 337 , 0 , 0 , 0 , 0 , 0 
 338 , 0 , 0 , 0 , 0 , 0 
 339 , 0.000391 , 0 , 0.000644 , 0.000907 , 0 
 340 , 0.000794 , 0 , 0.001219 , 0.001716 , 0 
 341 , 0.001127 , 0 , 0.001644 , 0.002315 , 0 
 342 , 0.001447 , 0 , 0.002161 , 0.002827 , 0 
 343 , 0.001754 , 0 , 0.00288 , 0.003282 , 0 
 344 , 0.002008 , 0 , 0.003611 , 0.003653 , 0 
 345 , 0.002249 , 0.000051 , 0.004297 , 0.00403 , 0 
 346 , 0.002803 , 0.000698 , 0.004601 , 0.00521 , 0 
 347 , 0.00331 , 0.001231 , 0.004806 , 0.006336 , 0 
 348 , 0.003774 , 0.001673 , 0.004948 , 0.007407 , 0 
 349 , 0.004397 , 0.002081 , 0.005678 , 0.007611 , 0.000057 
 350 , 0.005006 , 0.002426 , 0.006633 , 0.007438 , 0.000123 
 351 , 0.005511 , 0.002698 , 0.007551 , 0.007242 , 0.000173 
 352 , 0.005899 , 0.002903 , 0.00811 , 0.007251 , 0.000289 
 353 , 0.006171 , 0.003051 , 0.008063 , 0.007675 , 0.000556 
 354 , 0.006412 , 0.003178 , 0.008073 , 0.008053 , 0.000811 
 355 , 0.006629 , 0.00329 , 0.008115 , 0.008394 , 0.001053 
 356 , 0.006663 , 0.003402 , 0.007848 , 0.009176 , 0.001327 
 357 , 0.006679 , 0.003509 , 0.007583 , 0.009966 , 0.0016 
 358 , 0.006687 , 0.003611 , 0.007335 , 0.01074 , 0.001868 
 359 , 0.006932 , 0.003868 , 0.007535 , 0.01101 , 0.00209 
 360 , 0.007343 , 0.004203 , 0.008056 , 0.010915 , 0.002271 
 361 , 0.007738 , 0.004497 , 0.008565 , 0.010827 , 0.00244 
 362 , 0.007985 , 0.004748 , 0.009006 , 0.010737 , 0.002588 
 363 , 0.007697 , 0.004945 , 0.009195 , 0.010601 , 0.002677 
 364 , 0.007444 , 0.00513 , 0.009366 , 0.010473 , 0.002753 
 365 , 0.00722 , 0.005305 , 0.009521 , 0.010351 , 0.002818 
 366 , 0.007491 , 0.005408 , 0.009875 , 0.010617 , 0.002892 
 367 , 0.007868 , 0.005488 , 0.010267 , 0.010959 , 0.002967 
 368 , 0.008238 , 0.005555 , 0.010647 , 0.011286 , 0.00304 
 369 , 0.008428 , 0.005585 , 0.010774 , 0.011482 , 0.003193 
 370 , 0.008393 , 0.005577 , 0.010604 , 0.011521 , 0.003453 
 371 , 0.008347 , 0.005574 , 0.010465 , 0.011564 , 0.003721 
 372 , 0.008309 , 0.005583 , 0.010357 , 0.011628 , 0.003984 
 373 , 0.008508 , 0.005709 , 0.010451 , 0.011959 , 0.004132 
 374 , 0.00867 , 0.005826 , 0.010494 , 0.01225 , 0.004267 
 375 , 0.008803 , 0.005937 , 0.010499 , 0.012512 , 0.004391 
 376 , 0.00897 , 0.006129 , 0.01066 , 0.012405 , 0.004202 
 377 , 0.009179 , 0.006341 , 0.010892 , 0.012173 , 0.003929 
 378 , 0.00941 , 0.006542 , 0.011129 , 0.011964 , 0.003692 
 379 , 0.009538 , 0.006642 , 0.011208 , 0.011879 , 0.003624 
 380 , 0.009416 , 0.00655 , 0.01097 , 0.012018 , 0.003855 
 381 , 0.009274 , 0.006463 , 0.010746 , 0.012154 , 0.004074 
 382 , 0.009119 , 0.006378 , 0.010527 , 0.012291 , 0.004289 
 383 , 0.009054 , 0.006315 , 0.010554 , 0.012456 , 0.004204 
 384 , 0.009006 , 0.006258 , 0.010614 , 0.012618 , 0.004114 
 385 , 0.008965 , 0.006203 , 0.010685 , 0.012779 , 0.004027 
 386 , 0.009034 , 0.006348 , 0.01086 , 0.012913 , 0.004172 
 387 , 0.009171 , 0.006621 , 0.011094 , 0.013025 , 0.004465 
 388 , 0.009302 , 0.00688 , 0.011314 , 0.013134 , 0.004746 
 389 , 0.009445 , 0.007073 , 0.011494 , 0.013256 , 0.004966 
 390 , 0.009644 , 0.007067 , 0.01156 , 0.013431 , 0.005007 
 391 , 0.009838 , 0.007063 , 0.011625 , 0.013603 , 0.005048 
 392 , 0.010023 , 0.007062 , 0.011691 , 0.013768 , 0.00509 
 393 , 0.010294 , 0.00716 , 0.011879 , 0.013864 , 0.00529 
 394 , 0.010561 , 0.007268 , 0.012075 , 0.013945 , 0.005504 
 395 , 0.010807 , 0.007367 , 0.012255 , 0.01402 , 0.005701 
 396 , 0.010951 , 0.007624 , 0.012536 , 0.014311 , 0.006003 
 397 , 0.010995 , 0.008011 , 0.012893 , 0.014783 , 0.006387 
 398 , 0.011032 , 0.008348 , 0.013204 , 0.015193 , 0.006722 
 399 , 0.011098 , 0.008629 , 0.013477 , 0.01555 , 0.007002 
 400 , 0.011395 , 0.008769 , 0.013748 , 0.015824 , 0.007162 
 401 , 0.01166 , 0.008895 , 0.013986 , 0.016066 , 0.007302 
 402 , 0.011895 , 0.009005 , 0.014202 , 0.016281 , 0.007429 
 403 , 0.01206 , 0.009156 , 0.014384 , 0.016411 , 0.007537 
 404 , 0.012192 , 0.00931 , 0.014547 , 0.016506 , 0.00764 
 405 , 0.012317 , 0.009455 , 0.014699 , 0.016596 , 0.007735 
 406 , 0.012432 , 0.009579 , 0.014806 , 0.016734 , 0.007879 
 407 , 0.012532 , 0.009678 , 0.014838 , 0.016957 , 0.008114 
 408 , 0.012628 , 0.009769 , 0.014866 , 0.017168 , 0.008338 
 409 , 0.01272 , 0.009857 , 0.014897 , 0.017367 , 0.008546 
 410 , 0.01288 , 0.010025 , 0.015089 , 0.017497 , 0.008606 
 411 , 0.013031 , 0.010184 , 0.015271 , 0.017623 , 0.008664 
 412 , 0.013173 , 0.010334 , 0.015445 , 0.017737 , 0.008718 
 413 , 0.013312 , 0.01052 , 0.015643 , 0.017929 , 0.008857 
 414 , 0.013448 , 0.010724 , 0.015857 , 0.018149 , 0.009041 
 415 , 0.013577 , 0.010919 , 0.01606 , 0.018362 , 0.009217 
 416 , 0.013727 , 0.011066 , 0.01624 , 0.018556 , 0.009355 
 417 , 0.013938 , 0.011112 , 0.016377 , 0.018719 , 0.009412 
 418 , 0.014141 , 0.011157 , 0.016511 , 0.018874 , 0.009466 
 419 , 0.014337 , 0.011203 , 0.01664 , 0.019024 , 0.009518 
 420 , 0.014512 , 0.011355 , 0.016783 , 0.019194 , 0.009651 
 421 , 0.014678 , 0.01152 , 0.016918 , 0.01936 , 0.00979 
 422 , 0.014843 , 0.011681 , 0.017056 , 0.019524 , 0.009925 
 423 , 0.01498 , 0.011812 , 0.017181 , 0.019794 , 0.010044 
 424 , 0.015099 , 0.01192 , 0.017305 , 0.020153 , 0.010154 
 425 , 0.015217 , 0.012029 , 0.017424 , 0.02051 , 0.010265 
 426 , 0.015347 , 0.012137 , 0.017551 , 0.020784 , 0.010359 
 427 , 0.015533 , 0.012237 , 0.017722 , 0.020663 , 0.010372 
 428 , 0.01572 , 0.012342 , 0.01789 , 0.02054 , 0.010388 
 429 , 0.015903 , 0.012443 , 0.018058 , 0.020419 , 0.010404 
 430 , 0.016162 , 0.012633 , 0.018336 , 0.020671 , 0.010545 
 431 , 0.016438 , 0.012841 , 0.018636 , 0.021013 , 0.010718 
 432 , 0.01671 , 0.01305 , 0.018932 , 0.021347 , 0.010892 
 433 , 0.017048 , 0.013305 , 0.019283 , 0.021783 , 0.011107 
 434 , 0.017477 , 0.01362 , 0.019711 , 0.022352 , 0.011378 
 435 , 0.017903 , 0.013934 , 0.020134 , 0.022916 , 0.011649 
 436 , 0.018328 , 0.014255 , 0.020562 , 0.023475 , 0.011922 
 437 , 0.018771 , 0.014658 , 0.021066 , 0.023926 , 0.012235 
 438 , 0.01921 , 0.015063 , 0.021567 , 0.024374 , 0.012545 
 439 , 0.019652 , 0.015464 , 0.022072 , 0.024826 , 0.012857 
 440 , 0.020026 , 0.015799 , 0.022502 , 0.025263 , 0.013099 
 441 , 0.02037 , 0.016104 , 0.0229 , 0.025703 , 0.013305 
 442 , 0.020716 , 0.01641 , 0.023295 , 0.026137 , 0.013516 
 443 , 0.021074 , 0.016673 , 0.023658 , 0.026541 , 0.013702 
 444 , 0.02146 , 0.016862 , 0.023964 , 0.026891 , 0.013847 
 445 , 0.021843 , 0.01705 , 0.024267 , 0.027241 , 0.013992 
 446 , 0.02223 , 0.017239 , 0.024571 , 0.027588 , 0.014137 
 447 , 0.022386 , 0.017463 , 0.024812 , 0.027854 , 0.014341 
 448 , 0.022533 , 0.017683 , 0.025059 , 0.028118 , 0.014538 
 449 , 0.022685 , 0.0179 , 0.025302 , 0.028383 , 0.014743 
 450 , 0.02283 , 0.018046 , 0.025465 , 0.028545 , 0.014848 
 451 , 0.022972 , 0.018146 , 0.025586 , 0.028652 , 0.014891 
 452 , 0.023108 , 0.018246 , 0.025703 , 0.028758 , 0.014934 
 453 , 0.023225 , 0.018318 , 0.025799 , 0.028807 , 0.014946 
 454 , 0.023262 , 0.018328 , 0.025826 , 0.028695 , 0.014857 
 455 , 0.023298 , 0.018333 , 0.025857 , 0.028589 , 0.014769 
 456 , 0.023334 , 0.018342 , 0.025888 , 0.028477 , 0.014681 
 457 , 0.023252 , 0.018301 , 0.025822 , 0.028476 , 0.014719 
 458 , 0.023157 , 0.018255 , 0.025751 , 0.028486 , 0.014777 
 459 , 0.023057 , 0.018203 , 0.025681 , 0.0285 , 0.014835 
 460 , 0.022976 , 0.018139 , 0.025598 , 0.028425 , 0.01481 
 461 , 0.0229 , 0.018059 , 0.025504 , 0.028276 , 0.014722 
 462 , 0.022824 , 0.017978 , 0.025404 , 0.028122 , 0.014635 
 463 , 0.022736 , 0.017907 , 0.025303 , 0.027968 , 0.014547 
 464 , 0.022586 , 0.017889 , 0.025166 , 0.027799 , 0.014457 
 465 , 0.022431 , 0.017869 , 0.025028 , 0.027631 , 0.014372 
 466 , 0.022281 , 0.017853 , 0.024891 , 0.027458 , 0.014286 
 467 , 0.022208 , 0.01772 , 0.024782 , 0.027327 , 0.014228 
 468 , 0.022155 , 0.017556 , 0.02468 , 0.027206 , 0.014173 
 469 , 0.022101 , 0.017397 , 0.024579 , 0.027085 , 0.014117 
 470 , 0.022071 , 0.017305 , 0.024509 , 0.027027 , 0.014086 
 471 , 0.02206 , 0.017293 , 0.024484 , 0.027036 , 0.014084 
 472 , 0.022054 , 0.017282 , 0.024455 , 0.02705 , 0.014081 
 473 , 0.022048 , 0.017285 , 0.02444 , 0.027073 , 0.014088 
 474 , 0.022087 , 0.017395 , 0.024528 , 0.027192 , 0.014171 
 475 , 0.022123 , 0.017507 , 0.024614 , 0.02731 , 0.014258 
 476 , 0.022162 , 0.017623 , 0.0247 , 0.027428 , 0.01434 
 477 , 0.022227 , 0.017686 , 0.024804 , 0.027468 , 0.014333 
 478 , 0.02231 , 0.017736 , 0.024917 , 0.02748 , 0.01429 
 479 , 0.022389 , 0.017781 , 0.025029 , 0.027487 , 0.014246 
 480 , 0.022416 , 0.017798 , 0.025093 , 0.027463 , 0.01423 
 481 , 0.022353 , 0.017767 , 0.025071 , 0.02739 , 0.014257 
 482 , 0.022285 , 0.017731 , 0.025052 , 0.027312 , 0.014288 
 483 , 0.022221 , 0.017695 , 0.025034 , 0.02724 , 0.014314 
 484 , 0.02214 , 0.017615 , 0.024953 , 0.027237 , 0.014337 
 485 , 0.022057 , 0.017534 , 0.024874 , 0.02723 , 0.014362 
 486 , 0.021974 , 0.017457 , 0.024794 , 0.027223 , 0.014386 
 487 , 0.022086 , 0.017526 , 0.024876 , 0.02734 , 0.014449 
 488 , 0.022291 , 0.017677 , 0.02504 , 0.027515 , 0.014536 
 489 , 0.022501 , 0.017824 , 0.025205 , 0.02769 , 0.014618 
 490 , 0.022724 , 0.018025 , 0.025426 , 0.027909 , 0.014725 
 491 , 0.022978 , 0.018338 , 0.02578 , 0.028227 , 0.01488 
 492 , 0.023229 , 0.018648 , 0.026132 , 0.028543 , 0.015031 
 493 , 0.023486 , 0.01896 , 0.026486 , 0.028865 , 0.015183 
 494 , 0.023831 , 0.019173 , 0.026873 , 0.029217 , 0.015394 
 495 , 0.024192 , 0.019388 , 0.027264 , 0.029565 , 0.015604 
 496 , 0.024545 , 0.019598 , 0.027652 , 0.029915 , 0.015821 
 497 , 0.02488 , 0.019848 , 0.028009 , 0.030282 , 0.016045 
 498 , 0.0252 , 0.020135 , 0.028343 , 0.030662 , 0.016277 
 499 , 0.025522 , 0.020418 , 0.028678 , 0.031038 , 0.01651 
 500 , 0.025895 , 0.020743 , 0.029055 , 0.031457 , 0.016754 
 501 , 0.026457 , 0.021216 , 0.029577 , 0.032024 , 0.017048 
 502 , 0.027024 , 0.021688 , 0.030098 , 0.032592 , 0.017344 
 503 , 0.027585 , 0.022158 , 0.030622 , 0.033158 , 0.017637 
 504 , 0.028349 , 0.022778 , 0.031369 , 0.033829 , 0.01794 
 505 , 0.02914 , 0.023413 , 0.032154 , 0.034513 , 0.018246 
 506 , 0.029928 , 0.02405 , 0.032942 , 0.035202 , 0.018548 
 507 , 0.030744 , 0.024761 , 0.03372 , 0.03597 , 0.018922 
 508 , 0.031586 , 0.025541 , 0.034491 , 0.03681 , 0.019361 
 509 , 0.03243 , 0.026319 , 0.035262 , 0.037653 , 0.019793 
 510 , 0.033286 , 0.027093 , 0.036039 , 0.038497 , 0.020218 
 511 , 0.034234 , 0.027809 , 0.036853 , 0.039325 , 0.02057 
 512 , 0.035186 , 0.028527 , 0.03767 , 0.040155 , 0.020914 
 513 , 0.036129 , 0.029246 , 0.038483 , 0.040986 , 0.021265 
 514 , 0.037281 , 0.030267 , 0.039495 , 0.041974 , 0.021709 
 515 , 0.038481 , 0.031353 , 0.040554 , 0.043005 , 0.022177 
 516 , 0.039684 , 0.032446 , 0.041611 , 0.044033 , 0.022642 
 517 , 0.04109 , 0.03367 , 0.042834 , 0.04525 , 0.023183 
 518 , 0.04274 , 0.035058 , 0.04426 , 0.046686 , 0.023805 
 519 , 0.044387 , 0.03645 , 0.045684 , 0.048121 , 0.024428 
 520 , 0.046063 , 0.037868 , 0.047129 , 0.049586 , 0.025068 
 521 , 0.047998 , 0.03952 , 0.048778 , 0.051326 , 0.025836 
 522 , 0.049936 , 0.041175 , 0.050424 , 0.053071 , 0.02661 
 523 , 0.051875 , 0.042828 , 0.052071 , 0.054813 , 0.027384 
 524 , 0.053838 , 0.044554 , 0.053804 , 0.056636 , 0.028185 
 525 , 0.055812 , 0.046304 , 0.055572 , 0.058491 , 0.029005 
 526 , 0.057787 , 0.048057 , 0.057336 , 0.060343 , 0.029819 
 527 , 0.059789 , 0.049766 , 0.05907 , 0.062138 , 0.030596 
 528 , 0.061829 , 0.051418 , 0.060738 , 0.063848 , 0.031322 
 529 , 0.063868 , 0.05307 , 0.062414 , 0.065555 , 0.032044 
 530 , 0.065899 , 0.054713 , 0.064076 , 0.067253 , 0.032763 
 531 , 0.067642 , 0.056195 , 0.065615 , 0.068783 , 0.033414 
 532 , 0.069384 , 0.05768 , 0.067156 , 0.07032 , 0.034071 
 533 , 0.071127 , 0.059158 , 0.068701 , 0.071855 , 0.034727 
 534 , 0.072554 , 0.060367 , 0.069911 , 0.073151 , 0.035279 
 535 , 0.073841 , 0.061455 , 0.070965 , 0.074341 , 0.035782 
 536 , 0.075125 , 0.062544 , 0.072013 , 0.075533 , 0.036296 
 537 , 0.076344 , 0.063575 , 0.073057 , 0.076642 , 0.036753 
 538 , 0.07742 , 0.06449 , 0.07408 , 0.077566 , 0.037119 
 539 , 0.078496 , 0.065405 , 0.075108 , 0.078496 , 0.037481 
 540 , 0.079578 , 0.066312 , 0.076137 , 0.079418 , 0.037844 
 541 , 0.080553 , 0.067203 , 0.07703 , 0.080263 , 0.038196 
 542 , 0.08153 , 0.068094 , 0.077925 , 0.081103 , 0.038548 
 543 , 0.082512 , 0.068983 , 0.078818 , 0.081946 , 0.038902 
 544 , 0.083439 , 0.069758 , 0.079661 , 0.082766 , 0.039226 
 545 , 0.084334 , 0.070451 , 0.080484 , 0.083571 , 0.039526 
 546 , 0.085233 , 0.071148 , 0.081311 , 0.084375 , 0.039827 
 547 , 0.086047 , 0.071783 , 0.082058 , 0.085111 , 0.040116 
 548 , 0.086634 , 0.072269 , 0.082641 , 0.085674 , 0.040397 
 549 , 0.087221 , 0.07276 , 0.083225 , 0.086244 , 0.040678 
 550 , 0.08781 , 0.073247 , 0.083803 , 0.086815 , 0.040967 
 551 , 0.088067 , 0.073502 , 0.084082 , 0.087069 , 0.04111 
 552 , 0.088302 , 0.073743 , 0.084336 , 0.087302 , 0.041246 
 553 , 0.088538 , 0.073984 , 0.084591 , 0.087536 , 0.041375 
 554 , 0.088532 , 0.073963 , 0.084682 , 0.087502 , 0.041354 
 555 , 0.088347 , 0.073745 , 0.084666 , 0.087269 , 0.041214 
 556 , 0.088161 , 0.073534 , 0.084643 , 0.087043 , 0.041074 
 557 , 0.087885 , 0.073267 , 0.084557 , 0.086773 , 0.040933 
 558 , 0.087288 , 0.072826 , 0.084229 , 0.086368 , 0.040802 
 559 , 0.086695 , 0.072383 , 0.083904 , 0.085958 , 0.040671 
 560 , 0.086103 , 0.071948 , 0.083573 , 0.085556 , 0.040542 
 561 , 0.085396 , 0.071335 , 0.083093 , 0.085079 , 0.040304 
 562 , 0.084674 , 0.070705 , 0.082585 , 0.084594 , 0.040046 
 563 , 0.083955 , 0.070071 , 0.082078 , 0.084109 , 0.039789 
 564 , 0.083103 , 0.069363 , 0.081538 , 0.08343 , 0.039502 
 565 , 0.082148 , 0.068593 , 0.080982 , 0.082587 , 0.0392 
 566 , 0.081191 , 0.06782 , 0.080422 , 0.081734 , 0.038898 
 567 , 0.080208 , 0.06702 , 0.079832 , 0.080888 , 0.038579 
 568 , 0.079077 , 0.066115 , 0.079064 , 0.080042 , 0.038203 
 569 , 0.077951 , 0.065211 , 0.078291 , 0.079198 , 0.037831 
 570 , 0.076827 , 0.064312 , 0.077521 , 0.078358 , 0.037454 
 571 , 0.075684 , 0.063279 , 0.076721 , 0.077417 , 0.037076 
 572 , 0.074544 , 0.062229 , 0.075913 , 0.076456 , 0.036703 
 573 , 0.0734 , 0.061175 , 0.075108 , 0.075501 , 0.036326 
 574 , 0.072247 , 0.060207 , 0.074358 , 0.074591 , 0.035969 
 575 , 0.07108 , 0.05932 , 0.073662 , 0.073731 , 0.035637 
 576 , 0.069917 , 0.058433 , 0.072963 , 0.07287 , 0.035306 
 577 , 0.068774 , 0.057546 , 0.072264 , 0.072011 , 0.034968 
 578 , 0.067798 , 0.056627 , 0.071542 , 0.071163 , 0.034586 
 579 , 0.066826 , 0.055707 , 0.07082 , 0.070323 , 0.034201 
 580 , 0.06585 , 0.054788 , 0.070094 , 0.069481 , 0.033812 
 581 , 0.064782 , 0.053848 , 0.06928 , 0.068476 , 0.033368 
 582 , 0.063684 , 0.052905 , 0.068442 , 0.067434 , 0.032903 
 583 , 0.062589 , 0.051958 , 0.067607 , 0.066393 , 0.032441 
 584 , 0.061417 , 0.050977 , 0.066657 , 0.065324 , 0.031961 
 585 , 0.060151 , 0.04995 , 0.065565 , 0.064233 , 0.031448 
 586 , 0.058892 , 0.048926 , 0.064473 , 0.063143 , 0.030937 
 587 , 0.057657 , 0.047913 , 0.063404 , 0.062059 , 0.030434 
 588 , 0.056636 , 0.047017 , 0.062525 , 0.061033 , 0.02995 
 589 , 0.055617 , 0.046128 , 0.061653 , 0.060005 , 0.029468 
 590 , 0.054596 , 0.045241 , 0.060774 , 0.05898 , 0.028983 
 591 , 0.053793 , 0.044555 , 0.06013 , 0.058217 , 0.028614 
 592 , 0.053058 , 0.043924 , 0.059551 , 0.05753 , 0.028282 
 593 , 0.052322 , 0.043299 , 0.058974 , 0.056847 , 0.027952 
 594 , 0.051699 , 0.042722 , 0.058465 , 0.05625 , 0.027667 
 595 , 0.05124 , 0.042226 , 0.058065 , 0.055793 , 0.027454 
 596 , 0.050783 , 0.041738 , 0.05766 , 0.055333 , 0.027241 
 597 , 0.050322 , 0.041253 , 0.057261 , 0.054875 , 0.02703 
 598 , 0.049849 , 0.04084 , 0.05693 , 0.054429 , 0.026839 
 599 , 0.049369 , 0.040419 , 0.056603 , 0.053988 , 0.026648 
 600 , 0.048891 , 0.040005 , 0.056271 , 0.053543 , 0.026463 
 601 , 0.048443 , 0.039597 , 0.055948 , 0.053168 , 0.026296 
 602 , 0.048005 , 0.039196 , 0.055618 , 0.052825 , 0.026141 
 603 , 0.047574 , 0.038798 , 0.055289 , 0.052472 , 0.025986 
 604 , 0.047156 , 0.038378 , 0.054974 , 0.05209 , 0.025798 
 605 , 0.046774 , 0.037944 , 0.054684 , 0.051642 , 0.02555 
 606 , 0.046389 , 0.037507 , 0.054399 , 0.051196 , 0.025304 
 607 , 0.045997 , 0.037067 , 0.054105 , 0.050747 , 0.025058 
 608 , 0.045492 , 0.036651 , 0.053759 , 0.05033 , 0.02495 
 609 , 0.044986 , 0.036229 , 0.053412 , 0.049908 , 0.024837 
 610 , 0.044481 , 0.035809 , 0.053061 , 0.049491 , 0.024724 
 611 , 0.044003 , 0.035383 , 0.052713 , 0.049135 , 0.024579 
 612 , 0.043533 , 0.034953 , 0.052359 , 0.048818 , 0.024418 
 613 , 0.043065 , 0.034523 , 0.052001 , 0.048491 , 0.024258 
 614 , 0.042635 , 0.034172 , 0.051706 , 0.048189 , 0.024123 
 615 , 0.0423 , 0.033969 , 0.051526 , 0.047914 , 0.024029 
 616 , 0.04196 , 0.03377 , 0.051347 , 0.047635 , 0.023937 
 617 , 0.041619 , 0.033566 , 0.051167 , 0.047356 , 0.023845 
 618 , 0.041327 , 0.033358 , 0.051045 , 0.047151 , 0.023755 
 619 , 0.041028 , 0.033149 , 0.050909 , 0.046941 , 0.02366 
 620 , 0.040728 , 0.03294 , 0.050774 , 0.046727 , 0.02357 
 621 , 0.040526 , 0.032759 , 0.050654 , 0.04659 , 0.023494 
 622 , 0.040374 , 0.032594 , 0.050549 , 0.046494 , 0.023427 
 623 , 0.040222 , 0.032424 , 0.050439 , 0.046392 , 0.023359 
 624 , 0.040057 , 0.032294 , 0.050391 , 0.046317 , 0.023334 
 625 , 0.039868 , 0.03224 , 0.050445 , 0.046299 , 0.02339 
 626 , 0.039671 , 0.032182 , 0.050501 , 0.046278 , 0.023447 
 627 , 0.039478 , 0.032125 , 0.050553 , 0.046257 , 0.023504 
 628 , 0.039423 , 0.032073 , 0.050541 , 0.046253 , 0.023479 
 629 , 0.03937 , 0.032022 , 0.050527 , 0.04625 , 0.023448 
 630 , 0.039322 , 0.031976 , 0.050514 , 0.046247 , 0.023418 
 631 , 0.03929 , 0.031936 , 0.050576 , 0.04618 , 0.023378 
 632 , 0.039267 , 0.031895 , 0.050679 , 0.046073 , 0.023332 
 633 , 0.039244 , 0.031859 , 0.050783 , 0.045964 , 0.023285 
 634 , 0.039149 , 0.031779 , 0.050799 , 0.045863 , 0.023257 
 635 , 0.038908 , 0.031618 , 0.050644 , 0.04579 , 0.023267 
 636 , 0.038662 , 0.03146 , 0.050485 , 0.045713 , 0.023275 
 637 , 0.038415 , 0.031303 , 0.05032 , 0.04564 , 0.023288 
 638 , 0.038205 , 0.031068 , 0.050125 , 0.045425 , 0.023238 
 639 , 0.037996 , 0.030835 , 0.049933 , 0.0452 , 0.02318 
 640 , 0.03779 , 0.030601 , 0.049746 , 0.044974 , 0.023127 
 641 , 0.037479 , 0.030319 , 0.049417 , 0.044679 , 0.023055 
 642 , 0.037111 , 0.030016 , 0.049017 , 0.044343 , 0.022966 
 643 , 0.036736 , 0.029708 , 0.048615 , 0.044006 , 0.022882 
 644 , 0.036346 , 0.029386 , 0.048186 , 0.043657 , 0.022786 
 645 , 0.035924 , 0.029022 , 0.047673 , 0.043275 , 0.022683 
 646 , 0.035495 , 0.028658 , 0.04716 , 0.042896 , 0.022578 
 647 , 0.03506 , 0.028289 , 0.046641 , 0.04251 , 0.022474 
 648 , 0.034632 , 0.02803 , 0.046155 , 0.042177 , 0.022386 
 649 , 0.034202 , 0.027771 , 0.045664 , 0.041838 , 0.022298 
 650 , 0.033766 , 0.027507 , 0.045172 , 0.041494 , 0.022206 
 651 , 0.033367 , 0.027262 , 0.044735 , 0.041199 , 0.022147 
 652 , 0.032995 , 0.027018 , 0.044333 , 0.040939 , 0.022109 
 653 , 0.032613 , 0.026773 , 0.043925 , 0.040674 , 0.022072 
 654 , 0.032241 , 0.026521 , 0.043508 , 0.040379 , 0.022022 
 655 , 0.031898 , 0.02626 , 0.043065 , 0.040008 , 0.021937 
 656 , 0.031553 , 0.025997 , 0.04262 , 0.039636 , 0.021846 
 657 , 0.031208 , 0.025734 , 0.042175 , 0.039264 , 0.021755 
 658 , 0.030838 , 0.025521 , 0.041696 , 0.039018 , 0.021701 
 659 , 0.030473 , 0.025315 , 0.04122 , 0.038772 , 0.021652 
 660 , 0.030107 , 0.025105 , 0.040742 , 0.038526 , 0.021603 
 661 , 0.029716 , 0.024905 , 0.040188 , 0.038269 , 0.02161 
 662 , 0.029311 , 0.024706 , 0.039595 , 0.038004 , 0.021648 
 663 , 0.028901 , 0.024507 , 0.039007 , 0.037744 , 0.021686 
 664 , 0.028542 , 0.024327 , 0.038476 , 0.037474 , 0.021691 
 665 , 0.028295 , 0.024168 , 0.038059 , 0.037171 , 0.021624 
 666 , 0.028042 , 0.024011 , 0.037643 , 0.036859 , 0.021559 
 667 , 0.027794 , 0.023854 , 0.037231 , 0.036551 , 0.021493 
 668 , 0.027583 , 0.023731 , 0.036941 , 0.036355 , 0.021496 
 669 , 0.027367 , 0.023613 , 0.036666 , 0.036164 , 0.0215 
 670 , 0.027154 , 0.023494 , 0.03639 , 0.035973 , 0.021508 
 671 , 0.027061 , 0.023437 , 0.036207 , 0.035894 , 0.021543 
 672 , 0.027034 , 0.023412 , 0.036073 , 0.03587 , 0.021583 
 673 , 0.027008 , 0.023391 , 0.035943 , 0.035846 , 0.021628 
 674 , 0.027017 , 0.023416 , 0.03588 , 0.03586 , 0.021694 
 675 , 0.027105 , 0.023559 , 0.035986 , 0.03596 , 0.021806 
 676 , 0.027197 , 0.023701 , 0.036094 , 0.036068 , 0.021923 
 677 , 0.027284 , 0.02385 , 0.036202 , 0.036172 , 0.02204 
 678 , 0.027603 , 0.024101 , 0.03662 , 0.036538 , 0.02218 
 679 , 0.027935 , 0.024357 , 0.037052 , 0.036923 , 0.022318 
 680 , 0.028269 , 0.02462 , 0.037492 , 0.037311 , 0.022457 
 681 , 0.028906 , 0.025065 , 0.038309 , 0.03792 , 0.022658 
 682 , 0.029724 , 0.025623 , 0.039373 , 0.038666 , 0.022895 
 683 , 0.03056 , 0.026188 , 0.040452 , 0.039425 , 0.023144 
 684 , 0.031581 , 0.026928 , 0.0418 , 0.040402 , 0.023485 
 685 , 0.033049 , 0.02808 , 0.043798 , 0.041908 , 0.02406 
 686 , 0.03455 , 0.029256 , 0.045831 , 0.043443 , 0.024642 
 687 , 0.036069 , 0.030446 , 0.047895 , 0.045002 , 0.025242 
 688 , 0.038576 , 0.032269 , 0.051055 , 0.047406 , 0.026088 
 689 , 0.041117 , 0.034113 , 0.054255 , 0.049848 , 0.026947 
 690 , 0.043667 , 0.035954 , 0.057453 , 0.052287 , 0.027808 
 691 , 0.04685 , 0.038377 , 0.061375 , 0.055281 , 0.028931 
 692 , 0.050409 , 0.041138 , 0.065708 , 0.058579 , 0.030207 
 693 , 0.053932 , 0.043868 , 0.070002 , 0.061845 , 0.031465 
 694 , 0.057743 , 0.046755 , 0.074466 , 0.065331 , 0.032803 
 695 , 0.062297 , 0.050062 , 0.079392 , 0.069415 , 0.034334 
 696 , 0.066798 , 0.053327 , 0.08425 , 0.073456 , 0.035854 
 697 , 0.07124 , 0.056553 , 0.089052 , 0.077446 , 0.037353 
 698 , 0.076581 , 0.06041 , 0.094435 , 0.082074 , 0.039091 
 699 , 0.081911 , 0.064259 , 0.099794 , 0.086679 , 0.040822 
 700 , 0.08719 , 0.068065 , 0.105102 , 0.091238 , 0.042533 
 701 , 0.092807 , 0.072068 , 0.110526 , 0.096068 , 0.044381 
 702 , 0.098604 , 0.076164 , 0.116007 , 0.101038 , 0.046298 
 703 , 0.104343 , 0.080214 , 0.121433 , 0.105953 , 0.048196 
 704 , 0.110156 , 0.08425 , 0.126789 , 0.110863 , 0.050091 
 705 , 0.116248 , 0.088313 , 0.132067 , 0.115805 , 0.052 
 706 , 0.122298 , 0.092353 , 0.137304 , 0.120715 , 0.053897 
 707 , 0.128317 , 0.096371 , 0.14251 , 0.125591 , 0.055779 
 708 , 0.134182 , 0.100251 , 0.147399 , 0.130374 , 0.057694 
 709 , 0.140047 , 0.104133 , 0.152314 , 0.135178 , 0.059621 
 710 , 0.145932 , 0.108027 , 0.157243 , 0.139997 , 0.061553 
 711 , 0.15165 , 0.11183 , 0.161795 , 0.14468 , 0.063467 
 712 , 0.157357 , 0.11564 , 0.166194 , 0.149344 , 0.065404 
 713 , 0.16317 , 0.119521 , 0.170673 , 0.154094 , 0.067376 
 714 , 0.169082 , 0.123393 , 0.175174 , 0.158862 , 0.069363 
 715 , 0.175117 , 0.127144 , 0.179646 , 0.163556 , 0.071328 
 716 , 0.181299 , 0.130966 , 0.184226 , 0.168348 , 0.073335 
 717 , 0.187626 , 0.134881 , 0.188909 , 0.173261 , 0.075389 
 718 , 0.193861 , 0.13876 , 0.193407 , 0.178088 , 0.077428 
 719 , 0.200187 , 0.14272 , 0.197968 , 0.182992 , 0.079506 
 720 , 0.206614 , 0.146746 , 0.202607 , 0.187972 , 0.081619 
 721 , 0.212823 , 0.150568 , 0.206997 , 0.192796 , 0.083621 
 722 , 0.218937 , 0.154245 , 0.211239 , 0.197579 , 0.085566 
 723 , 0.225082 , 0.157933 , 0.215497 , 0.202377 , 0.087522 
 724 , 0.231131 , 0.161587 , 0.219672 , 0.20706 , 0.089469 
 725 , 0.236922 , 0.16515 , 0.22365 , 0.211425 , 0.091374 
 726 , 0.242693 , 0.168708 , 0.227621 , 0.215765 , 0.093274 
 727 , 0.248439 , 0.172248 , 0.231574 , 0.22008 , 0.095162 
 728 , 0.25368 , 0.17536 , 0.23511 , 0.22409 , 0.09682 
 729 , 0.258838 , 0.178428 , 0.238593 , 0.228054 , 0.098446 
 730 , 0.263934 , 0.181461 , 0.242031 , 0.231974 , 0.100055 
 731 , 0.268653 , 0.184223 , 0.245203 , 0.235474 , 0.10147 
 732 , 0.273152 , 0.186868 , 0.248232 , 0.238732 , 0.102788 
 733 , 0.277593 , 0.189479 , 0.251222 , 0.241949 , 0.104094 
 734 , 0.281712 , 0.191924 , 0.253988 , 0.244988 , 0.105361 
 735 , 0.2853 , 0.194074 , 0.256371 , 0.247781 , 0.106587 
 736 , 0.288859 , 0.196203 , 0.258724 , 0.250566 , 0.107811 
 737 , 0.29238 , 0.198307 , 0.261053 , 0.253318 , 0.109022 
 738 , 0.295398 , 0.200057 , 0.263022 , 0.255635 , 0.110074 
 739 , 0.298442 , 0.201801 , 0.264987 , 0.257923 , 0.111118 
 740 , 0.301483 , 0.203546 , 0.266947 , 0.260213 , 0.11216 
 741 , 0.304041 , 0.205022 , 0.268584 , 0.262068 , 0.112984 
 742 , 0.306356 , 0.20639 , 0.270122 , 0.263757 , 0.11371 
 743 , 0.308682 , 0.207761 , 0.271667 , 0.265445 , 0.114437 
 744 , 0.31081 , 0.208998 , 0.273067 , 0.267028 , 0.115107 
 745 , 0.312624 , 0.210013 , 0.274186 , 0.268412 , 0.115682 
 746 , 0.314448 , 0.211045 , 0.275301 , 0.269803 , 0.116261 
 747 , 0.316264 , 0.212063 , 0.276408 , 0.27118 , 0.116834 
 748 , 0.31747 , 0.212698 , 0.277147 , 0.271944 , 0.117191 
 749 , 0.318685 , 0.213347 , 0.277916 , 0.272738 , 0.117573 
 750 , 0.319925 , 0.214011 , 0.278707 , 0.273543 , 0.117964 
 751 , 0.32073 , 0.214571 , 0.279304 , 0.274157 , 0.118291 
 752 , 0.321496 , 0.215096 , 0.279845 , 0.274754 , 0.118605 
 753 , 0.322297 , 0.215654 , 0.280413 , 0.275384 , 0.118932 
 754 , 0.32293 , 0.216101 , 0.280899 , 0.275955 , 0.119307 
 755 , 0.323218 , 0.216353 , 0.281214 , 0.276404 , 0.119713 
 756 , 0.323517 , 0.216632 , 0.28155 , 0.276877 , 0.120146 
 757 , 0.323838 , 0.216925 , 0.281922 , 0.2774 , 0.120621 
 758 , 0.324034 , 0.217159 , 0.282381 , 0.277933 , 0.121181 
 759 , 0.324186 , 0.217409 , 0.282871 , 0.278487 , 0.121808 
 760 , 0.324353 , 0.217679 , 0.283404 , 0.279078 , 0.122488 
 761 , 0.324915 , 0.218198 , 0.28396 , 0.279809 , 0.122982 
 762 , 0.325767 , 0.21885 , 0.284609 , 0.280717 , 0.123431 
 763 , 0.326616 , 0.219498 , 0.285255 , 0.281625 , 0.123883 
 764 , 0.327678 , 0.220138 , 0.285925 , 0.28239 , 0.124148 
 765 , 0.328976 , 0.220728 , 0.286516 , 0.282879 , 0.124154 
 766 , 0.330208 , 0.221287 , 0.287046 , 0.283319 , 0.124155 
 767 , 0.331353 , 0.221808 , 0.28754 , 0.28374 , 0.124172 
 768 , 0.332294 , 0.222269 , 0.288025 , 0.284203 , 0.124294 
 769 , 0.333182 , 0.222729 , 0.288558 , 0.284708 , 0.124403 
 770 , 0.334032 , 0.223175 , 0.289065 , 0.285191 , 0.124513 
 771 , 0.334593 , 0.223468 , 0.289516 , 0.285704 , 0.124742 
 772 , 0.335023 , 0.223731 , 0.289906 , 0.286146 , 0.125001 
 773 , 0.335446 , 0.223991 , 0.290287 , 0.286578 , 0.125257 
 774 , 0.335806 , 0.22425 , 0.29065 , 0.286988 , 0.125512 
 775 , 0.336154 , 0.224457 , 0.291009 , 0.287358 , 0.125763 
 776 , 0.33653 , 0.224643 , 0.291372 , 0.28772 , 0.12601 
 777 , 0.336898 , 0.224842 , 0.291733 , 0.288083 , 0.126261 
 778 , 0.337203 , 0.22513 , 0.292058 , 0.288423 , 0.126526 
 779 , 0.337464 , 0.225446 , 0.292351 , 0.288773 , 0.126794 
 780 , 0.33773 , 0.22577 , 0.292643 , 0.289126 , 0.12707 
 781 , 0.338005 , 0.225983 , 0.2929 , 0.289332 , 0.127243 
 782 , 0.338325 , 0.2262 , 0.293232 , 0.289542 , 0.127386 
 783 , 0.338647 , 0.226424 , 0.293571 , 0.289754 , 0.12754 
 784 , 0.338907 , 0.22666 , 0.29386 , 0.290002 , 0.127721 
 785 , 0.339066 , 0.226873 , 0.294021 , 0.290261 , 0.127947 
 786 , 0.339217 , 0.227077 , 0.294168 , 0.290519 , 0.128176 
 787 , 0.339383 , 0.227279 , 0.294343 , 0.290799 , 0.128413 
 788 , 0.339623 , 0.227472 , 0.294612 , 0.291162 , 0.128658 
 789 , 0.339924 , 0.227708 , 0.294898 , 0.291558 , 0.128924 
 790 , 0.34023 , 0.227951 , 0.295194 , 0.291968 , 0.129197 
 791 , 0.340615 , 0.228203 , 0.295472 , 0.292215 , 0.129407 
 792 , 0.340951 , 0.22839 , 0.29574 , 0.2924 , 0.129559 
 793 , 0.341299 , 0.228583 , 0.296015 , 0.292585 , 0.129719 
 794 , 0.341576 , 0.228778 , 0.296249 , 0.292797 , 0.129886 
 795 , 0.34176 , 0.229006 , 0.296519 , 0.293 , 0.13009 
 796 , 0.341943 , 0.229249 , 0.296817 , 0.293196 , 0.1303 
 797 , 0.342139 , 0.229466 , 0.297131 , 0.293416 , 0.130506 
 798 , 0.342423 , 0.229593 , 0.297439 , 0.293742 , 0.130689 
 799 , 0.342759 , 0.229722 , 0.297713 , 0.294141 , 0.130889 
 800 , 0.343105 , 0.229851 , 0.297994 , 0.294548 , 0.13109 
 801 , 0.343449 , 0.230096 , 0.298232 , 0.294879 , 0.13141 
 802 , 0.343798 , 0.230397 , 0.298459 , 0.295143 , 0.131741 
 803 , 0.344158 , 0.230703 , 0.298695 , 0.295411 , 0.132077 
 804 , 0.344452 , 0.230972 , 0.298896 , 0.295621 , 0.132271 
 805 , 0.344746 , 0.231201 , 0.299115 , 0.295812 , 0.132373 
 806 , 0.345068 , 0.231443 , 0.299361 , 0.29601 , 0.132475 
 807 , 0.345355 , 0.231636 , 0.299589 , 0.296164 , 0.132587 
 808 , 0.345512 , 0.231665 , 0.299749 , 0.296203 , 0.132701 
 809 , 0.345637 , 0.23168 , 0.299898 , 0.296255 , 0.13281 
 810 , 0.34577 , 0.231687 , 0.300055 , 0.296315 , 0.132927 
 811 , 0.345638 , 0.231832 , 0.300061 , 0.296543 , 0.133187 
 812 , 0.345406 , 0.23195 , 0.299983 , 0.296762 , 0.133481 
 813 , 0.345159 , 0.232071 , 0.299905 , 0.296983 , 0.133795 
 814 , 0.345203 , 0.232177 , 0.300025 , 0.297221 , 0.134078 
 815 , 0.345525 , 0.232342 , 0.300393 , 0.297498 , 0.134315 
 816 , 0.345883 , 0.23253 , 0.300804 , 0.297792 , 0.134549 
 817 , 0.346248 , 0.232762 , 0.301186 , 0.298072 , 0.134736 
 818 , 0.346616 , 0.233096 , 0.30146 , 0.298314 , 0.134831 
 819 , 0.346998 , 0.233471 , 0.301714 , 0.298549 , 0.134958 
 820 , 0.347391 , 0.23386 , 0.301976 , 0.298798 , 0.135086 
 821 , 0.347703 , 0.234081 , 0.302186 , 0.299172 , 0.135245 
 822 , 0.347994 , 0.234236 , 0.302402 , 0.299545 , 0.135376 
 823 , 0.34829 , 0.234394 , 0.302622 , 0.299923 , 0.135504 
 824 , 0.348536 , 0.23458 , 0.302896 , 0.300218 , 0.135696 
 825 , 0.348799 , 0.234774 , 0.303166 , 0.300513 , 0.135946 
 826 , 0.349065 , 0.234969 , 0.303432 , 0.300815 , 0.136206 
 827 , 0.349365 , 0.23521 , 0.303671 , 0.30114 , 0.136432 
 828 , 0.349701 , 0.235548 , 0.303903 , 0.301509 , 0.13659 
 829 , 0.350024 , 0.235908 , 0.304168 , 0.301883 , 0.136739 
 830 , 0.350363 , 0.236265 , 0.304443 , 0.302255 , 0.13688 
 831 , 0.350906 , 0.236562 , 0.304872 , 0.302556 , 0.137007 
 832 , 0.351389 , 0.236865 , 0.305239 , 0.302771 , 0.137145 
 833 , 0.351878 , 0.237162 , 0.305611 , 0.302992 , 0.137278 
 834 , 0.352161 , 0.237442 , 0.305887 , 0.303231 , 0.137479 
 835 , 0.352398 , 0.237659 , 0.306166 , 0.303555 , 0.137727 
 836 , 0.352627 , 0.237869 , 0.306446 , 0.30388 , 0.137968 
 837 , 0.352902 , 0.238098 , 0.306683 , 0.304208 , 0.138246 
 838 , 0.353324 , 0.238394 , 0.306922 , 0.304577 , 0.138553 
 839 , 0.353817 , 0.238717 , 0.30718 , 0.304961 , 0.138856 
 840 , 0.354311 , 0.239048 , 0.307458 , 0.305326 , 0.139132 
 841 , 0.354796 , 0.239362 , 0.307813 , 0.305557 , 0.139228 
 842 , 0.355199 , 0.239621 , 0.308161 , 0.305795 , 0.139295 
 843 , 0.35561 , 0.239886 , 0.308519 , 0.306036 , 0.13937 
 844 , 0.355825 , 0.240137 , 0.308836 , 0.306332 , 0.139574 
 845 , 0.356065 , 0.240504 , 0.309111 , 0.306479 , 0.139846 
 846 , 0.356312 , 0.240882 , 0.309388 , 0.306628 , 0.140119 
 847 , 0.356522 , 0.241163 , 0.309569 , 0.30674 , 0.140332 
 848 , 0.356666 , 0.241265 , 0.309662 , 0.306942 , 0.140497 
 849 , 0.356792 , 0.241328 , 0.309756 , 0.307211 , 0.140675 
 850 , 0.35694 , 0.241433 , 0.309896 , 0.307501 , 0.140864 
 851 , 0.357192 , 0.241727 , 0.310192 , 0.307792 , 0.141105 
 852 , 0.357476 , 0.24206 , 0.3105 , 0.308028 , 0.141326 
 853 , 0.357769 , 0.242397 , 0.310817 , 0.308273 , 0.141554 
 854 , 0.358086 , 0.242611 , 0.311086 , 0.308455 , 0.141692 
 855 , 0.358471 , 0.242895 , 0.311387 , 0.308744 , 0.141824 
 856 , 0.358863 , 0.243184 , 0.311695 , 0.309038 , 0.141953 
 857 , 0.359229 , 0.24327 , 0.311931 , 0.309291 , 0.142007 
 858 , 0.359425 , 0.243138 , 0.312123 , 0.309375 , 0.141989 
 859 , 0.359556 , 0.242958 , 0.312319 , 0.309388 , 0.141968 
 860 , 0.359603 , 0.242877 , 0.312481 , 0.309429 , 0.14201 
 861 , 0.3595 , 0.24308 , 0.312476 , 0.309616 , 0.142225 
 862 , 0.359521 , 0.243316 , 0.312376 , 0.309922 , 0.142492 
 863 , 0.359542 , 0.243563 , 0.312279 , 0.310232 , 0.14276 
 864 , 0.359878 , 0.243709 , 0.312445 , 0.31056 , 0.142902 
 865 , 0.360335 , 0.243936 , 0.312903 , 0.310913 , 0.143002 
 866 , 0.360801 , 0.244168 , 0.313372 , 0.311276 , 0.143099 
 867 , 0.361227 , 0.244463 , 0.313732 , 0.311493 , 0.143144 
 868 , 0.36148 , 0.244715 , 0.313893 , 0.311586 , 0.143128 
 869 , 0.361682 , 0.244943 , 0.314004 , 0.311668 , 0.143107 
 870 , 0.361842 , 0.245084 , 0.31408 , 0.311815 , 0.143167 
 871 , 0.361931 , 0.245122 , 0.314064 , 0.3121 , 0.143428 
 872 , 0.362065 , 0.245237 , 0.314011 , 0.312406 , 0.143762 
 873 , 0.3622 , 0.24536 , 0.313966 , 0.312711 , 0.144092 
 874 , 0.362341 , 0.245666 , 0.314179 , 0.31288 , 0.144275 
 875 , 0.362428 , 0.245863 , 0.314442 , 0.313104 , 0.144374 
 876 , 0.362512 , 0.246066 , 0.314722 , 0.313334 , 0.144471 
 877 , 0.362597 , 0.24626 , 0.314949 , 0.313591 , 0.144587 
 878 , 0.362803 , 0.24649 , 0.315217 , 0.313826 , 0.144742 
 879 , 0.363042 , 0.246737 , 0.315504 , 0.314062 , 0.144909 
 880 , 0.363342 , 0.246919 , 0.31572 , 0.314199 , 0.144989 
 881 , 0.363527 , 0.24701 , 0.315799 , 0.314146 , 0.144937 
 882 , 0.363506 , 0.24711 , 0.31582 , 0.314042 , 0.144882 
 883 , 0.363454 , 0.247205 , 0.315835 , 0.313942 , 0.144849 
 884 , 0.363245 , 0.247317 , 0.315847 , 0.31393 , 0.145069 
 885 , 0.363386 , 0.247482 , 0.316088 , 0.31402 , 0.14538 
 886 , 0.363534 , 0.247651 , 0.316338 , 0.314119 , 0.145697 
 887 , 0.363658 , 0.247791 , 0.316485 , 0.314368 , 0.145989 
 888 , 0.363648 , 0.247832 , 0.31641 , 0.314703 , 0.146183 
 889 , 0.363624 , 0.247862 , 0.316299 , 0.315052 , 0.146358 
 890 , 0.36368 , 0.247826 , 0.316207 , 0.315186 , 0.14631 
 891 , 0.363889 , 0.247757 , 0.316113 , 0.315046 , 0.146043 
 892 , 0.364153 , 0.247719 , 0.315995 , 0.314854 , 0.14579 
 893 , 0.364335 , 0.247685 , 0.315873 , 0.314664 , 0.145615 
 894 , 0.364068 , 0.247639 , 0.315809 , 0.31454 , 0.145763 
 895 , 0.363649 , 0.247499 , 0.315997 , 0.314396 , 0.145935 
 896 , 0.363193 , 0.247358 , 0.316207 , 0.314248 , 0.146123 
 897 , 0.362923 , 0.247263 , 0.316154 , 0.314327 , 0.146189 
 898 , 0.36293 , 0.247371 , 0.315574 , 0.314457 , 0.146299 
 899 , 0.36296 , 0.247494 , 0.314927 , 0.314592 , 0.146415 
 900 , 0.36317 , 0.24774 , 0.314632 , 0.314596 , 0.146453 
 901 , 0.363434 , 0.247892 , 0.314708 , 0.314666 , 0.146325 
 902 , 0.36367 , 0.247935 , 0.314872 , 0.314849 , 0.146119 
 903 , 0.363883 , 0.247922 , 0.314947 , 0.315037 , 0.145935 
 904 , 0.364017 , 0.247894 , 0.314914 , 0.315147 , 0.145841 
 905 , 0.364086 , 0.248149 , 0.315151 , 0.315002 , 0.145844 
 906 , 0.364156 , 0.248415 , 0.3154 , 0.314856 , 0.145843 
 907 , 0.364062 , 0.248361 , 0.315809 , 0.314556 , 0.145916 
 908 , 0.364074 , 0.248015 , 0.315833 , 0.314364 , 0.145981 
 909 , 0.364089 , 0.247658 , 0.315849 , 0.314163 , 0.146053 
 910 , 0.363993 , 0.247664 , 0.315754 , 0.314331 , 0.146265 
 911 , 0.363765 , 0.247948 , 0.315664 , 0.314918 , 0.146567 
 912 , 0.363483 , 0.24829 , 0.315603 , 0.315633 , 0.146886 
 913 , 0.363465 , 0.248662 , 0.315631 , 0.316365 , 0.147165 
 914 , 0.363984 , 0.249022 , 0.315901 , 0.316955 , 0.147323 
 915 , 0.364659 , 0.249296 , 0.316346 , 0.317324 , 0.147379 
 916 , 0.365324 , 0.249541 , 0.316793 , 0.317624 , 0.147407 
 917 , 0.365688 , 0.24948 , 0.31718 , 0.317072 , 0.147101 
 918 , 0.365718 , 0.249436 , 0.317183 , 0.316194 , 0.146839 
 919 , 0.365752 , 0.24939 , 0.317185 , 0.315307 , 0.146566 
 920 , 0.365403 , 0.249121 , 0.316562 , 0.314826 , 0.146535 
 921 , 0.365093 , 0.249 , 0.316033 , 0.314947 , 0.146743 
 922 , 0.364821 , 0.248939 , 0.315581 , 0.315232 , 0.147023 
 923 , 0.364329 , 0.248805 , 0.31529 , 0.315358 , 0.147029 
 924 , 0.363591 , 0.248421 , 0.315038 , 0.315113 , 0.146615 
 925 , 0.362817 , 0.247801 , 0.314569 , 0.31462 , 0.146047 
 926 , 0.361975 , 0.247155 , 0.313997 , 0.314029 , 0.145373 
 927 , 0.361065 , 0.246581 , 0.313099 , 0.313164 , 0.144354 
 928 , 0.359869 , 0.245955 , 0.31226 , 0.312299 , 0.143093 
 929 , 0.358475 , 0.245226 , 0.31127 , 0.31129 , 0.141621 
 930 , 0.357335 , 0.243511 , 0.309817 , 0.309888 , 0.140647 
 931 , 0.355978 , 0.24155 , 0.307664 , 0.307954 , 0.139759 
 932 , 0.354352 , 0.239271 , 0.305032 , 0.305616 , 0.138742 
 933 , 0.352669 , 0.237605 , 0.302923 , 0.303506 , 0.137896 
 934 , 0.351177 , 0.236635 , 0.301914 , 0.302001 , 0.137388 
 935 , 0.349761 , 0.235629 , 0.301359 , 0.300679 , 0.136977 
 936 , 0.348417 , 0.235132 , 0.300808 , 0.299647 , 0.136543 
 937 , 0.347534 , 0.236047 , 0.30014 , 0.299619 , 0.13612 
 938 , 0.346526 , 0.236387 , 0.298462 , 0.299285 , 0.135508 
 939 , 0.345482 , 0.23674 , 0.29673 , 0.298945 , 0.134867 
 940 , 0.345627 , 0.235622 , 0.296005 , 0.297923 , 0.133559 
 941 , 0.346019 , 0.234826 , 0.296309 , 0.296909 , 0.13184 
 942 , 0.346439 , 0.234057 , 0.296718 , 0.295878 , 0.130048 
 943 , 0.345257 , 0.233067 , 0.296569 , 0.294939 , 0.129143 
 944 , 0.343296 , 0.232106 , 0.295546 , 0.294017 , 0.12883 
 945 , 0.341311 , 0.231218 , 0.294113 , 0.293067 , 0.128633 
 946 , 0.339552 , 0.23039 , 0.292427 , 0.292379 , 0.128432 
 947 , 0.338265 , 0.229627 , 0.290557 , 0.29238 , 0.128254 
 948 , 0.337127 , 0.228711 , 0.289173 , 0.292955 , 0.12817 
 949 , 0.336146 , 0.227863 , 0.287945 , 0.29352 , 0.128118 
 950 , 0.337055 , 0.227808 , 0.288521 , 0.293921 , 0.128412 
 951 , 0.338005 , 0.227514 , 0.288933 , 0.293133 , 0.128517 
 952 , 0.338953 , 0.227222 , 0.289334 , 0.292348 , 0.128621 
 953 , 0.338844 , 0.226889 , 0.289013 , 0.291451 , 0.128416 
 954 , 0.338236 , 0.227224 , 0.288639 , 0.29129 , 0.12818 
 955 , 0.33754 , 0.227852 , 0.288333 , 0.291463 , 0.127971 
 956 , 0.337248 , 0.22843 , 0.288416 , 0.291667 , 0.127785 
 957 , 0.337129 , 0.228657 , 0.288777 , 0.291421 , 0.127629 
 958 , 0.336612 , 0.228376 , 0.288935 , 0.290399 , 0.127482 
 959 , 0.335908 , 0.228264 , 0.28898 , 0.289528 , 0.12771 
 960 , 0.334448 , 0.228837 , 0.288578 , 0.28926 , 0.129478 
 961 , 0.333697 , 0.229324 , 0.288353 , 0.29016 , 0.131337 
 962 , 0.33297 , 0.229796 , 0.288135 , 0.291023 , 0.133125 
 963 , 0.333493 , 0.23036 , 0.288556 , 0.291891 , 0.133637 
 964 , 0.334437 , 0.231385 , 0.289012 , 0.292452 , 0.133704 
 965 , 0.335421 , 0.232493 , 0.289439 , 0.29292 , 0.133695 
 966 , 0.336419 , 0.233393 , 0.290114 , 0.29289 , 0.133314 
 967 , 0.337016 , 0.233963 , 0.290937 , 0.292207 , 0.132714 
 968 , 0.337151 , 0.234322 , 0.291712 , 0.291178 , 0.132137 
 969 , 0.337067 , 0.234381 , 0.291988 , 0.290629 , 0.131812 
 970 , 0.336604 , 0.233764 , 0.291128 , 0.291246 , 0.13209 
 971 , 0.336685 , 0.233165 , 0.290352 , 0.292374 , 0.132617 
 972 , 0.336777 , 0.232571 , 0.289584 , 0.293498 , 0.133143 
 973 , 0.337716 , 0.232686 , 0.289812 , 0.293694 , 0.133487 
 974 , 0.338387 , 0.232955 , 0.289636 , 0.293753 , 0.133678 
 975 , 0.339017 , 0.233251 , 0.289394 , 0.293793 , 0.13385 
 976 , 0.339133 , 0.234196 , 0.289128 , 0.293688 , 0.134031 
 977 , 0.338942 , 0.235251 , 0.289285 , 0.293644 , 0.13416 
 978 , 0.338696 , 0.236178 , 0.28978 , 0.293689 , 0.134241 
 979 , 0.338686 , 0.236534 , 0.290264 , 0.293826 , 0.134061 
 980 , 0.339096 , 0.236144 , 0.290614 , 0.293898 , 0.133555 
 981 , 0.339766 , 0.235908 , 0.29063 , 0.293376 , 0.133177 
 982 , 0.340383 , 0.235732 , 0.290699 , 0.292847 , 0.132879 
 983 , 0.340664 , 0.236014 , 0.291154 , 0.292214 , 0.13319 
 984 , 0.34051 , 0.23597 , 0.291488 , 0.292344 , 0.133454 
 985 , 0.340336 , 0.235906 , 0.29182 , 0.292502 , 0.133717 
 986 , 0.339863 , 0.236185 , 0.291897 , 0.29365 , 0.134321 
 987 , 0.340108 , 0.23655 , 0.292148 , 0.295071 , 0.135024 
 988 , 0.340759 , 0.236929 , 0.292515 , 0.296549 , 0.135761 
 989 , 0.342011 , 0.2368 , 0.293161 , 0.297181 , 0.135567 
 990 , 0.343565 , 0.236477 , 0.29414 , 0.296995 , 0.134501 
 991 , 0.344724 , 0.236567 , 0.295253 , 0.296658 , 0.133326 
 992 , 0.34555 , 0.23667 , 0.29615 , 0.296433 , 0.132531 
 993 , 0.345212 , 0.236755 , 0.296263 , 0.296515 , 0.132951 
 994 , 0.343794 , 0.236285 , 0.295769 , 0.295867 , 0.13327 
 995 , 0.342334 , 0.235799 , 0.295264 , 0.29519 , 0.133604 
 996 , 0.341314 , 0.235728 , 0.293906 , 0.294986 , 0.133123 
 997 , 0.34121 , 0.235783 , 0.292116 , 0.296029 , 0.13287 
 998 , 0.341375 , 0.235868 , 0.290161 , 0.297496 , 0.132691 
 999 , 0.34165 , 0.235891 , 0.28935 , 0.298316 , 0.132222 
 1000 , 0.341897 , 0.236029 , 0.289742 , 0.298379 , 0.131406 
 1001 , 0.34204 , 0.236353 , 0.290832 , 0.29795 , 0.130366 
 1002 , 0.34192 , 0.236347 , 0.291939 , 0.297482 , 0.129349 
 1003 , 0.341368 , 0.235684 , 0.292931 , 0.296915 , 0.128424 
 1004 , 0.340912 , 0.234676 , 0.293586 , 0.296183 , 0.127547 
 1005 , 0.340502 , 0.233591 , 0.294191 , 0.295437 , 0.126686 
 1006 , 0.340951 , 0.232077 , 0.293844 , 0.295027 , 0.126514 
 1007 , 0.341195 , 0.230785 , 0.294079 , 0.294908 , 0.126564 
 1008 , 0.341421 , 0.229471 , 0.294413 , 0.29484 , 0.126653 
 1009 , 0.34083 , 0.230621 , 0.294675 , 0.295434 , 0.127756 
 1010 , 0.339545 , 0.232126 , 0.293933 , 0.29614 , 0.128961 
 1011 , 0.337887 , 0.233407 , 0.292426 , 0.296808 , 0.130058 
 1012 , 0.336644 , 0.234039 , 0.290775 , 0.296957 , 0.130134 
 1013 , 0.336196 , 0.234187 , 0.289383 , 0.296612 , 0.129182 
 1014 , 0.336638 , 0.234888 , 0.28903 , 0.296449 , 0.128387 
 1015 , 0.33703 , 0.235176 , 0.288813 , 0.295866 , 0.127233 
 1016 , 0.337186 , 0.233733 , 0.289156 , 0.293676 , 0.124791 
 1017 , 0.336455 , 0.231456 , 0.289074 , 0.290676 , 0.121912 
 1018 , 0.335671 , 0.229045 , 0.288974 , 0.287486 , 0.118876 
 1019 , 0.335025 , 0.227293 , 0.28825 , 0.287531 , 0.118745 
 1020 , 0.334831 , 0.226074 , 0.286993 , 0.288223 , 0.119169 
 1021 , 0.334844 , 0.225035 , 0.285462 , 0.289116 , 0.119757 
 1022 , 0.334543 , 0.224751 , 0.284594 , 0.289353 , 0.119217 
 1023 , 0.334463 , 0.224716 , 0.28406 , 0.289482 , 0.11789 
 1024 , 0.335065 , 0.224308 , 0.283369 , 0.290093 , 0.116407 
 1025 , 0.335918 , 0.224165 , 0.282479 , 0.290345 , 0.114883 
 1026 , 0.337061 , 0.224586 , 0.281489 , 0.289774 , 0.11333 
 1027 , 0.336662 , 0.225167 , 0.282919 , 0.288435 , 0.111587 
 1028 , 0.336048 , 0.225529 , 0.284345 , 0.286956 , 0.109725 
 1029 , 0.332529 , 0.221954 , 0.284373 , 0.284639 , 0.107853 
 1030 , 0.330343 , 0.219097 , 0.281977 , 0.281693 , 0.105678 
 1031 , 0.328395 , 0.216274 , 0.278809 , 0.278433 , 0.103321 
 1032 , 0.327459 , 0.214431 , 0.276062 , 0.27669 , 0.101716 
 1033 , 0.325308 , 0.211531 , 0.274146 , 0.27561 , 0.100539 
 1034 , 0.321556 , 0.207193 , 0.272894 , 0.274712 , 0.099529 
 1035 , 0.318298 , 0.204349 , 0.272552 , 0.274878 , 0.099081 
 1036 , 0.316353 , 0.20393 , 0.273333 , 0.276464 , 0.099275 
 1037 , 0.317146 , 0.206369 , 0.274472 , 0.278911 , 0.09942 
 1038 , 0.318235 , 0.208015 , 0.275266 , 0.280294 , 0.098495 
 1039 , 0.320421 , 0.205624 , 0.274387 , 0.2766 , 0.093028 
 1040 , 0.31953 , 0.199241 , 0.270549 , 0.270737 , 0.086613 
 1041 , 0.318285 , 0.192179 , 0.266234 , 0.264348 , 0.079763 
 1042 , 0.313924 , 0.186399 , 0.260722 , 0.259549 , 0.075949 
 1043 , 0.309542 , 0.181581 , 0.256158 , 0.255219 , 0.072571 
 1044 , 0.3052 , 0.177114 , 0.252099 , 0.25095 , 0.069155 
 1045 , 0.300477 , 0.175206 , 0.247873 , 0.24838 , 0.06801 
 1046 , 0.295638 , 0.175266 , 0.243754 , 0.2479 , 0.068257 
 1047 , 0.290975 , 0.176048 , 0.239989 , 0.249563 , 0.068407 
 1048 , 0.287098 , 0.175994 , 0.237862 , 0.250064 , 0.066634 
 1049 , 0.285207 , 0.174052 , 0.239412 , 0.24781 , 0.060876 
 1050 , 0.28332 , 0.170511 , 0.24031 , 0.241405 , 0.054814 
 1051 , 0.281303 , 0.1667 , 0.240855 , 0.234609 , 0.048397 
 1052 , 0.279296 , 0.162111 , 0.234827 , 0.227679 , 0.042543 
 1053 , 0.276023 , 0.157713 , 0.229858 , 0.221305 , 0.03633 
 1054 , 0.272122 , 0.153161 , 0.224973 , 0.214804 , 0.029669 
 1055 , 0.267329 , 0.144517 , 0.217081 , 0.20979 , 0.02553 
 1056 , 0.261846 , 0.134021 , 0.205198 , 0.204129 , 0.022015 
 1057 , 0.255781 , 0.122657 , 0.189653 , 0.197028 , 0.01822 
 1058 , 0.247776 , 0.116774 , 0.178386 , 0.191373 , 0.016288 
 1059 , 0.238152 , 0.117184 , 0.172595 , 0.187949 , 0.016548 
 1060 , 0.23031 , 0.11676 , 0.169365 , 0.187092 , 0.016795 
 1061 , 0.22326 , 0.115599 , 0.16622 , 0.185415 , 0.016461 
 1062 , 0.221167 , 0.111678 , 0.164217 , 0.180732 , 0.01379 
 1063 , 0.220861 , 0.109207 , 0.161621 , 0.176419 , 0.011039 
 1064 , 0.220793 , 0.10676 , 0.15874 , 0.171788 , 0.008059 
 1065 , 0.219835 , 0.096841 , 0.15639 , 0.161578 , 0.005826 
 1066 , 0.213564 , 0.085689 , 0.155116 , 0.148033 , 0.003464 
 1067 , 0.203463 , 0.073719 , 0.154634 , 0.132325 , 0.00094 
 1068 , 0.18796 , 0.06751 , 0.148518 , 0.125935 , 0 
 1069 , 0.170738 , 0.06453 , 0.13786 , 0.125341 , 0 
 1070 , 0.156194 , 0.060723 , 0.12471 , 0.125507 , 0 
 1071 , 0.145503 , 0.055611 , 0.115164 , 0.12501 , 0 
 1072 , 0.14275 , 0.04823 , 0.112991 , 0.123287 , 0 
 1073 , 0.14499 , 0.040243 , 0.111346 , 0.123151 , 0 
 1074 , 0.14726 , 0.03232 , 0.109701 , 0.12225 , 0 
 1075 , 0.146453 , 0.029796 , 0.109315 , 0.112163 , 0 
 1076 , 0.138695 , 0.026919 , 0.107873 , 0.099079 , 0 
 1077 , 0.127838 , 0.023823 , 0.105815 , 0.084526 , 0 
 1078 , 0.114568 , 0.018172 , 0.092938 , 0.069219 , 0 
 1079 , 0.101445 , 0.011997 , 0.077689 , 0.053656 , 0 
 1080 , 0.089175 , 0.005676 , 0.062581 , 0.037941 , 0 
 1081 , 0.076743 , 0.002085 , 0.04979 , 0.028202 , 0 
 1082 , 0.064408 , 0.00138 , 0.039377 , 0.024345 , 0 
 1083 , 0.052597 , 0.000616 , 0.027988 , 0.02109 , 0 
 1084 , 0.040226 , 0 , 0.017706 , 0.018358 , 0 
 1085 , 0.027876 , 0 , 0.012063 , 0.018066 , 0 
 1086 , 0.015063 , 0 , 0.006278 , 0.01791 , 0 
 1087 , 0.000618 , 0 , 0.000245 , 0.017717 , 0 
 1088 , 0.002094 , 0 , 0 , 0.013208 , 0 
 1089 , 0.004453 , 0 , 0 , 0.007652 , 0 
 1090 , 0.006895 , 0 , 0 , 0.001833 , 0 
 1091 , 0.008287 , 0 , 0 , 0 , 0 
 1092 , 0.00907 , 0 , 0 , 0 , 0 
 1093 , 0.009625 , 0 , 0 , 0 , 0 
 1094 , 0.008706 , 0 , 0 , 0 , 0 
 1095 , 0.00563 , 0 , 0 , 0 , 0 
 1096 , 0.00284 , 0 , 0 , 0 , 0 
 1097 , 0 , 0 , 0 , 0 , 0 
 1098 , 0 , 0 , 0 , 0 , 0 
 1099 , 0 , 0 , 0 , 0 , 0 
 1100 , 0 , 0 , 0 , 0 , 0 
 1101 , 0 , 0 , 0 , 0 , 0 
 1102 , 0 , 0 , 0 , 0 , 0 
 1103 , 0 , 0 , 0 , 0 , 0 
 1104 , 0 , 0 , 0 , 0 , 0 
 1105 , 0 , 0 , 0 , 0 , 0 
 1106 , 0 , 0 , 0 , 0 , 0 
 1107 , 0 , 0 , 0 , 0 , 0 
 1108 , 0 , 0 , 0 , 0 , 0 
 1109 , 0 , 0 , 0 , 0 , 0 
 1110 , 0 , 0 , 0 , 0 , 0 
 1111 , 0 , 0 , 0 , 0 , 0 
 1112 , 0 , 0 , 0 , 0 , 0 
 1113 , 0 , 0 , 0 , 0 , 0 
 1114 , 0 , 0 , 0 , 0 , 0 
 1115 , 0 , 0 , 0 , 0 , 0 
 1116 , 0 , 0 , 0 , 0 , 0 
 1117 , 0 , 0 , 0 , 0 , 0 
 1118 , 0 , 0 , 0 , 0 , 0 
 1119 , 0 , 0 , 0 , 0 , 0 
 1120 , 0 , 0 , 0 , 0 , 0 
 1121 , 0 , 0 , 0 , 0 , 0 
 1122 , 0 , 0 , 0 , 0 , 0 
 1123 , 0 , 0 , 0 , 0 , 0 
 1124 , 0.665392 , 0.656342 , 0.664934 , 0.668031 , 0.680177 
 1125 , 0.852831 , 0.84051 , 0.847967 , 0.852962 , 0.865522 
 1126 , 0.930763 , 0.920675 , 0.926597 , 0.929402 , 0.940532 
 1127 , 0.947236 , 0.940294 , 0.94402 , 0.944803 , 0.95384 
 1128 , 0.944275 , 0.940647 , 0.942691 , 0.941604 , 0.949983 
 1129 , 0.940246 , 0.940881 , 0.943667 , 0.940441 , 0.95525 
 1130 , 0.721202 , 1.041736 , 0.72621 , 1.041736 , 1.06177 
