JUN24SHB100005.spu,JUN24SHB100004.spu,
Wavelength,JUN24SHB100021.spu,JUN24SHB100020.spu,JUN24SHB100019.spu,JUN24SHB100018.spu
  (nm),6/24/2016 ,6/24/2016 ,6/24/2016 ,6/24/2016 
  time  ,37:08 PM,36:59 PM,36:51 PM,36:40 PM
temp C,SW,SW,SW,SW
,,,,
 310 , 1 , 1 , 1 , 1 
 311 , 1 , 1 , 1 , 1 
 312 , 1 , 1 , 1 , 1 
 313 , 1 , 1 , 1 , 1 
 314 , 1 , 1 , 1 , 1 
 315 , 1 , 1 , 1 , 1 
 316 , 1 , 1 , 1 , 1 
 317 , 1 , 1 , 1 , 1 
 318 , 0.559527 , 0.559527 , 0.559527 , 0.559527 
 319 , 1.416689 , 1.416689 , 1.416689 , 1.416689 
 320 , 1.598029 , 1.598029 , 1.598029 , 1.598029 
 321 , 1.67682 , 1.67682 , 1.67682 , 1.67682 
 322 , 1.579141 , 1.579141 , 1.579141 , 1.579141 
 323 , 1.34009 , 1.34009 , 1.34009 , 1.34009 
 324 , 0.813304 , 0.813304 , 0.813304 , 0.813304 
 325 , 0.492105 , 0.492105 , 0.492105 , 0.492105 
 326 , 1.017587 , 1.017587 , 1.017587 , 1.017587 
 327 , 1.232314 , 1.232314 , 1.232314 , 1.232314 
 328 , 0.01184 , 0.01184 , 0.01184 , 0.01184 
 329 , 0.775203 , 0.775203 , 0.775203 , 0.775203 
 330 , 0.83011 , 0.83011 , 0.83011 , 0.83011 
 331 , 0.319845 , 0.319845 , 0.319845 , 0.319845 
 332 , 1.286772 , 1.286772 , 0.000151 , 0 
 333 , 2.529175 , 2.529175 , 0.000309 , 0 
 334 , 3.480282 , 3.480282 , 0.000429 , 0 
 335 , 3.983464 , 3.983464 , 0.001321 , 0 
 336 , 3.541849 , 3.541849 , 0.00483 , 0 
 337 , 3.16198 , 3.16198 , 0.007576 , 0 
 338 , 2.831055 , 2.831055 , 0.009705 , 0 
 339 , 2.976866 , 0 , 0.010523 , 0.001177 
 340 , 3.160074 , 0 , 0.011115 , 0.002112 
 341 , 3.314647 , 0 , 0.011623 , 0.002777 
 342 , 3.588798 , 0.00055 , 0.012333 , 0.003696 
 343 , 3.972985 , 0.001135 , 0.013155 , 0.005079 
 344 , 4.308401 , 0.001463 , 0.013838 , 0.006463 
 345 , 4.587044 , 0.001839 , 0.014555 , 0.007733 
 346 , 4.656876 , 0.003826 , 0.016956 , 0.007866 
 347 , 4.717832 , 0.005508 , 0.019104 , 0.007982 
 348 , 4.771509 , 0.006952 , 0.021034 , 0.008085 
 349 , 4.677947 , 0.007578 , 0.021313 , 0.008147 
 350 , 4.536389 , 0.007834 , 0.020958 , 0.008151 
 351 , 4.405935 , 0.008018 , 0.02062 , 0.008111 
 352 , 0.166287 , 0.008344 , 0.020158 , 0.008213 
 353 , 0.056194 , 0.009027 , 0.019658 , 0.008631 
 354 , 0.041092 , 0.009663 , 0.019354 , 0.009019 
 355 , 0.035369 , 0.010256 , 0.019174 , 0.009379 
 356 , 0.02399 , 0.009196 , 0.020016 , 0.009202 
 357 , 0.018529 , 0.008318 , 0.020888 , 0.009017 
 358 , 0.015426 , 0.007627 , 0.021739 , 0.00885 
 359 , 0.014545 , 0.008034 , 0.021951 , 0.009195 
 360 , 0.01469 , 0.00922 , 0.021753 , 0.009905 
 361 , 0.014845 , 0.010438 , 0.021615 , 0.010597 
 362 , 0.014818 , 0.011472 , 0.021438 , 0.011068 
 363 , 0.014066 , 0.011632 , 0.020955 , 0.0107 
 364 , 0.013434 , 0.011778 , 0.0205 , 0.010363 
 365 , 0.012891 , 0.011912 , 0.020071 , 0.010052 
 366 , 0.012854 , 0.011432 , 0.020412 , 0.010402 
 367 , 0.012944 , 0.010918 , 0.020905 , 0.010893 
 368 , 0.013048 , 0.010492 , 0.021376 , 0.011373 
 369 , 0.012568 , 0.010406 , 0.02193 , 0.011657 
 370 , 0.011436 , 0.010687 , 0.022603 , 0.011703 
 371 , 0.0104 , 0.010969 , 0.023261 , 0.011758 
 372 , 0.009527 , 0.011216 , 0.023869 , 0.01182 
 373 , 0.009648 , 0.01101 , 0.023913 , 0.012013 
 374 , 0.00985 , 0.010827 , 0.023956 , 0.012143 
 375 , 0.010104 , 0.010661 , 0.023997 , 0.012222 
 376 , 0.009462 , 0.010626 , 0.023823 , 0.012207 
 377 , 0.008753 , 0.010691 , 0.023672 , 0.012214 
 378 , 0.008259 , 0.010795 , 0.023617 , 0.012271 
 379 , 0.00786 , 0.010719 , 0.023615 , 0.012277 
 380 , 0.007607 , 0.010314 , 0.023704 , 0.012169 
 381 , 0.007511 , 0.009996 , 0.023883 , 0.012106 
 382 , 0.00749 , 0.00972 , 0.024114 , 0.012066 
 383 , 0.007015 , 0.009681 , 0.024324 , 0.012203 
 384 , 0.006575 , 0.009688 , 0.024513 , 0.01233 
 385 , 0.006163 , 0.009717 , 0.024686 , 0.012444 
 386 , 0.006105 , 0.010006 , 0.024848 , 0.012691 
 387 , 0.006287 , 0.010456 , 0.025016 , 0.013026 
 388 , 0.006475 , 0.010886 , 0.0252 , 0.013351 
 389 , 0.006705 , 0.011189 , 0.02543 , 0.013568 
 390 , 0.007085 , 0.01111 , 0.0258 , 0.013437 
 391 , 0.00745 , 0.011036 , 0.02616 , 0.01332 
 392 , 0.007802 , 0.01097 , 0.026506 , 0.013212 
 393 , 0.008033 , 0.011306 , 0.026925 , 0.013561 
 394 , 0.008227 , 0.011682 , 0.027328 , 0.013959 
 395 , 0.008409 , 0.012033 , 0.027704 , 0.014326 
 396 , 0.008638 , 0.012402 , 0.028203 , 0.014619 
 397 , 0.008895 , 0.012777 , 0.028783 , 0.014829 
 398 , 0.009119 , 0.013101 , 0.029288 , 0.015011 
 399 , 0.009353 , 0.013392 , 0.029713 , 0.015185 
 400 , 0.009855 , 0.013706 , 0.029974 , 0.015424 
 401 , 0.010301 , 0.013984 , 0.030204 , 0.01564 
 402 , 0.010698 , 0.014231 , 0.030406 , 0.015829 
 403 , 0.01088 , 0.01439 , 0.03073 , 0.016076 
 404 , 0.010992 , 0.014514 , 0.031079 , 0.01633 
 405 , 0.011098 , 0.014631 , 0.031406 , 0.016567 
 406 , 0.011224 , 0.014793 , 0.031725 , 0.016761 
 407 , 0.011402 , 0.015035 , 0.032052 , 0.016897 
 408 , 0.011565 , 0.015262 , 0.032361 , 0.017029 
 409 , 0.011721 , 0.015476 , 0.032651 , 0.017151 
 410 , 0.011769 , 0.015677 , 0.032959 , 0.017366 
 411 , 0.011814 , 0.015865 , 0.033251 , 0.017567 
 412 , 0.011852 , 0.016044 , 0.033527 , 0.017759 
 413 , 0.012031 , 0.016267 , 0.033799 , 0.017922 
 414 , 0.012273 , 0.016505 , 0.034065 , 0.018071 
 415 , 0.012509 , 0.016735 , 0.034324 , 0.018213 
 416 , 0.012748 , 0.01694 , 0.034589 , 0.018374 
 417 , 0.013017 , 0.017099 , 0.034901 , 0.018603 
 418 , 0.013281 , 0.017254 , 0.035203 , 0.018823 
 419 , 0.013534 , 0.017402 , 0.035496 , 0.019035 
 420 , 0.01363 , 0.017632 , 0.035872 , 0.019279 
 421 , 0.01371 , 0.017863 , 0.03625 , 0.019516 
 422 , 0.013788 , 0.018089 , 0.036618 , 0.019753 
 423 , 0.013856 , 0.018294 , 0.036948 , 0.019902 
 424 , 0.013926 , 0.01849 , 0.037244 , 0.019986 
 425 , 0.013991 , 0.018678 , 0.03754 , 0.020065 
 426 , 0.014059 , 0.01887 , 0.037819 , 0.020166 
 427 , 0.014154 , 0.019075 , 0.038031 , 0.020361 
 428 , 0.014245 , 0.01928 , 0.038243 , 0.020559 
 429 , 0.014335 , 0.019478 , 0.03845 , 0.020754 
 430 , 0.014624 , 0.019772 , 0.038889 , 0.021057 
 431 , 0.014952 , 0.020084 , 0.039381 , 0.021385 
 432 , 0.015278 , 0.020391 , 0.039861 , 0.021708 
 433 , 0.015629 , 0.020814 , 0.040557 , 0.022133 
 434 , 0.016009 , 0.02138 , 0.041534 , 0.022694 
 435 , 0.016395 , 0.021945 , 0.042504 , 0.023256 
 436 , 0.016774 , 0.022511 , 0.04347 , 0.02381 
 437 , 0.017127 , 0.023067 , 0.044404 , 0.024311 
 438 , 0.017484 , 0.023625 , 0.04534 , 0.02481 
 439 , 0.017841 , 0.024188 , 0.046274 , 0.025316 
 440 , 0.018191 , 0.024621 , 0.047058 , 0.025743 
 441 , 0.01854 , 0.025008 , 0.047777 , 0.026136 
 442 , 0.018887 , 0.025396 , 0.048498 , 0.026535 
 443 , 0.019222 , 0.025773 , 0.049208 , 0.026968 
 444 , 0.019539 , 0.026145 , 0.049889 , 0.027463 
 445 , 0.019852 , 0.026518 , 0.050568 , 0.027958 
 446 , 0.020167 , 0.026888 , 0.051249 , 0.028452 
 447 , 0.020342 , 0.027128 , 0.051743 , 0.028707 
 448 , 0.020515 , 0.027371 , 0.05223 , 0.028964 
 449 , 0.020684 , 0.02761 , 0.052719 , 0.029212 
 450 , 0.020821 , 0.027742 , 0.053013 , 0.029339 
 451 , 0.02093 , 0.027806 , 0.053193 , 0.029393 
 452 , 0.021045 , 0.027875 , 0.053367 , 0.029441 
 453 , 0.021116 , 0.027934 , 0.053481 , 0.029495 
 454 , 0.021069 , 0.027983 , 0.053399 , 0.029564 
 455 , 0.021018 , 0.028026 , 0.053322 , 0.029632 
 456 , 0.020976 , 0.028072 , 0.053238 , 0.029698 
 457 , 0.02099 , 0.027992 , 0.053275 , 0.029674 
 458 , 0.021013 , 0.027901 , 0.053325 , 0.029644 
 459 , 0.021036 , 0.027811 , 0.053373 , 0.029608 
 460 , 0.020946 , 0.027717 , 0.053288 , 0.029548 
 461 , 0.020747 , 0.02762 , 0.05309 , 0.029467 
 462 , 0.020549 , 0.027523 , 0.052891 , 0.02938 
 463 , 0.020361 , 0.027414 , 0.052685 , 0.029282 
 464 , 0.020226 , 0.027271 , 0.052457 , 0.029107 
 465 , 0.020087 , 0.027133 , 0.052227 , 0.028928 
 466 , 0.019947 , 0.026994 , 0.051997 , 0.028753 
 467 , 0.019885 , 0.026865 , 0.051816 , 0.028611 
 468 , 0.019841 , 0.026746 , 0.05165 , 0.028476 
 469 , 0.019797 , 0.026623 , 0.051478 , 0.028341 
 470 , 0.019754 , 0.026538 , 0.05142 , 0.02831 
 471 , 0.019711 , 0.026497 , 0.051488 , 0.028411 
 472 , 0.019673 , 0.026456 , 0.051552 , 0.028512 
 473 , 0.019636 , 0.02643 , 0.051641 , 0.028603 
 474 , 0.019643 , 0.026555 , 0.05191 , 0.028665 
 475 , 0.019651 , 0.026681 , 0.05218 , 0.02873 
 476 , 0.019653 , 0.026804 , 0.052455 , 0.02879 
 477 , 0.019694 , 0.026902 , 0.052605 , 0.02885 
 478 , 0.019751 , 0.02699 , 0.052709 , 0.028912 
 479 , 0.019804 , 0.027078 , 0.052814 , 0.028975 
 480 , 0.019816 , 0.027115 , 0.052871 , 0.029014 
 481 , 0.019752 , 0.027047 , 0.052841 , 0.02901 
 482 , 0.019689 , 0.026983 , 0.05281 , 0.02901 
 483 , 0.01963 , 0.026915 , 0.052779 , 0.029004 
 484 , 0.019708 , 0.026811 , 0.052718 , 0.028972 
 485 , 0.019792 , 0.026706 , 0.052661 , 0.028942 
 486 , 0.01987 , 0.0266 , 0.052602 , 0.028911 
 487 , 0.019883 , 0.026719 , 0.052813 , 0.029029 
 488 , 0.019854 , 0.026951 , 0.053153 , 0.029227 
 489 , 0.01983 , 0.027183 , 0.053494 , 0.029426 
 490 , 0.01992 , 0.027446 , 0.053933 , 0.02967 
 491 , 0.020292 , 0.027767 , 0.054598 , 0.030027 
 492 , 0.020667 , 0.028094 , 0.055261 , 0.030385 
 493 , 0.021039 , 0.028419 , 0.055924 , 0.03074 
 494 , 0.02135 , 0.028711 , 0.056483 , 0.031131 
 495 , 0.021657 , 0.029005 , 0.057036 , 0.031524 
 496 , 0.021961 , 0.029296 , 0.057583 , 0.031914 
 497 , 0.022243 , 0.0296 , 0.05815 , 0.032351 
 498 , 0.022504 , 0.029912 , 0.05873 , 0.032824 
 499 , 0.022761 , 0.030225 , 0.059313 , 0.033294 
 500 , 0.023086 , 0.030561 , 0.059919 , 0.033777 
 501 , 0.023619 , 0.030964 , 0.060622 , 0.034298 
 502 , 0.024157 , 0.03137 , 0.06133 , 0.034814 
 503 , 0.024693 , 0.031774 , 0.062032 , 0.035333 
 504 , 0.025262 , 0.032449 , 0.062884 , 0.036118 
 505 , 0.025841 , 0.033162 , 0.063753 , 0.036941 
 506 , 0.02642 , 0.033876 , 0.064622 , 0.037765 
 507 , 0.027118 , 0.034526 , 0.065511 , 0.038623 
 508 , 0.027929 , 0.035122 , 0.066413 , 0.039512 
 509 , 0.028742 , 0.035712 , 0.067317 , 0.040399 
 510 , 0.029562 , 0.036317 , 0.068154 , 0.041286 
 511 , 0.030408 , 0.036971 , 0.068654 , 0.042183 
 512 , 0.031254 , 0.037628 , 0.06916 , 0.043069 
 513 , 0.032102 , 0.038286 , 0.069662 , 0.043963 
 514 , 0.033109 , 0.039065 , 0.070292 , 0.044962 
 515 , 0.034157 , 0.039875 , 0.070949 , 0.045992 
 516 , 0.035203 , 0.040687 , 0.071602 , 0.047025 
 517 , 0.036446 , 0.041645 , 0.072415 , 0.048251 
 518 , 0.037924 , 0.042786 , 0.073408 , 0.049706 
 519 , 0.0394 , 0.043921 , 0.074402 , 0.051164 
 520 , 0.040904 , 0.04509 , 0.075421 , 0.052666 
 521 , 0.042604 , 0.046481 , 0.076676 , 0.054533 
 522 , 0.044303 , 0.047871 , 0.07793 , 0.056402 
 523 , 0.045998 , 0.049256 , 0.079182 , 0.058275 
 524 , 0.047851 , 0.050764 , 0.08057 , 0.060133 
 525 , 0.049758 , 0.052313 , 0.082 , 0.061994 
 526 , 0.051671 , 0.053865 , 0.083429 , 0.063845 
 527 , 0.053516 , 0.055365 , 0.084798 , 0.065672 
 528 , 0.05527 , 0.056797 , 0.086054 , 0.06745 
 529 , 0.057019 , 0.058235 , 0.087313 , 0.069232 
 530 , 0.058759 , 0.059659 , 0.088567 , 0.071005 
 531 , 0.060299 , 0.060938 , 0.089689 , 0.072678 
 532 , 0.061837 , 0.062222 , 0.090802 , 0.074347 
 533 , 0.063372 , 0.0635 , 0.091921 , 0.07602 
 534 , 0.064705 , 0.064494 , 0.092848 , 0.077363 
 535 , 0.065942 , 0.065355 , 0.093703 , 0.078556 
 536 , 0.067182 , 0.066222 , 0.094561 , 0.079743 
 537 , 0.068297 , 0.067065 , 0.095364 , 0.080888 
 538 , 0.069162 , 0.067885 , 0.096068 , 0.08195 
 539 , 0.070025 , 0.068709 , 0.096768 , 0.083012 
 540 , 0.070888 , 0.069532 , 0.09747 , 0.084073 
 541 , 0.071674 , 0.070265 , 0.098207 , 0.085004 
 542 , 0.07245 , 0.071001 , 0.098936 , 0.085933 
 543 , 0.073224 , 0.071741 , 0.099673 , 0.086861 
 544 , 0.073989 , 0.072431 , 0.100361 , 0.087761 
 545 , 0.074759 , 0.073084 , 0.101018 , 0.088644 
 546 , 0.075532 , 0.073746 , 0.101677 , 0.089525 
 547 , 0.076223 , 0.074345 , 0.102327 , 0.09035 
 548 , 0.076685 , 0.0748 , 0.102944 , 0.091053 
 549 , 0.077147 , 0.075253 , 0.10356 , 0.091763 
 550 , 0.077609 , 0.075714 , 0.104177 , 0.092468 
 551 , 0.077829 , 0.075907 , 0.104544 , 0.092836 
 552 , 0.07802 , 0.076088 , 0.104903 , 0.093192 
 553 , 0.078219 , 0.076269 , 0.105264 , 0.093541 
 554 , 0.078075 , 0.076303 , 0.10542 , 0.093631 
 555 , 0.077687 , 0.076231 , 0.105421 , 0.093528 
 556 , 0.077299 , 0.076158 , 0.105421 , 0.093425 
 557 , 0.076888 , 0.076013 , 0.105405 , 0.093256 
 558 , 0.076368 , 0.07562 , 0.105351 , 0.092862 
 559 , 0.075847 , 0.075226 , 0.105291 , 0.092463 
 560 , 0.07532 , 0.074832 , 0.105238 , 0.092074 
 561 , 0.074619 , 0.0743 , 0.105143 , 0.091558 
 562 , 0.073899 , 0.073746 , 0.105042 , 0.091022 
 563 , 0.073174 , 0.073194 , 0.104933 , 0.090487 
 564 , 0.07227 , 0.072601 , 0.104781 , 0.089862 
 565 , 0.071218 , 0.071968 , 0.104591 , 0.089163 
 566 , 0.070159 , 0.071337 , 0.104399 , 0.088474 
 567 , 0.069121 , 0.070683 , 0.104201 , 0.087728 
 568 , 0.068155 , 0.069932 , 0.103966 , 0.086773 
 569 , 0.067182 , 0.069178 , 0.10373 , 0.085824 
 570 , 0.06621 , 0.068428 , 0.103489 , 0.084866 
 571 , 0.065126 , 0.067609 , 0.103138 , 0.083939 
 572 , 0.064016 , 0.066772 , 0.102765 , 0.083017 
 573 , 0.062908 , 0.06594 , 0.102394 , 0.082093 
 574 , 0.061849 , 0.065139 , 0.102036 , 0.081207 
 575 , 0.060838 , 0.064373 , 0.101711 , 0.080357 
 576 , 0.059821 , 0.063605 , 0.101384 , 0.079503 
 577 , 0.058819 , 0.062834 , 0.101037 , 0.078639 
 578 , 0.057914 , 0.062057 , 0.100561 , 0.077722 
 579 , 0.057017 , 0.061284 , 0.100091 , 0.076806 
 580 , 0.056108 , 0.060511 , 0.099618 , 0.075888 
 581 , 0.05508 , 0.059728 , 0.098782 , 0.074848 
 582 , 0.054021 , 0.05895 , 0.097843 , 0.073773 
 583 , 0.05296 , 0.058163 , 0.096909 , 0.072698 
 584 , 0.051932 , 0.057245 , 0.095863 , 0.071521 
 585 , 0.05094 , 0.056171 , 0.094713 , 0.070235 
 586 , 0.049952 , 0.055093 , 0.09356 , 0.068953 
 587 , 0.04896 , 0.054041 , 0.092404 , 0.067692 
 588 , 0.047978 , 0.053189 , 0.091225 , 0.066622 
 589 , 0.046993 , 0.05234 , 0.090044 , 0.065555 
 590 , 0.046008 , 0.051485 , 0.088871 , 0.064483 
 591 , 0.045256 , 0.050831 , 0.08804 , 0.063595 
 592 , 0.044571 , 0.050234 , 0.087311 , 0.06277 
 593 , 0.043886 , 0.049634 , 0.086578 , 0.06194 
 594 , 0.043316 , 0.049089 , 0.085913 , 0.061221 
 595 , 0.042901 , 0.048628 , 0.085332 , 0.06065 
 596 , 0.042487 , 0.04817 , 0.084747 , 0.06007 
 597 , 0.042071 , 0.047708 , 0.084173 , 0.059504 
 598 , 0.041586 , 0.047269 , 0.083688 , 0.059021 
 599 , 0.041101 , 0.046823 , 0.083199 , 0.058534 
 600 , 0.040612 , 0.046385 , 0.082712 , 0.058043 
 601 , 0.040209 , 0.045985 , 0.082317 , 0.057511 
 602 , 0.039844 , 0.04561 , 0.081955 , 0.056962 
 603 , 0.039475 , 0.045231 , 0.081597 , 0.056411 
 604 , 0.039022 , 0.044866 , 0.081222 , 0.055865 
 605 , 0.038453 , 0.044524 , 0.080836 , 0.055345 
 606 , 0.037881 , 0.044178 , 0.080449 , 0.054817 
 607 , 0.037316 , 0.043836 , 0.080064 , 0.054297 
 608 , 0.036926 , 0.043464 , 0.079662 , 0.053804 
 609 , 0.036538 , 0.043088 , 0.079251 , 0.053311 
 610 , 0.036146 , 0.042713 , 0.078839 , 0.052814 
 611 , 0.035808 , 0.042318 , 0.078629 , 0.052405 
 612 , 0.035487 , 0.041915 , 0.07851 , 0.052042 
 613 , 0.035162 , 0.041508 , 0.078389 , 0.05168 
 614 , 0.034813 , 0.041183 , 0.07832 , 0.051356 
 615 , 0.034415 , 0.041 , 0.078342 , 0.051106 
 616 , 0.034016 , 0.040817 , 0.078361 , 0.050855 
 617 , 0.033616 , 0.040633 , 0.078385 , 0.050599 
 618 , 0.033441 , 0.040489 , 0.078443 , 0.050349 
 619 , 0.033267 , 0.040344 , 0.078497 , 0.050103 
 620 , 0.033092 , 0.0402 , 0.078553 , 0.049856 
 621 , 0.032912 , 0.040097 , 0.07855 , 0.049714 
 622 , 0.032726 , 0.040009 , 0.078522 , 0.049615 
 623 , 0.032541 , 0.039921 , 0.078488 , 0.049516 
 624 , 0.032411 , 0.039839 , 0.078523 , 0.049444 
 625 , 0.032391 , 0.039779 , 0.078684 , 0.049451 
 626 , 0.032373 , 0.039716 , 0.07884 , 0.049454 
 627 , 0.03236 , 0.039652 , 0.079001 , 0.049459 
 628 , 0.032301 , 0.039576 , 0.079162 , 0.04941 
 629 , 0.032241 , 0.039493 , 0.07933 , 0.049356 
 630 , 0.032177 , 0.039415 , 0.079494 , 0.049307 
 631 , 0.032094 , 0.039412 , 0.079637 , 0.04929 
 632 , 0.032001 , 0.039443 , 0.079781 , 0.049295 
 633 , 0.031908 , 0.039479 , 0.079925 , 0.049305 
 634 , 0.031819 , 0.039462 , 0.080068 , 0.049262 
 635 , 0.03174 , 0.03933 , 0.080192 , 0.04911 
 636 , 0.031659 , 0.039197 , 0.080309 , 0.048957 
 637 , 0.031577 , 0.039063 , 0.080431 , 0.048808 
 638 , 0.031378 , 0.038878 , 0.080479 , 0.048642 
 639 , 0.031186 , 0.038695 , 0.080529 , 0.048474 
 640 , 0.030988 , 0.038512 , 0.080584 , 0.048305 
 641 , 0.03064 , 0.038334 , 0.080651 , 0.048016 
 642 , 0.030204 , 0.03815 , 0.080731 , 0.047661 
 643 , 0.029772 , 0.037961 , 0.080811 , 0.047301 
 644 , 0.029405 , 0.037767 , 0.080878 , 0.046923 
 645 , 0.02921 , 0.037538 , 0.080904 , 0.046499 
 646 , 0.02901 , 0.037313 , 0.080921 , 0.046075 
 647 , 0.028811 , 0.037082 , 0.080943 , 0.045641 
 648 , 0.028512 , 0.036918 , 0.08086 , 0.045396 
 649 , 0.028205 , 0.036758 , 0.080772 , 0.045157 
 650 , 0.027893 , 0.036597 , 0.080684 , 0.044912 
 651 , 0.02765 , 0.036397 , 0.080652 , 0.044676 
 652 , 0.027443 , 0.03616 , 0.080652 , 0.044425 
 653 , 0.027241 , 0.035923 , 0.080651 , 0.044174 
 654 , 0.026996 , 0.035709 , 0.080655 , 0.043921 
 655 , 0.026671 , 0.03556 , 0.0807 , 0.04367 
 656 , 0.026351 , 0.035413 , 0.080754 , 0.043414 
 657 , 0.026025 , 0.035266 , 0.080803 , 0.043158 
 658 , 0.025843 , 0.035149 , 0.080884 , 0.042928 
 659 , 0.025668 , 0.035032 , 0.080966 , 0.04271 
 660 , 0.025493 , 0.03492 , 0.081048 , 0.042491 
 661 , 0.025399 , 0.03476 , 0.081089 , 0.042233 
 662 , 0.025346 , 0.034569 , 0.081087 , 0.041933 
 663 , 0.025293 , 0.034382 , 0.08109 , 0.041637 
 664 , 0.025188 , 0.03423 , 0.081108 , 0.041395 
 665 , 0.024935 , 0.034165 , 0.081176 , 0.041268 
 666 , 0.024684 , 0.034099 , 0.081245 , 0.041143 
 667 , 0.024437 , 0.034039 , 0.081318 , 0.041023 
 668 , 0.024328 , 0.033998 , 0.081398 , 0.040828 
 669 , 0.024229 , 0.033962 , 0.081478 , 0.040627 
 670 , 0.024125 , 0.03393 , 0.081557 , 0.040431 
 671 , 0.024122 , 0.033929 , 0.081622 , 0.040366 
 672 , 0.024181 , 0.033951 , 0.081672 , 0.040385 
 673 , 0.024235 , 0.033979 , 0.081721 , 0.040408 
 674 , 0.024324 , 0.034017 , 0.081807 , 0.040471 
 675 , 0.024474 , 0.034074 , 0.081992 , 0.04062 
 676 , 0.024626 , 0.034126 , 0.082171 , 0.040764 
 677 , 0.024779 , 0.034179 , 0.082351 , 0.040914 
 678 , 0.025014 , 0.034361 , 0.08269 , 0.041159 
 679 , 0.025263 , 0.034569 , 0.083061 , 0.041416 
 680 , 0.025513 , 0.034774 , 0.083436 , 0.041681 
 681 , 0.025888 , 0.035173 , 0.083833 , 0.042201 
 682 , 0.026347 , 0.035683 , 0.084249 , 0.042897 
 683 , 0.026814 , 0.036205 , 0.084673 , 0.043602 
 684 , 0.027456 , 0.036835 , 0.085203 , 0.044482 
 685 , 0.028512 , 0.03772 , 0.085984 , 0.045776 
 686 , 0.029592 , 0.038624 , 0.086776 , 0.047091 
 687 , 0.030685 , 0.039546 , 0.087582 , 0.048424 
 688 , 0.032585 , 0.040985 , 0.08865 , 0.050417 
 689 , 0.034508 , 0.042445 , 0.089723 , 0.052435 
 690 , 0.03644 , 0.043906 , 0.090798 , 0.05446 
 691 , 0.038796 , 0.045925 , 0.09215 , 0.057099 
 692 , 0.041382 , 0.048274 , 0.093681 , 0.060091 
 693 , 0.043943 , 0.050592 , 0.095199 , 0.063055 
 694 , 0.046804 , 0.053103 , 0.096747 , 0.066161 
 695 , 0.050439 , 0.0561 , 0.098374 , 0.06966 
 696 , 0.054031 , 0.059063 , 0.099984 , 0.07312 
 697 , 0.057577 , 0.061992 , 0.101578 , 0.076541 
 698 , 0.061894 , 0.065702 , 0.103219 , 0.080587 
 699 , 0.066198 , 0.069407 , 0.104827 , 0.084616 
 700 , 0.07045 , 0.073074 , 0.10642 , 0.088601 
 701 , 0.075144 , 0.077025 , 0.108138 , 0.092749 
 702 , 0.080047 , 0.081099 , 0.109944 , 0.096961 
 703 , 0.084891 , 0.085126 , 0.111732 , 0.101124 
 704 , 0.089769 , 0.089233 , 0.113493 , 0.105273 
 705 , 0.094817 , 0.0936 , 0.11521 , 0.109447 
 706 , 0.09984 , 0.097942 , 0.116912 , 0.113591 
 707 , 0.104827 , 0.102253 , 0.118605 , 0.117706 
 708 , 0.109863 , 0.106709 , 0.120099 , 0.121514 
 709 , 0.114944 , 0.111204 , 0.121602 , 0.125336 
 710 , 0.120045 , 0.115706 , 0.123111 , 0.129166 
 711 , 0.125118 , 0.119995 , 0.124514 , 0.13271 
 712 , 0.130318 , 0.124242 , 0.125906 , 0.136229 
 713 , 0.135619 , 0.12857 , 0.127321 , 0.139811 
 714 , 0.140976 , 0.132971 , 0.128731 , 0.143385 
 715 , 0.146313 , 0.137442 , 0.130085 , 0.14679 
 716 , 0.151781 , 0.142008 , 0.13146 , 0.15024 
 717 , 0.157387 , 0.146681 , 0.132866 , 0.153773 
 718 , 0.163032 , 0.151413 , 0.134426 , 0.157249 
 719 , 0.168749 , 0.156234 , 0.136019 , 0.160801 
 720 , 0.174566 , 0.161138 , 0.137637 , 0.16441 
 721 , 0.180384 , 0.165895 , 0.139222 , 0.167836 
 722 , 0.186138 , 0.170555 , 0.14076 , 0.171178 
 723 , 0.191919 , 0.175243 , 0.142307 , 0.17453 
 724 , 0.197592 , 0.179868 , 0.143847 , 0.177838 
 725 , 0.202944 , 0.184283 , 0.145346 , 0.180989 
 726 , 0.208262 , 0.18867 , 0.146836 , 0.184119 
 727 , 0.213555 , 0.193038 , 0.148321 , 0.187231 
 728 , 0.218577 , 0.197065 , 0.149736 , 0.19008 
 729 , 0.22347 , 0.200989 , 0.151138 , 0.192897 
 730 , 0.228301 , 0.204864 , 0.152525 , 0.195672 
 731 , 0.232708 , 0.208489 , 0.15387 , 0.198278 
 732 , 0.236801 , 0.211969 , 0.155176 , 0.200736 
 733 , 0.240843 , 0.215402 , 0.156463 , 0.203162 
 734 , 0.244631 , 0.218597 , 0.157664 , 0.205389 
 735 , 0.24808 , 0.221463 , 0.158747 , 0.207329 
 736 , 0.251534 , 0.224339 , 0.15983 , 0.20928 
 737 , 0.254945 , 0.227182 , 0.160899 , 0.211208 
 738 , 0.257827 , 0.229549 , 0.161765 , 0.212814 
 739 , 0.260706 , 0.231854 , 0.162599 , 0.214402 
 740 , 0.263578 , 0.23415 , 0.163435 , 0.215988 
 741 , 0.26582 , 0.236001 , 0.164195 , 0.217361 
 742 , 0.267815 , 0.237722 , 0.164935 , 0.218634 
 743 , 0.269815 , 0.239444 , 0.165676 , 0.219906 
 744 , 0.271666 , 0.241057 , 0.166384 , 0.221055 
 745 , 0.273343 , 0.242505 , 0.167082 , 0.222015 
 746 , 0.275077 , 0.243975 , 0.167805 , 0.222995 
 747 , 0.276796 , 0.245436 , 0.168523 , 0.223968 
 748 , 0.277868 , 0.246529 , 0.168951 , 0.224784 
 749 , 0.278963 , 0.247651 , 0.169381 , 0.225629 
 750 , 0.280086 , 0.2488 , 0.169812 , 0.226495 
 751 , 0.280825 , 0.249567 , 0.170193 , 0.227107 
 752 , 0.281568 , 0.250293 , 0.170567 , 0.227657 
 753 , 0.28235 , 0.251051 , 0.170953 , 0.228234 
 754 , 0.282879 , 0.251545 , 0.17127 , 0.228475 
 755 , 0.28304 , 0.251564 , 0.171416 , 0.22813 
 756 , 0.283244 , 0.251564 , 0.17156 , 0.227739 
 757 , 0.283467 , 0.251559 , 0.171711 , 0.227305 
 758 , 0.283699 , 0.251536 , 0.171944 , 0.226752 
 759 , 0.283899 , 0.251539 , 0.172292 , 0.22614 
 760 , 0.284112 , 0.251544 , 0.172666 , 0.225476 
 761 , 0.285039 , 0.252228 , 0.173312 , 0.225836 
 762 , 0.285946 , 0.253072 , 0.17401 , 0.226627 
 763 , 0.286848 , 0.253922 , 0.174706 , 0.22741 
 764 , 0.287942 , 0.255011 , 0.175437 , 0.228664 
 765 , 0.288971 , 0.256329 , 0.176116 , 0.23042 
 766 , 0.289847 , 0.25756 , 0.176731 , 0.232066 
 767 , 0.290637 , 0.258701 , 0.177302 , 0.23357 
 768 , 0.291126 , 0.259513 , 0.177814 , 0.234567 
 769 , 0.291609 , 0.260249 , 0.178336 , 0.235502 
 770 , 0.292069 , 0.260957 , 0.178842 , 0.236397 
 771 , 0.292445 , 0.261323 , 0.179248 , 0.23682 
 772 , 0.292949 , 0.261637 , 0.17961 , 0.237166 
 773 , 0.293439 , 0.261948 , 0.179966 , 0.237499 
 774 , 0.293823 , 0.26221 , 0.180301 , 0.237763 
 775 , 0.294162 , 0.262486 , 0.180635 , 0.237948 
 776 , 0.294531 , 0.262788 , 0.180977 , 0.238132 
 777 , 0.294901 , 0.263085 , 0.181338 , 0.238321 
 778 , 0.295253 , 0.263364 , 0.181816 , 0.238571 
 779 , 0.295583 , 0.26363 , 0.182297 , 0.238844 
 780 , 0.29591 , 0.263898 , 0.182779 , 0.239119 
 781 , 0.296018 , 0.264233 , 0.183082 , 0.239527 
 782 , 0.296084 , 0.264545 , 0.183371 , 0.2399 
 783 , 0.296155 , 0.264863 , 0.183667 , 0.240279 
 784 , 0.296206 , 0.265148 , 0.184001 , 0.240542 
 785 , 0.29641 , 0.265471 , 0.184373 , 0.240773 
 786 , 0.296675 , 0.265827 , 0.184746 , 0.241024 
 787 , 0.296971 , 0.266157 , 0.185111 , 0.241294 
 788 , 0.29737 , 0.266357 , 0.185373 , 0.241581 
 789 , 0.297705 , 0.266552 , 0.185627 , 0.241859 
 790 , 0.298045 , 0.266756 , 0.185888 , 0.242137 
 791 , 0.298368 , 0.267088 , 0.186319 , 0.24255 
 792 , 0.298563 , 0.267404 , 0.186802 , 0.242947 
 793 , 0.298758 , 0.26773 , 0.187289 , 0.243354 
 794 , 0.29885 , 0.267992 , 0.187728 , 0.243685 
 795 , 0.298915 , 0.268154 , 0.188149 , 0.243947 
 796 , 0.299005 , 0.268306 , 0.188588 , 0.244218 
 797 , 0.299164 , 0.268502 , 0.189002 , 0.244484 
 798 , 0.299515 , 0.268862 , 0.189286 , 0.244739 
 799 , 0.299841 , 0.269264 , 0.189522 , 0.244997 
 800 , 0.300176 , 0.269684 , 0.189766 , 0.24526 
 801 , 0.300406 , 0.269946 , 0.190021 , 0.245583 
 802 , 0.300644 , 0.270186 , 0.190332 , 0.245981 
 803 , 0.30089 , 0.270428 , 0.19065 , 0.246396 
 804 , 0.300983 , 0.27056 , 0.190986 , 0.246767 
 805 , 0.301075 , 0.270709 , 0.19139 , 0.247107 
 806 , 0.301189 , 0.270881 , 0.191813 , 0.247457 
 807 , 0.301223 , 0.271058 , 0.19223 , 0.247764 
 808 , 0.30101 , 0.271212 , 0.192604 , 0.24794 
 809 , 0.30075 , 0.271326 , 0.19297 , 0.24812 
 810 , 0.300476 , 0.271448 , 0.193362 , 0.24831 
 811 , 0.300496 , 0.271491 , 0.193685 , 0.24815 
 812 , 0.300707 , 0.271592 , 0.194062 , 0.247967 
 813 , 0.300927 , 0.271696 , 0.194456 , 0.247772 
 814 , 0.301255 , 0.271896 , 0.194754 , 0.247813 
 815 , 0.301353 , 0.272087 , 0.194903 , 0.247967 
 816 , 0.301396 , 0.272282 , 0.195031 , 0.248116 
 817 , 0.301496 , 0.272578 , 0.195278 , 0.248401 
 818 , 0.301689 , 0.273037 , 0.195777 , 0.24895 
 819 , 0.301888 , 0.273472 , 0.196318 , 0.249528 
 820 , 0.302096 , 0.273913 , 0.196871 , 0.250113 
 821 , 0.302483 , 0.274298 , 0.197343 , 0.250441 
 822 , 0.302771 , 0.274609 , 0.197839 , 0.250677 
 823 , 0.303064 , 0.274926 , 0.198345 , 0.250912 
 824 , 0.30347 , 0.275361 , 0.198831 , 0.25126 
 825 , 0.303908 , 0.275998 , 0.199223 , 0.251753 
 826 , 0.304341 , 0.276661 , 0.199611 , 0.252268 
 827 , 0.304746 , 0.277189 , 0.19996 , 0.252746 
 828 , 0.305117 , 0.277379 , 0.200244 , 0.253169 
 829 , 0.305505 , 0.277486 , 0.200533 , 0.253598 
 830 , 0.305906 , 0.277598 , 0.200827 , 0.254041 
 831 , 0.306329 , 0.277861 , 0.20115 , 0.254565 
 832 , 0.306545 , 0.278108 , 0.201433 , 0.25496 
 833 , 0.306753 , 0.278355 , 0.201715 , 0.255354 
 834 , 0.307042 , 0.278799 , 0.202114 , 0.255695 
 835 , 0.307623 , 0.279436 , 0.202656 , 0.256149 
 836 , 0.308224 , 0.280083 , 0.2032 , 0.25662 
 837 , 0.308831 , 0.280582 , 0.203642 , 0.257016 
 838 , 0.309417 , 0.280889 , 0.203909 , 0.257297 
 839 , 0.309995 , 0.28118 , 0.204142 , 0.257553 
 840 , 0.310531 , 0.281455 , 0.204386 , 0.257831 
 841 , 0.310749 , 0.281592 , 0.20471 , 0.258267 
 842 , 0.310886 , 0.281694 , 0.205109 , 0.25872 
 843 , 0.311028 , 0.281796 , 0.205513 , 0.259177 
 844 , 0.311167 , 0.281996 , 0.205942 , 0.259496 
 845 , 0.311455 , 0.282299 , 0.206354 , 0.259789 
 846 , 0.311748 , 0.282611 , 0.206773 , 0.260091 
 847 , 0.311949 , 0.28294 , 0.207111 , 0.260326 
 848 , 0.31207 , 0.283306 , 0.20735 , 0.260534 
 849 , 0.312188 , 0.283686 , 0.207595 , 0.26076 
 850 , 0.312306 , 0.284048 , 0.207847 , 0.261019 
 851 , 0.312393 , 0.284263 , 0.208138 , 0.261373 
 852 , 0.31248 , 0.284461 , 0.20842 , 0.261759 
 853 , 0.312563 , 0.28467 , 0.208704 , 0.262156 
 854 , 0.3129 , 0.284792 , 0.209007 , 0.262512 
 855 , 0.313447 , 0.285054 , 0.209414 , 0.262908 
 856 , 0.314001 , 0.285321 , 0.209824 , 0.263308 
 857 , 0.314211 , 0.285724 , 0.21023 , 0.263783 
 858 , 0.314043 , 0.286118 , 0.210557 , 0.264187 
 859 , 0.313804 , 0.286469 , 0.210859 , 0.264543 
 860 , 0.313697 , 0.286811 , 0.211172 , 0.264809 
 861 , 0.313914 , 0.287084 , 0.211517 , 0.264849 
 862 , 0.314108 , 0.287333 , 0.211904 , 0.264946 
 863 , 0.31431 , 0.287594 , 0.212301 , 0.265043 
 864 , 0.314471 , 0.287771 , 0.212386 , 0.265315 
 865 , 0.314924 , 0.288045 , 0.212389 , 0.265677 
 866 , 0.315388 , 0.288321 , 0.212389 , 0.266051 
 867 , 0.315674 , 0.28847 , 0.212639 , 0.266437 
 868 , 0.315713 , 0.288596 , 0.21304 , 0.266743 
 869 , 0.315702 , 0.288752 , 0.21346 , 0.267021 
 870 , 0.315734 , 0.288946 , 0.213848 , 0.267251 
 871 , 0.315838 , 0.289164 , 0.21423 , 0.267434 
 872 , 0.31593 , 0.289312 , 0.214699 , 0.267685 
 873 , 0.31603 , 0.289472 , 0.215171 , 0.267943 
 874 , 0.316196 , 0.289871 , 0.21547 , 0.268302 
 875 , 0.316491 , 0.290368 , 0.215732 , 0.26866 
 876 , 0.316799 , 0.290883 , 0.216005 , 0.269027 
 877 , 0.317258 , 0.291071 , 0.216307 , 0.269318 
 878 , 0.317734 , 0.291051 , 0.216538 , 0.269536 
 879 , 0.318199 , 0.291001 , 0.216749 , 0.269738 
 880 , 0.318399 , 0.290991 , 0.217056 , 0.269974 
 881 , 0.318271 , 0.291031 , 0.217534 , 0.270301 
 882 , 0.318175 , 0.291069 , 0.218091 , 0.270678 
 883 , 0.318109 , 0.291141 , 0.218644 , 0.271056 
 884 , 0.318249 , 0.291516 , 0.219109 , 0.271385 
 885 , 0.318199 , 0.292056 , 0.21964 , 0.271685 
 886 , 0.318144 , 0.292611 , 0.220188 , 0.271993 
 887 , 0.317978 , 0.292786 , 0.220563 , 0.271818 
 888 , 0.318293 , 0.292846 , 0.220798 , 0.271621 
 889 , 0.318705 , 0.292898 , 0.221026 , 0.271419 
 890 , 0.318757 , 0.292714 , 0.22109 , 0.271407 
 891 , 0.318168 , 0.292283 , 0.221008 , 0.271526 
 892 , 0.317335 , 0.291848 , 0.220948 , 0.271608 
 893 , 0.316569 , 0.291433 , 0.220963 , 0.271674 
 894 , 0.316274 , 0.291231 , 0.221335 , 0.271657 
 895 , 0.316148 , 0.291089 , 0.221838 , 0.27169 
 896 , 0.316019 , 0.29093 , 0.222371 , 0.271718 
 897 , 0.315975 , 0.291347 , 0.222883 , 0.271837 
 898 , 0.315558 , 0.291582 , 0.223214 , 0.271885 
 899 , 0.315081 , 0.291794 , 0.223541 , 0.271921 
 900 , 0.314954 , 0.292131 , 0.223809 , 0.272016 
 901 , 0.315084 , 0.292788 , 0.224027 , 0.27219 
 902 , 0.315214 , 0.293633 , 0.224258 , 0.272389 
 903 , 0.315268 , 0.29429 , 0.224545 , 0.27263 
 904 , 0.315211 , 0.294271 , 0.224988 , 0.272974 
 905 , 0.315382 , 0.29388 , 0.225492 , 0.273325 
 906 , 0.31556 , 0.293477 , 0.226013 , 0.27369 
 907 , 0.314987 , 0.293538 , 0.226267 , 0.274211 
 908 , 0.313796 , 0.293856 , 0.226484 , 0.274867 
 909 , 0.312561 , 0.294189 , 0.226708 , 0.275544 
 910 , 0.312313 , 0.294546 , 0.227102 , 0.275707 
 911 , 0.313019 , 0.294914 , 0.227757 , 0.275393 
 912 , 0.313972 , 0.295291 , 0.228511 , 0.274947 
 913 , 0.315043 , 0.295645 , 0.229212 , 0.274782 
 914 , 0.315888 , 0.295789 , 0.229627 , 0.275126 
 915 , 0.316079 , 0.295666 , 0.229745 , 0.275566 
 916 , 0.316218 , 0.295531 , 0.229847 , 0.276 
 917 , 0.315708 , 0.295327 , 0.229734 , 0.276388 
 918 , 0.315321 , 0.295346 , 0.229638 , 0.276889 
 919 , 0.314933 , 0.295364 , 0.229546 , 0.277402 
 920 , 0.314225 , 0.295246 , 0.2296 , 0.277554 
 921 , 0.31402 , 0.295224 , 0.230055 , 0.277553 
 922 , 0.314012 , 0.295248 , 0.23065 , 0.277535 
 923 , 0.313738 , 0.295214 , 0.231127 , 0.277346 
 924 , 0.313057 , 0.295127 , 0.231402 , 0.27695 
 925 , 0.312251 , 0.295076 , 0.231596 , 0.276511 
 926 , 0.311307 , 0.294785 , 0.23167 , 0.275893 
 927 , 0.310013 , 0.293338 , 0.231 , 0.274587 
 928 , 0.308421 , 0.291833 , 0.230066 , 0.273393 
 929 , 0.306538 , 0.290052 , 0.228972 , 0.271992 
 930 , 0.304573 , 0.287739 , 0.227406 , 0.270473 
 931 , 0.30224 , 0.284093 , 0.225453 , 0.268254 
 932 , 0.299439 , 0.279603 , 0.223135 , 0.265531 
 933 , 0.297093 , 0.276646 , 0.221766 , 0.263985 
 934 , 0.294771 , 0.275735 , 0.221617 , 0.263756 
 935 , 0.291631 , 0.275269 , 0.221766 , 0.263691 
 936 , 0.289361 , 0.275063 , 0.222202 , 0.263519 
 937 , 0.290014 , 0.275641 , 0.223392 , 0.263005 
 938 , 0.29016 , 0.27594 , 0.224519 , 0.262187 
 939 , 0.290313 , 0.276245 , 0.225682 , 0.261342 
 940 , 0.29019 , 0.277686 , 0.225105 , 0.262221 
 941 , 0.289115 , 0.278211 , 0.223123 , 0.262729 
 942 , 0.287923 , 0.278649 , 0.220974 , 0.263194 
 943 , 0.287064 , 0.278222 , 0.220535 , 0.263036 
 944 , 0.286967 , 0.277751 , 0.221585 , 0.262896 
 945 , 0.28727 , 0.277518 , 0.223118 , 0.262959 
 946 , 0.287033 , 0.277279 , 0.224288 , 0.262844 
 947 , 0.285565 , 0.276755 , 0.224847 , 0.262136 
 948 , 0.283263 , 0.275629 , 0.225441 , 0.260712 
 949 , 0.281059 , 0.274618 , 0.226045 , 0.259287 
 950 , 0.279998 , 0.274919 , 0.226726 , 0.257775 
 951 , 0.28066 , 0.276429 , 0.227003 , 0.257396 
 952 , 0.281332 , 0.277951 , 0.227272 , 0.257024 
 953 , 0.283487 , 0.277961 , 0.227206 , 0.257602 
 954 , 0.285391 , 0.276758 , 0.226964 , 0.258165 
 955 , 0.286969 , 0.275222 , 0.226692 , 0.258598 
 956 , 0.287427 , 0.274786 , 0.226445 , 0.259553 
 957 , 0.286044 , 0.275403 , 0.226092 , 0.260618 
 958 , 0.283591 , 0.275911 , 0.225539 , 0.261015 
 959 , 0.281586 , 0.276317 , 0.225193 , 0.261197 
 960 , 0.281249 , 0.276355 , 0.225722 , 0.260645 
 961 , 0.282117 , 0.276925 , 0.227108 , 0.261538 
 962 , 0.282956 , 0.27747 , 0.228446 , 0.262403 
 963 , 0.284505 , 0.278191 , 0.229464 , 0.262919 
 964 , 0.28623 , 0.279166 , 0.229944 , 0.263066 
 965 , 0.28793 , 0.280168 , 0.230275 , 0.263118 
 966 , 0.289852 , 0.281255 , 0.230823 , 0.264072 
 967 , 0.291681 , 0.282226 , 0.231531 , 0.265605 
 968 , 0.29321 , 0.282996 , 0.23225 , 0.267086 
 969 , 0.294076 , 0.283546 , 0.232819 , 0.268311 
 970 , 0.29348 , 0.28353 , 0.233142 , 0.268932 
 971 , 0.292782 , 0.283016 , 0.233644 , 0.269271 
 972 , 0.292083 , 0.282513 , 0.234146 , 0.2696 
 973 , 0.291458 , 0.282716 , 0.234606 , 0.269608 
 974 , 0.291505 , 0.283097 , 0.234931 , 0.26962 
 975 , 0.291639 , 0.283501 , 0.235232 , 0.269626 
 976 , 0.292344 , 0.283434 , 0.235565 , 0.269309 
 977 , 0.293079 , 0.283614 , 0.236133 , 0.269462 
 978 , 0.293669 , 0.284147 , 0.236866 , 0.27008 
 979 , 0.293851 , 0.284429 , 0.237398 , 0.271028 
 980 , 0.293449 , 0.284169 , 0.237454 , 0.272054 
 981 , 0.292992 , 0.283395 , 0.236975 , 0.272008 
 982 , 0.292401 , 0.282764 , 0.236574 , 0.271979 
 983 , 0.290859 , 0.283237 , 0.236706 , 0.272045 
 984 , 0.288898 , 0.284473 , 0.237524 , 0.272913 
 985 , 0.28692 , 0.285748 , 0.238371 , 0.273808 
 986 , 0.287252 , 0.286854 , 0.239445 , 0.273547 
 987 , 0.288811 , 0.287655 , 0.240346 , 0.272744 
 988 , 0.290761 , 0.288322 , 0.241141 , 0.271779 
 989 , 0.292413 , 0.288596 , 0.241046 , 0.271497 
 990 , 0.293643 , 0.288586 , 0.240121 , 0.271993 
 991 , 0.294609 , 0.288683 , 0.239107 , 0.272825 
 992 , 0.295126 , 0.288449 , 0.238299 , 0.273617 
 993 , 0.29415 , 0.287144 , 0.238203 , 0.274213 
 994 , 0.292241 , 0.28519 , 0.238073 , 0.27428 
 995 , 0.290266 , 0.283172 , 0.237938 , 0.274341 
 996 , 0.287643 , 0.281912 , 0.237238 , 0.273227 
 997 , 0.286432 , 0.281182 , 0.236699 , 0.272366 
 998 , 0.285647 , 0.280577 , 0.236208 , 0.271579 
 999 , 0.285284 , 0.281361 , 0.235742 , 0.271169 
 1000 , 0.285236 , 0.283051 , 0.235392 , 0.270838 
 1001 , 0.285277 , 0.284976 , 0.235154 , 0.270341 
 1002 , 0.286305 , 0.285721 , 0.234757 , 0.269767 
 1003 , 0.288885 , 0.284314 , 0.234057 , 0.269334 
 1004 , 0.290498 , 0.283103 , 0.233162 , 0.270199 
 1005 , 0.291947 , 0.281995 , 0.232338 , 0.271176 
 1006 , 0.290668 , 0.282874 , 0.232886 , 0.272906 
 1007 , 0.289356 , 0.282013 , 0.233 , 0.273005 
 1008 , 0.287974 , 0.280842 , 0.233053 , 0.272844 
 1009 , 0.286299 , 0.280138 , 0.232859 , 0.272384 
 1010 , 0.284966 , 0.280261 , 0.232833 , 0.271675 
 1011 , 0.283926 , 0.280917 , 0.232993 , 0.270819 
 1012 , 0.284541 , 0.281088 , 0.232826 , 0.269445 
 1013 , 0.28697 , 0.280747 , 0.232435 , 0.267965 
 1014 , 0.289602 , 0.280414 , 0.232355 , 0.267623 
 1015 , 0.29159 , 0.279935 , 0.231978 , 0.267527 
 1016 , 0.290617 , 0.278919 , 0.230447 , 0.268473 
 1017 , 0.288065 , 0.279631 , 0.228013 , 0.269508 
 1018 , 0.285323 , 0.280424 , 0.225424 , 0.270601 
 1019 , 0.283253 , 0.280438 , 0.225875 , 0.271343 
 1020 , 0.281317 , 0.277728 , 0.22735 , 0.27117 
 1021 , 0.279344 , 0.273695 , 0.229246 , 0.27057 
 1022 , 0.277878 , 0.27126 , 0.230367 , 0.269154 
 1023 , 0.276919 , 0.27025 , 0.230575 , 0.267108 
 1024 , 0.276267 , 0.269959 , 0.230101 , 0.264812 
 1025 , 0.274941 , 0.269465 , 0.228995 , 0.262318 
 1026 , 0.272134 , 0.26873 , 0.226658 , 0.259636 
 1027 , 0.267515 , 0.269072 , 0.224107 , 0.257561 
 1028 , 0.262692 , 0.269221 , 0.221456 , 0.255472 
 1029 , 0.258382 , 0.265875 , 0.219296 , 0.255133 
 1030 , 0.256036 , 0.261914 , 0.218023 , 0.254799 
 1031 , 0.25408 , 0.257585 , 0.216922 , 0.254451 
 1032 , 0.248806 , 0.256099 , 0.216716 , 0.2544 
 1033 , 0.240837 , 0.255533 , 0.216247 , 0.254165 
 1034 , 0.231053 , 0.254952 , 0.215201 , 0.253622 
 1035 , 0.225208 , 0.25388 , 0.213389 , 0.251721 
 1036 , 0.224137 , 0.252276 , 0.210857 , 0.248095 
 1037 , 0.223904 , 0.25066 , 0.208682 , 0.243483 
 1038 , 0.223446 , 0.248723 , 0.205929 , 0.238396 
 1039 , 0.222133 , 0.245751 , 0.201244 , 0.232126 
 1040 , 0.223122 , 0.243529 , 0.196288 , 0.22817 
 1041 , 0.224426 , 0.241201 , 0.190959 , 0.224122 
 1042 , 0.22128 , 0.237118 , 0.190558 , 0.224613 
 1043 , 0.214837 , 0.232394 , 0.190243 , 0.225123 
 1044 , 0.206366 , 0.227139 , 0.189649 , 0.225344 
 1045 , 0.198007 , 0.224586 , 0.18812 , 0.224849 
 1046 , 0.189623 , 0.221923 , 0.186019 , 0.2231 
 1047 , 0.180839 , 0.215532 , 0.183887 , 0.219705 
 1048 , 0.173546 , 0.209931 , 0.180581 , 0.215639 
 1049 , 0.170142 , 0.206427 , 0.174893 , 0.210414 
 1050 , 0.166516 , 0.208373 , 0.166207 , 0.204259 
 1051 , 0.162807 , 0.209952 , 0.157178 , 0.197682 
 1052 , 0.162064 , 0.202097 , 0.148112 , 0.189475 
 1053 , 0.162812 , 0.193206 , 0.14306 , 0.184639 
 1054 , 0.164141 , 0.183317 , 0.138998 , 0.180656 
 1055 , 0.15224 , 0.175501 , 0.135905 , 0.180502 
 1056 , 0.133681 , 0.165909 , 0.131541 , 0.180577 
 1057 , 0.111994 , 0.153381 , 0.125141 , 0.179349 
 1058 , 0.094199 , 0.145879 , 0.121545 , 0.177315 
 1059 , 0.080864 , 0.144505 , 0.120952 , 0.173853 
 1060 , 0.063904 , 0.145061 , 0.118355 , 0.167486 
 1061 , 0.049228 , 0.143318 , 0.113915 , 0.159853 
 1062 , 0.04334 , 0.132302 , 0.102736 , 0.14828 
 1063 , 0.04112 , 0.121338 , 0.093468 , 0.138051 
 1064 , 0.039102 , 0.109461 , 0.083673 , 0.127347 
 1065 , 0.031494 , 0.105021 , 0.075058 , 0.12523 
 1066 , 0.019702 , 0.099936 , 0.064682 , 0.124682 
 1067 , 0.005433 , 0.093732 , 0.052889 , 0.124721 
 1068 , 0 , 0.084592 , 0.048503 , 0.121568 
 1069 , 0 , 0.07384 , 0.048728 , 0.115814 
 1070 , 0 , 0.063104 , 0.049548 , 0.108514 
 1071 , 0 , 0.054705 , 0.048278 , 0.101845 
 1072 , 0 , 0.051596 , 0.042945 , 0.096706 
 1073 , 0 , 0.046188 , 0.037137 , 0.08907 
 1074 , 0 , 0.040848 , 0.030916 , 0.080547 
 1075 , 0 , 0.038004 , 0.024939 , 0.065174 
 1076 , 0 , 0.036749 , 0.018246 , 0.051188 
 1077 , 0 , 0.036101 , 0.01135 , 0.036956 
 1078 , 0 , 0.028716 , 0.007551 , 0.026546 
 1079 , 0 , 0.018193 , 0.004588 , 0.016557 
 1080 , 0 , 0.006165 , 0.001551 , 0.005633 
 1081 , 0 , 0 , 0 , 0 
 1082 , 0 , 0 , 0 , 0 
 1083 , 0 , 0 , 0 , 0 
 1084 , 0 , 0 , 0 , 0 
 1085 , 0 , 0 , 0 , 0 
 1086 , 0 , 0 , 0 , 0 
 1087 , 0 , 0 , 0 , 0 
 1088 , 0 , 0 , 0 , 0 
 1089 , 0 , 0 , 0 , 0 
 1090 , 0 , 0 , 0 , 0 
 1091 , 0 , 0 , 0 , 0 
 1092 , 0 , 0 , 0 , 0 
 1093 , 0 , 0 , 0 , 0 
 1094 , 0 , 0 , 0 , 0 
 1095 , 0 , 0 , 0 , 0 
 1096 , 0 , 0 , 0 , 0 
 1097 , 0 , 0 , 0 , 0 
 1098 , 0 , 0 , 0 , 0 
 1099 , 0 , 0 , 0 , 0 
 1100 , 0 , 0 , 0 , 0 
 1101 , 0 , 0 , 0 , 0 
 1102 , 0 , 0 , 0 , 0 
 1103 , 0 , 0 , 0 , 0 
 1104 , 0 , 0 , 0 , 0 
 1105 , 0 , 0 , 0 , 0 
 1106 , 0 , 0 , 0 , 0 
 1107 , 0 , 0 , 0 , 0 
 1108 , 0 , 0 , 0 , 0 
 1109 , 0 , 0 , 0 , 0 
 1110 , 0 , 0 , 0 , 0 
 1111 , 0 , 0 , 0 , 0 
 1112 , 0 , 0 , 0 , 0 
 1113 , 0 , 0 , 0 , 0 
 1114 , 0 , 0 , 0 , 0 
 1115 , 0 , 0 , 0 , 0 
 1116 , 0 , 0 , 0 , 0 
 1117 , 0 , 0 , 0 , 0 
 1118 , 0 , 0 , 0 , 0 
 1119 , 0 , 0 , 0 , 0 
 1120 , 0 , 0 , 0 , 0 
 1121 , 0 , 0 , 0 , 0 
 1122 , 0 , 0 , 0 , 0 
 1123 , 0 , 0 , 0 , 0 
 1124 , 1.202609 , 0.813755 , 0.723315 , 0.696609 
 1125 , 1.548952 , 1.056427 , 0.937216 , 0.899426 
 1126 , 1.703817 , 1.16852 , 1.030209 , 0.990909 
 1127 , 1.740175 , 1.199006 , 1.051247 , 1.013464 
 1128 , 1.739018 , 1.200939 , 1.049199 , 1.013574 
 1129 , 1.73936 , 1.192933 , 1.04611 , 1.012142 
 1130 , 2.517007 , 1.190476 , 1.047619 , 1.462585 
