Date,Site,Block,Treatment,P1,P2,P3,P4,P5,Weather,Notes
6/8/2017,MAT,"B1, B2, B3, B4",DARK,3,,,,,,
6/8/2017,MAT,"B1, B2, B3, B4",REF,1,2,,,,,
6/8/2017,MAT,B2,P,9,10,11,12,13,,
6/8/2017,MAT,B2,CT2,14,15,16,17,18,,
6/8/2017,MAT,B2,CT1,19,20,21,22,23,,
6/8/2017,MAT,B2,N,24,25,26,27,28,,
6/8/2017,MAT,B2,NP,29,30,31,32,33,,
6/8/2017,MAT,B4,N,34,35,36,37,38,,
6/8/2017,MAT,B4,P,39,40,41,42,43,,
6/8/2017,MAT,B4,CT2,44,45,46,47,48,,
6/8/2017,MAT,B4,CT2-old,49,50,51,52,53,,
6/8/2017,MAT,B4,CT1,54,55,56,57,58,,
6/8/2017,MAT,B4,NP,59,60,61,62,63,,
6/8/2017,MAT,B3,N,64,65,66,67,68,,
6/8/2017,MAT,B3,Extra3,69,70,71,72,73,,
6/8/2017,MAT,B3,CT2,74,75,76,77,78,,
6/8/2017,MAT,B3,CT1,79,80,81,82,83,,
6/8/2017,MAT,B3,NP,84,85,86,87,88,,
6/8/2017,MAT,B3,P,89,90,91,92,93,,
6/8/2017,MAT,B1,CT2,94,95,96,97,98,,
6/8/2017,MAT,B2,NP,99,100,101,102,103,,
6/8/2017,MAT,B3,N,104,105,106,107,108,,
6/8/2017,MAT,B4,P,109,110,111,112,113,,
6/8/2017,MAT,B5,CT1,114,115,116,117,118,,
6/8/2017,LMAT,"B1, B2, B3, B4",DARK,4,,,,,,
6/8/2017,LMAT,"B1, B2, B3, B4",REF,3,,,,,,
6/8/2017,LMAT,B1,F2,5,6,7,8,9,,
6/8/2017,LMAT,B1,H,10,11,12,13,14,,
6/8/2017,LMAT,B1,F5,15,16,17,18,19,,
6/8/2017,LMAT,B1,F10,20,21,22,23,24,,
6/8/2017,LMAT,B1,X,25,26,27,28,29,,
6/8/2017,LMAT,B1,F1,30,31,32,33,34,,
6/8/2017,LMAT,B1,CT,35,36,37,38,39,,
6/8/2017,LMAT,B1,NO3,40,41,42,43,44,,
6/8/2017,LMAT,B1,NH4,45,46,47,48,49,,
6/8/2017,LMAT,B1,F0.5,50,51,52,53,54,,
6/8/2017,LMAT,B2,F5,55,56,57,58,59,,
6/8/2017,LMAT,B2,CT,60,61,62,63,64,,
6/8/2017,LMAT,B2,F0.5,65,66,67,68,69,,
6/8/2017,LMAT,B2,F2,70,71,72,73,74,,
6/8/2017,LMAT,B2,F1,75,76,77,78,79,,
6/8/2017,LMAT,B2,NH4,80,81,82,83,84,,
6/8/2017,LMAT,B2,F10,85,86,87,88,89,,
6/8/2017,LMAT,B2,NO3,90,91,92,93,94,,
6/8/2017,LMAT,B3,F2,95,96,97,98,99,,
6/8/2017,LMAT,B3,NH4,100,101,102,103,104,,
6/8/2017,LMAT,B3,NO3,105,106,107,108,109,,
6/8/2017,LMAT,B3,F1,110,111,112,113,114,,
6/8/2017,LMAT,B3,F0.5,115,116,117,118,119,,
6/8/2017,LMAT,B3,F5,120,121,122,123,124,,
6/8/2017,LMAT,B3,CT,125,126,127,128,129,,
6/8/2017,LMAT,B3,F10,130,131,132,133,134,,
6/8/2017,LMAT,B4,F0.5,135,136,137,138,139,,
6/8/2017,LMAT,B4,F5,140,141,142,143,144,,
6/8/2017,LMAT,B4,NH4,145,146,147,148,149,,
6/8/2017,LMAT,B4,CT,150,151,152,153,154,,
6/8/2017,LMAT,B4,F1,155,156,157,158,159,,
6/8/2017,LMAT,B4,F2,160,161,162,163,164,,
6/8/2017,LMAT,B4,NO3,165,166,167,168,169,,
6/8/2017,LMAT,B4,F10,170,171,172,173,174,,
6/12/2017,DHT,"B1, B2, B3",DARK,0,,,,,,
6/12/2017,DHT,"B1, B2, B3",REF,,,,,,,
6/12/2017,DHT,B1,NP,1,2,3,4,5,,
6/12/2017,DHT,B1,P,6,7,8,9,10,,
6/12/2017,DHT,B1,CT2,11,12,13,14,15,,
6/12/2017,DHT,B1,CT1,16,17,18,19,20,,
6/12/2017,DHT,B1,EXNP-S,,,,,,,
6/12/2017,DHT,B1,EXNP-L,,,,,,,
6/12/2017,DHT,B1,N,21,22,23,24,25,,
6/12/2017,DHT,B1,EXCT-S,,,,,,,
6/12/2017,DHT,B1,EXCT-L,,,,,,,
6/12/2017,DHT,B2,NP,26,27,28,29,30,,
6/12/2017,DHT,B2,CT2,31,32,33,34,35,,
6/12/2017,DHT,B2,EXCT-S,,,,,,,
6/12/2017,DHT,B2,EXCT-L,,,,,,,
6/12/2017,DHT,B2,CT1,36,37,38,39,40,,
6/12/2017,DHT,B2,N,41,42,43,44,45,,
6/12/2017,DHT,B2,P,46,47,48,49,50,,
6/12/2017,DHT,B2,EXNP-L,,,,,,,
6/12/2017,DHT,B2,EXNP-S,,,,,,,
6/12/2017,DHT,B3,NP,51,52,53,54,55,,
6/12/2017,DHT,B3,CT2,56,57,58,59,60,,
6/12/2017,DHT,B3,EXCT-L,,,,,,,
6/12/2017,DHT,B3,EXCT-S,,,,,,,
6/12/2017,DHT,B3,CT1,61,62,63,64,65,,
6/12/2017,DHT,B3,N,66,67,68,69,70,,
6/12/2017,DHT,B3,EXNP-L,,,,,,,
6/12/2017,DHT,B3,EXNP-S,,,,,,,
6/12/2017,DHT,B3,P,71,72,73,74,75,,
6/12/2017,WSG1,B1,DARK,0,,,,,,
6/12/2017,WSG1,B1,REF,1,2,3,4,,,
6/12/2017,WSG1,B1,CT1,10,11,12,13,14,,
6/12/2017,WSG1,B1,P,5,6,7,8,9,,
6/12/2017,WSG1,B1,NP,15,16,17,18,19,,
6/12/2017,WSG1,B1,N,20,21,22,23,24,,
6/12/2017,WSG1,B1,CT2,25,26,27,28,29,,
6/12/2017,WSG23,"B2, B3",DARK,0,,,,,,
6/12/2017,WSG23,"B2, B3",REF,1,2,3,4,,,
6/12/2017,WSG23,B3,NP,5,6,7,8,9,,
6/12/2017,WSG23,B3,P-old,10,11,12,13,14,,
6/12/2017,WSG23,B3,N-old,15,16,17,18,19,,
6/12/2017,WSG23,B3,CT-old,20,21,22,23,24,,
6/12/2017,WSG23,B3,CT,25,26,27,28,29,,
6/12/2017,WSG23,B3,N,30,31,32,33,34,,
6/12/2017,WSG23,B3,P,35,36,37,38,39,,
6/12/2017,WSG23,B2,NP,40,41,42,43,44,,
6/12/2017,WSG23,B2,N,45,46,47,48,49,,
6/12/2017,WSG23,B2,CT,50,51,52,53,54,,
6/12/2017,WSG23,B2,P,55,56,57,58,59,,
6/12/2017,HST,"B1, B2, B3, B4",DARK,0,,,,,,
6/12/2017,HST_WSG1,"B1, B2, B3, B4",REF,1,2,3,4,,,
6/12/2017,HST,B4,NP,1,2,3,4,5,,
6/12/2017,HST,B4,CT,6,7,8,9,10,,
6/12/2017,HST,B3,NP,11,12,13,14,15,,
6/12/2017,HST,B3,CT,16,17,18,19,20,,
6/12/2017,HST,B2,NP,21,22,23,24,25,,
6/12/2017,HST,B2,CT,26,27,28,29,30,,
6/12/2017,HST,B1,NP,31,32,33,34,35,,
6/12/2017,HST,B1,CT,36,37,38,39,40,,
6/15/2017,MAT,"B1, B2, B3, B4",DARK,0,1,,,,,
6/15/2017,MAT,"B1, B2, B3, B4",REF,2,3,4,,,,
6/15/2017,MAT,B2,P,5,6,7,8,9,,
6/15/2017,MAT,B2,CT2,10,11,12,13,14,,
6/15/2017,MAT,B2,CT1,15,16,17,18,19,,
6/15/2017,MAT,B2,N,20,21,22,23,24,,
6/15/2017,MAT,B2,NP,,,,,,,
6/15/2017,MAT,B4,N,25,26,27,28,29,,
6/15/2017,MAT,B4,P,30,31,32,33,34,,
6/15/2017,MAT,B4,CT2,35,36,37,38,39,,
6/15/2017,MAT,B4,CT2-old,40,41,42,43,44,,
6/15/2017,MAT,B4,CT1,45,46,47,48,49,,
6/15/2017,MAT,B4,NP,50,51,52,53,54,,
6/15/2017,MAT,B3,N,55,56,57,58,59,,
6/15/2017,MAT,B3,CT2,60,61,62,63,64,,
6/15/2017,MAT,B3,CT1,65,66,67,68,69,,
6/15/2017,MAT,B3,NP,70,71,72,73,74,,
6/15/2017,MAT,B3,P,75,76,77,78,79,,
6/15/2017,MAT,B1,CT2,80,81,82,83,84,,
6/15/2017,MAT,B1,N-side,85,86,87,88,89,,
6/15/2017,MAT,B1,NP,90,91,92,93,94,,
6/15/2017,MAT,B1,N,95,96,97,98,99,,
6/15/2017,MAT,B1,P,100,101,102,103,104,,
6/15/2017,MAT,B1,CT1,105,106,107,108,109,,
6/15/2017,LMAT,"B1, B2, B3, B4",DARK,1,,,,,,
6/15/2017,LMAT,"B1, B2, B3, B4",REF,5,6,7,8,9,,
6/15/2017,LMAT,B1,F2,10,11,12,13,14,,
6/15/2017,LMAT,B1,F5,15,16,17,18,19,,
6/15/2017,LMAT,B1,F10,20,21,22,23,24,,
6/15/2017,LMAT,B1,F1,25,26,27,28,29,,
6/15/2017,LMAT,B1,CT,30,31,32,33,34,,
6/15/2017,LMAT,B1,NO3,35,36,37,38,39,,
6/15/2017,LMAT,B1,NH4,40,41,42,43,44,,
6/15/2017,LMAT,B1,F0.5,45,46,47,48,49,,
6/15/2017,LMAT,B2,F5,50,51,52,53,54,,
6/15/2017,LMAT,B2,CT,55,56,57,58,59,,
6/15/2017,LMAT,B2,F0.5,60,61,62,63,64,,
6/15/2017,LMAT,B2,F2,65,66,67,68,69,,
6/15/2017,LMAT,B2,F1,70,71,72,73,74,,
6/15/2017,LMAT,B2,NH4,75,76,77,78,79,,
6/15/2017,LMAT,B2,F10,80,81,82,83,84,,
6/15/2017,LMAT,B2,NO3,85,86,87,88,89,,
6/15/2017,LMAT,B3,F2,90,91,92,93,94,,
6/15/2017,LMAT,B3,NH4,95,96,97,98,99,,
6/15/2017,LMAT,B3,NO3,100,101,102,103,104,,
6/15/2017,LMAT,B3,F1,105,106,107,108,109,,
6/15/2017,LMAT,B3,F0.5,110,111,112,113,114,,
6/15/2017,LMAT,B3,F5,115,116,117,118,119,,
6/15/2017,LMAT,B3,CT,120,121,122,123,124,,
6/15/2017,LMAT,B3,F10,125,126,127,128,129,,
6/15/2017,LMAT,B4,F0.5,130,131,132,133,134,,
6/15/2017,LMAT,B4,F5,135,136,137,138,139,,
6/15/2017,LMAT,B4,NH4,140,141,142,143,144,,
6/15/2017,LMAT,B4,CT,145,146,147,148,149,,
6/15/2017,LMAT,B4,F1,150,151,152,153,154,,
6/15/2017,LMAT,B4,F2,155,156,157,158,159,,
6/15/2017,LMAT,B4,NO3,160,161,162,163,164,,
6/15/2017,LMAT,B4,F10,165,166,167,168,169,,
6/15/2017,DHT,"B1, B2, B3",DARK,1,,,,,,
6/15/2017,DHT,"B1, B2, B3",REF,2,3,4,,,,
6/15/2017,DHT,B1,N,5,6,7,8,9,,
6/15/2017,DHT,B1,CT1,10,11,12,13,14,,
6/15/2017,DHT,B1,CT2,15,16,17,18,19,,
6/15/2017,DHT,B1,P,20,21,22,23,24,,
6/15/2017,DHT,B1,EXNP-S,,,,,,,
6/15/2017,DHT,B1,EXNP-L,,,,,,,
6/15/2017,DHT,B1,NP,25,26,27,28,29,,
6/15/2017,DHT,B1,EXCT-S,,,,,,,
6/15/2017,DHT,B1,EXCT-L,,,,,,,
6/15/2017,DHT,B2,NP,30,31,32,33,34,,
6/15/2017,DHT,B2,CT2,35,36,37,38,39,,
6/15/2017,DHT,B2,EXCT-S,,,,,,,
6/15/2017,DHT,B2,EXCT-L,,,,,,,
6/15/2017,DHT,B2,CT1,40,41,42,43,44,,
6/15/2017,DHT,B2,N,45,46,47,48,49,,
6/15/2017,DHT,B2,P,50,51,52,53,54,,
6/15/2017,DHT,B2,EXNP-L,,,,,,,
6/15/2017,DHT,B2,EXNP-S,,,,,,,
6/15/2017,DHT,B3,NP,55,56,57,58,59,,
6/15/2017,DHT,B3,CT2,60,61,62,63,64,,
6/15/2017,DHT,B3,EXCT-L,,,,,,,
6/15/2017,DHT,B3,EXCT-S,,,,,,,
6/15/2017,DHT,B3,CT1,65,66,67,68,69,,
6/15/2017,DHT,B3,N,70,71,72,73,74,,
6/15/2017,DHT,B3,EXNP-L,,,,,,,
6/15/2017,DHT,B3,EXNP-S,,,,,,,
6/15/2017,DHT,B3,P,75,76,77,78,79,,
6/19/2017,WSG23,"B2, B3",DARK,0,,,,,,
6/19/2017,WSG23,"B2, B3",REF,2,3,4,,,,
6/19/2017,WSG23,B3,NP,5,6,7,8,9,,
6/19/2017,WSG23,B3,NP-boardwalk,10,11,12,13,14,,
6/19/2017,WSG23,B3,P,15,16,17,18,19,,
6/19/2017,WSG23,B3,N,20,21,22,23,24,,
6/19/2017,WSG23,B3,CT,25,26,27,28,29,,
6/19/2017,WSG23,B2,NP,35,36,37,38,39,,
6/19/2017,WSG23,B2,N,40,41,42,43,44,,
6/19/2017,WSG23,B2,CT,45,46,47,48,49,,
6/19/2017,WSG23,B2,P,50,51,52,53,54,,
6/15/2017,SHB1,B1,DARK,1,,,,,,
6/15/2017,SHB1,B1,REF,2,3,4,,,,
6/15/2017,SHB1,B1,NP,5,6,7,8,9,,
6/15/2017,SHB1,B1,NP-tall,10,11,12,13,14,,
6/15/2017,SHB1,B1,P,15,16,17,18,19,,
6/15/2017,SHB1,B1,N,20,21,22,23,24,,
6/15/2017,SHB1,B1,CT2,25,26,27,28,29,,
6/15/2017,SHB2,B2,DARK,1,,,,,,
6/15/2017,SHB2,B2,REF,2,3,4,,,,
6/15/2017,SHB2,B2,NP,5,6,7,8,9,,
6/15/2017,SHB2,B2,CT1,10,11,12,13,14,,
6/15/2017,SHB2,B2,N,15,16,17,18,19,,
6/15/2017,SHB2,B2,P,20,21,22,23,24,,
6/19/2017,HST,"B1, B2, B3, B4",DARK,0,,,,,,
6/19/2017,HST,"B1, B2, B3, B4",REF,2,3,4,,,,
6/19/2017,HST,B4,NP,5,6,7,8,9,,
6/19/2017,HST,B4,CT,10,11,12,13,14,,
6/19/2017,HST,B3,NP,15,16,17,18,19,,
6/19/2017,HST,B3,CT,20,21,22,23,24,,
6/19/2017,HST,B2,NP,40,41,42,43,44,,
6/19/2017,HST,B2,CT,45,46,47,48,49,,
6/19/2017,HST,B1,NP,55,56,57,58,59,,
6/19/2017,HST,B1,CT,60,61,62,63,64,,
6/17/2017,NANT,"B1, B2, B3",DARK,9999,,,,,,
6/17/2017,NANT,"B1, B2, B3",REF,5,6,7,8,9,,
6/17/2017,NANT,B3,CT,10,11,12,13,14,,
6/17/2017,NANT,B3,CT-old,15,16,17,18,19,,
6/17/2017,NANT,B3,N,20,21,22,23,24,,
6/17/2017,NANT,B3,N-old,25,26,27,28,29,,
6/17/2017,NANT,B3,NP,30,31,32,33,34,,
6/17/2017,NANT,B3,NP-old,35,36,37,38,39,,
6/17/2017,NANT,B3,P,40,41,42,43,44,,
6/17/2017,NANT,B3,P-old,45,46,47,48,49,,
6/17/2017,NANT,B2,P,50,51,52,53,54,,
6/17/2017,NANT,B2,NP,55,56,57,58,59,,
6/17/2017,NANT,B2,CT,60,61,62,63,64,,
6/17/2017,NANT,B2,N,65,66,67,68,69,,
6/17/2017,NANT,B1,P,70,71,72,73,74,,
6/17/2017,NANT,B1,CT,75,76,77,78,79,,
6/17/2017,NANT,B1,NP,80,81,82,83,84,,
6/17/2017,NANT,B1,N,85,86,87,88,89,,
6/17/2017,MNAT_NANT,"B1, B2, B3",DARK,9999,,,,,,
6/17/2017,MNAT_NANT,"B1, B2, B3",REF,5,6,7,8,9,,
6/17/2017,MNAT,B3,P,5,6,7,8,9,,
6/17/2017,MNAT,B3,NP,10,11,12,13,14,,
6/17/2017,MNAT,B3,NP-end,15,16,17,18,19,,
6/17/2017,MNAT,B3,CT,20,21,22,23,24,,
6/17/2017,MNAT,B3,L,25,26,27,28,29,,
6/17/2017,MNAT,B3,S,30,31,32,33,34,,
6/17/2017,MNAT,B3,N,35,36,37,38,39,,
6/17/2017,MNAT,B3,N-end,40,41,42,43,44,,
6/17/2017,MNAT,B2,N,45,46,47,48,49,,
6/17/2017,MNAT,B2,P,50,51,52,53,54,,
6/17/2017,MNAT,B2,L,55,56,57,58,59,,
6/17/2017,MNAT,B2,S,60,61,62,63,64,,
6/17/2017,MNAT,B2,NP,65,66,67,68,69,,
6/17/2017,MNAT,B2,CT,70,71,72,73,74,,
6/17/2017,MNAT,B1,CT,75,76,77,78,79,,
6/17/2017,MNAT,B1,NP,80,81,82,83,84,,
6/17/2017,MNAT,B1,L,85,86,87,88,89,,
6/17/2017,MNAT,B1,S,90,91,92,93,94,,
6/17/2017,MNAT,B1,N,95,96,97,98,99,,
6/17/2017,MNAT,B1,P,100,101,102,103,104,,
6/26/2017,MAT,"B1, B2, B3, B4",DARK,1,,,,,,
6/26/2017,MAT,"B1, B2, B3, B4",REF,5,6,7,8,9,,
6/26/2017,MAT,B2,P,10,11,12,13,14,,
6/26/2017,MAT,B2,CT2,15,16,17,18,19,,
6/26/2017,MAT,B2,CT1,20,21,22,23,24,,
6/26/2017,MAT,B2,N,25,26,27,28,29,,
6/26/2017,MAT,B2,NP,30,31,32,33,34,,
6/26/2017,MAT,B4,N,35,36,37,38,39,,
6/26/2017,MAT,B4,P,40,41,42,43,44,,
6/26/2017,MAT,B4,CT2,45,46,47,48,49,,
6/26/2017,MAT,B4,CT1,55,56,57,58,59,,
6/26/2017,MAT,B4,NP,60,61,62,63,64,,
6/26/2017,MAT,B3,N,65,66,67,68,69,,
6/26/2017,MAT,B3,CT2,70,71,72,73,74,,
6/26/2017,MAT,B3,CT1,75,76,77,78,79,,
6/26/2017,MAT,B3,NP,80,81,82,83,84,,
6/26/2017,MAT,B3,P,85,86,87,88,89,,
6/26/2017,MAT,B1,CT2,90,91,92,93,94,,
6/26/2017,MAT,B1,NP,100,101,102,103,104,,
6/26/2017,MAT,B1,N,105,106,107,108,109,,
6/26/2017,MAT,B1,P,110,111,112,113,114,,
6/26/2017,MAT,B1,CT1,115,116,117,118,119,,
6/26/2017,LMAT_MAT,"B1, B2, B3, B4",DARK,1,,,,,,
6/26/2017,LMAT_MAT,"B1, B2, B3, B4",REF,5,6,7,8,9,,
6/26/2017,LMAT,B1,F2,0,1,2,3,4,,
6/26/2017,LMAT,B1,F5,5,6,7,8,9,,
6/26/2017,LMAT,B1,F10,10,11,12,13,14,,
6/26/2017,LMAT,B1,F1,15,16,17,18,19,,
6/26/2017,LMAT,B1,CT,20,21,22,23,24,,
6/26/2017,LMAT,B1,NO3,25,26,27,28,29,,
6/26/2017,LMAT,B1,NH4,30,31,32,33,34,,
6/26/2017,LMAT,B1,F0.5,35,36,37,38,39,,
6/26/2017,LMAT,B2,F5,40,41,42,43,44,,
6/26/2017,LMAT,B2,CT,45,46,47,48,49,,
6/26/2017,LMAT,B2,F0.5,55,56,57,58,59,,
6/26/2017,LMAT,B2,F2,60,61,62,63,64,,
6/26/2017,LMAT,B2,F1,66,67,68,69,70,,
6/26/2017,LMAT,B2,NH4,71,72,73,74,75,,
6/26/2017,LMAT,B2,F10,76,77,78,79,80,,
6/26/2017,LMAT,B2,NO3,81,82,83,84,85,,
6/26/2017,LMAT,B3,F2,86,87,88,89,90,,
6/26/2017,LMAT,B3,NH4,91,92,93,94,95,,
6/26/2017,LMAT,B3,NO3,96,97,98,99,100,,
6/26/2017,LMAT,B3,F1,101,102,103,104,105,,
6/26/2017,LMAT,B3,F0.5,106,107,108,109,110,,
6/26/2017,LMAT,B3,F5,111,112,113,114,115,,
6/26/2017,LMAT,B3,CT,116,117,118,119,120,,
6/26/2017,LMAT,B3,F10,121,122,123,124,125,,
6/26/2017,LMAT,B4,F0.5,126,127,128,129,130,,
6/26/2017,LMAT,B4,F5,131,132,133,134,135,,
6/26/2017,LMAT,B4,NH4,136,137,138,139,140,,
6/26/2017,LMAT,B4,CT,141,142,143,144,145,,
6/26/2017,LMAT,B4,F1,146,147,148,149,150,,
6/26/2017,LMAT,B4,F2,151,152,153,154,155,,
6/26/2017,LMAT,B4,NO3,156,157,158,159,160,,
6/26/2017,LMAT,B4,F10,161,162,163,164,165,,
6/26/2017,WSG1_MAT,B1,DARK,1,,,,,,
6/26/2017,WSG1_MAT,B1,REF,5,6,7,8,9,,
6/26/2017,WSG1,B1,CT1,0,1,2,3,4,,
6/26/2017,WSG1,B1,P,5,6,7,8,9,,
6/26/2017,WSG1,B1,NP,10,11,12,13,14,,
6/26/2017,WSG1,B1,N,15,16,17,18,19,,
6/26/2017,WSG1,B1,CT2,20,21,22,23,24,,
6/26/2017,WSG23,"B2, B3",DARK,1,,,,,,
6/26/2017,WSG23,"B2, B3",REF,2,3,4,,,,
6/26/2017,WSG23,B3,NP,5,6,7,8,9,,
6/26/2017,WSG23,B3,P,10,11,12,13,14,,
6/26/2017,WSG23,B3,N,15,16,17,18,19,,
6/26/2017,WSG23,B3,CT,20,21,22,23,24,,
6/26/2017,WSG23,B2,NP,25,26,27,28,29,,
6/26/2017,WSG23,B2,N,30,31,32,33,34,,
6/26/2017,WSG23,B2,CT,35,36,37,38,39,,
6/26/2017,WSG23,B2,P,40,41,42,43,44,,
6/27/2017,DHT,"B1, B2, B3",DARK,1,,,,,,
6/27/2017,DHT,"B1, B2, B3",REF,2,3,4,,,,
6/27/2017,DHT,B1,NP,5,6,7,8,9,,
6/27/2017,DHT,B1,P,10,11,12,13,14,,
6/27/2017,DHT,B1,CT2,15,16,17,18,19,,
6/27/2017,DHT,B1,CT1,20,21,22,23,24,,
6/27/2017,DHT,B1,N,25,26,27,28,29,,
6/27/2017,DHT,B2,EX3,30,31,32,33,34,,
6/27/2017,DHT,B2,NP,35,36,37,38,39,,
6/27/2017,DHT,B2,CT2,40,41,42,43,44,,
6/27/2017,DHT,B2,EXCT-S,,,,,,,
6/27/2017,DHT,B2,EXCT-L,,,,,,,
6/27/2017,DHT,B2,CT1,45,46,47,48,49,,
6/27/2017,DHT,B2,N,50,51,52,53,54,,
6/27/2017,DHT,B2,P,55,56,57,58,59,,
6/27/2017,DHT,B2,EXNP-L,,,,,,,
6/27/2017,DHT,B2,EXNP-S,,,,,,,
6/27/2017,DHT,B3,NP,60,61,62,63,64,,
6/27/2017,DHT,B3,CT2,65,66,67,68,69,,
6/27/2017,DHT,B3,EXCT-L,,,,,,,
6/27/2017,DHT,B3,EXCT-S,,,,,,,
6/27/2017,DHT,B3,CT1,70,71,72,73,74,,
6/27/2017,DHT,B3,N,75,76,77,78,79,,
6/27/2017,DHT,B3,EXNP-L,,,,,,,
6/27/2017,DHT,B3,EXNP-S,,,,,,,
6/27/2017,DHT,B3,P,80,81,82,83,84,,
6/26/2017,SHB1,B1,DARK,1,,,,,,
6/26/2017,SHB1,B1,REF,2,3,4,,,,
6/26/2017,SHB1,B1,NP,5,6,7,8,9,,
6/26/2017,SHB1,B1,NP-tall,10,11,12,13,14,,
6/26/2017,SHB1,B1,P,15,16,17,18,19,,
6/26/2017,SHB1,B1,N,20,21,22,23,24,,
6/26/2017,SHB1,B1,CT2,26,27,28,29,30,,
6/26/2017,SHB2,B2,DARK,1,,,,,,
6/26/2017,SHB2,B2,REF,2,3,4,5,,,
6/26/2017,SHB2,B2,NP,6,7,8,9,10,,
6/26/2017,SHB2,B2,CT1,11,12,13,14,15,,
6/26/2017,SHB2,B2,N,16,17,18,19,20,,
6/26/2017,SHB2,B2,P,21,22,23,24,25,,
6/27/2017,HST,"B1, B2, B3, B4",DARK,1,,,,,,
6/27/2017,HST,"B1, B2, B3, B4",REF,2,3,4,,,,
6/27/2017,HST,B4,NP,5,6,7,8,9,,
6/27/2017,HST,B4,CT,10,11,12,13,14,,
6/27/2017,HST,B3,NP,15,16,17,18,19,,
6/27/2017,HST,B3,CT,20,21,22,23,24,,
6/27/2017,HST,B2,NP,25,26,27,28,29,,
6/27/2017,HST,B2,CT,30,31,32,33,34,,
6/27/2017,HST,B1,NP,35,36,37,38,39,,
6/27/2017,HST,B1,CT,40,41,42,43,44,,
6/27/2017,NANT,"B1, B2, B3",DARK,1,,,,,,
6/27/2017,NANT,"B1, B2, B3",REF,2,3,4,,,,
6/27/2017,NANT,B3,CT,5,6,7,8,9,,
6/27/2017,NANT,B3,N,10,11,12,13,14,,
6/27/2017,NANT,B3,NP,15,16,17,18,19,,
6/27/2017,NANT,B3,P,21,22,23,24,25,,
6/27/2017,NANT,B2,P,26,27,28,29,30,,
6/27/2017,NANT,B2,NP,31,32,33,34,35,,
6/27/2017,NANT,B2,CT,41,42,43,44,45,,
6/27/2017,NANT,B2,N,46,47,48,49,50,,
6/27/2017,NANT,B1,P,51,52,53,54,55,,
6/27/2017,NANT,B1,CT,56,57,58,59,60,,
6/27/2017,NANT,B1,NP,61,62,63,64,65,,
6/27/2017,NANT,B1,N,66,67,68,69,70,,
6/27/2017,NANT,B1,N-Int60,71,72,73,74,75,,
6/27/2017,MNAT_NANT,"B1, B2, B3",DARK,4,,,,,,
6/27/2017,MNAT_NANT,"B1, B2, B3",REF,2,3,4,,,,
6/27/2017,MNAT,B3,P,16,17,18,19,20,,
6/27/2017,MNAT,B3,NP,21,22,23,24,25,,
6/27/2017,MNAT,B3,CT,26,27,28,29,30,,
6/27/2017,MNAT,B3,S,31,32,33,34,35,,
6/27/2017,MNAT,B3,L,36,37,38,39,40,,
6/27/2017,MNAT,B3,N,41,42,43,44,45,,
6/27/2017,MNAT,B2,N,46,47,48,49,50,,
6/27/2017,MNAT,B2,P,51,52,53,54,55,,
6/27/2017,MNAT,B2,S,56,57,58,59,60,,
6/27/2017,MNAT,B2,L,61,62,63,64,65,,
6/27/2017,MNAT,B2,NP,66,67,68,69,70,,
6/27/2017,MNAT,B2,CT,71,72,73,74,75,,
6/27/2017,MNAT,B1,CT,76,77,78,79,80,,
6/27/2017,MNAT,B1,NP,81,82,83,84,85,,
6/27/2017,MNAT,B1,L,86,87,88,89,90,,
6/27/2017,MNAT,B1,S,91,92,93,94,95,,
6/27/2017,MNAT,B1,N,96,97,98,99,100,,
6/27/2017,MNAT,B1,P,101,102,103,104,105,,
7/4/2017,MAT,"B1, B2, B3, B4",DARK,1,,,,,,
7/4/2017,MAT,"B1, B2, B3, B4",REF,5,6,7,8,9,,
7/4/2017,MAT,B2,P,10,11,12,13,14,,
7/4/2017,MAT,B2,CT2,15,16,17,18,19,,
7/4/2017,MAT,B2,CT1,20,21,22,23,24,,
7/4/2017,MAT,B2,N,25,26,27,28,29,,
7/4/2017,MAT,B2,NP,30,31,32,33,34,,
7/4/2017,MAT,B4,N,50,51,52,53,54,,
7/4/2017,MAT,B4,P,55,56,57,58,59,,
7/4/2017,MAT,B4,CT2,40,41,42,43,44,,
7/4/2017,MAT,B4,CT1,45,46,47,48,49,,
7/4/2017,MAT,B4,NP,60,61,62,63,64,,
7/4/2017,MAT,B3,N,65,66,67,68,69,,
7/4/2017,MAT,B3,CT2,70,71,72,73,74,,
7/4/2017,MAT,B3,CT1,75,76,77,78,79,,
7/4/2017,MAT,B3,NP,80,81,82,83,84,,
7/4/2017,MAT,B3,P,85,86,87,88,89,,
7/4/2017,MAT,B1,CT2,90,91,92,93,94,,
7/4/2017,MAT,B1,NP,95,96,97,98,99,,
7/4/2017,MAT,B1,N,100,101,102,103,104,,
7/4/2017,MAT,B1,P,105,106,107,108,109,,
7/4/2017,MAT,B1,CT1,110,111,112,113,114,,
7/4/2017,LMAT_MAT,"B1, B2, B3, B4",DARK,1,,,,,,
7/4/2017,LMAT_MAT,"B1, B2, B3, B4",DARK,5,6,7,8,9,,
7/4/2017,LMAT,B1,F2,0,1,2,3,4,,
7/4/2017,LMAT,B1,F5,5,6,7,8,9,,
7/4/2017,LMAT,B1,F10,10,11,12,13,14,,
7/4/2017,LMAT,B1,F1,15,16,17,18,19,,
7/4/2017,LMAT,B1,CT,20,21,22,23,24,,
7/4/2017,LMAT,B1,NO3,25,26,27,28,29,,
7/4/2017,LMAT,B1,NH4,30,31,32,33,34,,
7/4/2017,LMAT,B1,F0.5,35,36,37,38,39,,
7/4/2017,LMAT,B2,F5,40,41,42,43,44,,
7/4/2017,LMAT,B2,CT,45,46,47,48,49,,
7/4/2017,LMAT,B2,F0.5,55,56,57,58,59,,
7/4/2017,LMAT,B2,F2,60,61,62,63,64,,
7/4/2017,LMAT,B2,F1,66,67,68,69,70,,
7/4/2017,LMAT,B2,NH4,71,72,73,74,75,,
7/4/2017,LMAT,B2,F10,76,77,78,79,80,,
7/4/2017,LMAT,B2,NO3,,,,,,,
7/4/2017,LMAT,B3,F2,81,82,83,84,85,,
7/4/2017,LMAT,B3,NH4,86,87,88,89,90,,
7/4/2017,LMAT,B3,NO3,91,92,93,94,95,,
7/4/2017,LMAT,B3,F1,96,97,98,99,100,,
7/4/2017,LMAT,B3,F0.5,101,102,103,104,105,,
7/4/2017,LMAT,B3,F5,106,107,108,109,110,,
7/4/2017,LMAT,B3,CT,111,112,113,114,115,,
7/4/2017,LMAT,B3,F10,116,117,118,119,120,,
7/4/2017,LMAT,B4,F0.5,121,122,123,124,125,,
7/4/2017,LMAT,B4,F5,126,127,128,129,130,,
7/4/2017,LMAT,B4,NH4,131,132,133,134,135,,
7/4/2017,LMAT,B4,CT,136,137,138,139,140,,
7/4/2017,LMAT,B4,F1,141,142,143,144,145,,
7/4/2017,LMAT,B4,F2,146,147,148,149,150,,
7/4/2017,LMAT,B4,NO3,151,152,153,154,155,,
7/4/2017,LMAT,B4,F10,156,157,158,159,160,,
7/4/2017,WSG1_MAT,B1,DARK,1,,,,,,
7/4/2017,WSG1_MAT,B1,REF,5,6,7,8,9,,
7/4/2017,WSG1,B1,CT1,0,1,2,3,4,,
7/4/2017,WSG1,B1,P,5,6,7,8,9,,
7/4/2017,WSG1,B1,NP,10,11,12,13,14,,
7/4/2017,WSG1,B1,N,15,16,17,18,19,,
7/4/2017,WSG1,B1,CT2,20,21,22,23,24,,
7/6/2017,WSG23,"B2, B3",DARK,7,,,,,,
7/6/2017,WSG23,"B2, B3",REF,8,9,,,,,
7/6/2017,WSG23,B3,NP,10,11,12,13,14,,
7/6/2017,WSG23,B3,P,15,16,17,18,19,,
7/6/2017,WSG23,B3,N,20,21,22,23,24,,
7/6/2017,WSG23,B3,CT,25,26,27,28,29,,
7/6/2017,WSG23,B2,NP,30,31,32,33,34,,
7/6/2017,WSG23,B2,N,35,36,37,38,39,,
7/6/2017,WSG23,B2,CT,40,41,42,43,44,,
7/6/2017,WSG23,B2,P,45,46,47,48,49,,
7/6/2017,DHT,"B1, B2, B3",DARK,,,,,,,
7/6/2017,DHT,"B1, B2, B3",REF,3,4,5,,,,
7/6/2017,DHT,B1,NP,10,11,12,13,14,,
7/6/2017,DHT,B1,P,15,16,17,18,19,,
7/6/2017,DHT,B1,CT2,20,21,22,23,24,,
7/6/2017,DHT,B1,CT1,25,26,27,28,29,,
7/6/2017,DHT,B1,N,30,31,32,33,34,,
7/6/2017,DHT,B1,EXNP-SF,35,36,37,38,39,,
7/6/2017,DHT,B1,EXNP-LF,40,41,42,43,44,,
7/6/2017,DHT,B1,EXCT-SF,45,46,47,48,49,,
7/6/2017,DHT,B1,EXCT-LF,50,51,52,53,54,,
7/6/2017,DHT,B2,NP,55,56,57,58,59,,
7/6/2017,DHT,B2,CT2,60,61,62,63,64,,
7/6/2017,DHT,B2,EXCT-LF,65,66,67,68,69,,
7/6/2017,DHT,B2,EXCT-SF,70,71,72,73,74,,
7/6/2017,DHT,B2,CT1,75,76,77,78,79,,
7/6/2017,DHT,B2,N,80,81,82,83,84,,
7/6/2017,DHT,B2,P,85,86,87,88,89,,
7/6/2017,DHT,B2,EXNP-LF,90,91,92,93,94,,
7/6/2017,DHT,B2,EXNP-SF,95,96,97,98,99,,
7/6/2017,DHT,B3,NP,100,101,102,103,104,,
7/6/2017,DHT,B3,CT2,105,106,107,108,109,,
7/6/2017,DHT,B3,EXCT-L,110,111,112,113,114,,
7/6/2017,DHT,B3,EXCT-S,115,116,117,118,119,,
7/6/2017,DHT,B3,CT1,120,121,122,123,124,,
7/6/2017,DHT,B3,N,125,126,127,128,129,,
7/6/2017,DHT,B3,EXNP-L,130,131,132,133,134,,
7/6/2017,DHT,B3,EXNP-S,135,136,137,138,139,,
7/6/2017,DHT,B3,P,140,141,142,143,144,,
7/7/2017,SHB1,B1,DARK,1,,,,,,
7/7/2017,SHB1,B1,REF,3,4,5,,,,
7/7/2017,SHB1,B1,NP,6,7,8,9,10,,
7/7/2017,SHB1,B1,P,11,12,13,14,15,,
7/7/2017,SHB1,B1,N,16,17,18,19,20,,
7/7/2017,SHB1,B1,CT2,21,22,23,24,25,,
7/7/2017,SHB2,B2,DARK,2,,,,,,
7/7/2017,SHB2,B2,REF,4,5,,,,,
7/7/2017,SHB2,B2,NP,6,7,8,9,10,,
7/7/2017,SHB2,B2,CT1,11,12,13,14,15,,
7/7/2017,SHB2,B2,N,16,17,18,19,20,,
7/7/2017,SHB2,B2,P,21,22,23,24,25,,
7/7/2017,HST,"B1, B2, B3, B4",DARK,1,,,,,,
7/7/2017,HST,"B1, B2, B3, B4",REF,3,4,5,,,,
7/7/2017,HST,B4,NP,6,7,8,9,10,,
7/7/2017,HST,B4,CT,11,12,13,14,15,,
7/7/2017,HST,B3,NP,16,17,18,19,20,,
7/7/2017,HST,B3,CT,21,22,23,24,25,,
7/7/2017,HST,B2,NP,26,27,28,29,30,,
7/7/2017,HST,B2,CT,31,32,33,34,35,,
7/7/2017,HST,B1,NP,36,37,38,39,40,,
7/7/2017,HST,B1,CT,41,42,43,44,45,,
7/7/2017,NANT,"B1, B2, B3",DARK,1,,,,,,
7/7/2017,NANT,"B1, B2, B3",REF,4,5,,,,,
7/7/2017,NANT,B3,CT,6,7,8,9,10,,
7/7/2017,NANT,B3,N,11,12,13,14,15,,
7/7/2017,NANT,B3,NP,16,17,18,19,20,,
7/7/2017,NANT,B3,P,21,22,23,24,25,,
7/7/2017,NANT,B2,P,26,27,28,29,30,,
7/7/2017,NANT,B2,NP,31,32,33,34,35,,
7/7/2017,NANT,B2,X1,36,37,38,39,40,,
7/7/2017,NANT,B2,CT,41,42,43,44,45,,
7/7/2017,NANT,B2,N,46,47,48,49,50,,
7/7/2017,NANT,B1,P,51,52,53,54,55,,
7/7/2017,NANT,B1,CT,56,57,58,59,60,,
7/7/2017,NANT,B1,NP,61,62,63,64,65,,
7/7/2017,NANT,B1,N,66,67,68,69,70,,
7/7/2017,MNAT_NANT,"B1, B2, B3",DARK,1,,,,,,
7/7/2017,MNAT_NANT,"B1, B2, B3",REF,4,5,,,,,
7/7/2017,MNAT,B3,P,0,1,2,3,4,,
7/7/2017,MNAT,B3,NP,5,6,7,8,9,,
7/7/2017,MNAT,B3,CT,,,,,,,
7/7/2017,MNAT,B3,S,10,11,12,13,14,,
7/7/2017,MNAT,B3,L,15,16,17,18,19,,
7/7/2017,MNAT,B3,N,20,21,22,23,24,,
7/7/2017,MNAT,B2,N,25,26,27,28,29,,
7/7/2017,MNAT,B2,P,30,31,32,33,34,,
7/7/2017,MNAT,B2,S,35,36,37,38,39,,
7/7/2017,MNAT,B2,L,40,41,42,43,44,,
7/7/2017,MNAT,B2,NP,45,46,47,48,49,,
7/7/2017,MNAT,B2,CT,50,51,52,53,54,,
7/7/2017,MNAT,B1,CT,55,56,57,58,59,,
7/7/2017,MNAT,B1,NP,60,61,62,63,64,,
7/7/2017,MNAT,B1,L,65,66,67,68,69,,
7/7/2017,MNAT,B1,S,70,71,72,73,74,,
7/7/2017,MNAT,B1,N,75,76,77,78,79,,
7/7/2017,MNAT,B1,P,80,81,82,83,84,,
7/13/2017,MAT,"B1, B2, B3, B4",DARK,1,,,,,,
7/13/2017,MAT,"B1, B2, B3, B4",REF,6,7,8,9,,,
7/13/2017,MAT,B2,P,10,11,12,13,14,,
7/13/2017,MAT,B2,CT2,15,16,17,18,19,,
7/13/2017,MAT,B2,CT1,20,21,22,23,24,,
7/13/2017,MAT,B2,N,25,26,27,28,29,,
7/13/2017,MAT,B2,NP,30,31,32,33,34,,
7/13/2017,MAT,B4,N,35,36,37,38,39,,
7/13/2017,MAT,B4,P,40,41,42,43,44,,
7/13/2017,MAT,B4,CT2,45,46,47,48,49,,
7/13/2017,MAT,B4,CT1,50,51,52,53,54,,
7/13/2017,MAT,B4,NP,55,56,57,58,59,,
7/13/2017,MAT,B3,N,60,61,62,63,64,,
7/13/2017,MAT,B3,CT2,65,66,67,68,69,,
7/13/2017,MAT,B3,CT1,75,76,77,78,79,,
7/13/2017,MAT,B3,NP,85,86,87,88,89,,
7/13/2017,MAT,B3,P,90,91,92,93,94,,
7/13/2017,MAT,B1,CT2,95,96,97,98,99,,
7/13/2017,MAT,B2,NP,100,101,102,103,104,,
7/13/2017,MAT,B3,N,105,106,107,108,109,,
7/13/2017,MAT,B4,P,110,111,112,113,114,,
7/13/2017,MAT,B5,CT1,115,116,117,118,119,,
7/13/2017,LMAT_MAT,"B1, B2, B3, B4",DARK,1,,,,,,
7/13/2017,LMAT_MAT,"B1, B2, B3, B4",REF,6,7,8,9,,,
7/13/2017,LMAT,B1,F2,0,1,2,3,4,,
7/13/2017,LMAT,B1,F5,5,6,7,8,9,,
7/13/2017,LMAT,B1,F10,10,11,12,13,14,,
7/13/2017,LMAT,B1,F1,15,16,17,18,19,,
7/13/2017,LMAT,B1,CT,20,21,22,23,24,,
7/13/2017,LMAT,B1,NO3,25,26,27,28,29,,
7/13/2017,LMAT,B1,NH4,30,31,32,33,34,,
7/13/2017,LMAT,B1,F0.5,35,36,37,38,39,,
7/13/2017,LMAT,B2,F5,40,41,42,43,44,,
7/13/2017,LMAT,B2,CT,45,46,47,48,49,,
7/13/2017,LMAT,B2,F0.5,50,51,52,53,54,,
7/13/2017,LMAT,B2,F2,55,56,57,58,59,,
7/13/2017,LMAT,B2,F1,60,61,62,63,64,,
7/13/2017,LMAT,B2,NH4,65,66,67,68,69,,
7/13/2017,LMAT,B2,F10,70,71,72,73,74,,
7/13/2017,LMAT,B2,NO3,75,76,77,78,79,,
7/13/2017,LMAT,B3,F2,80,81,82,83,84,,
7/13/2017,LMAT,B3,NH4,85,86,87,88,89,,
7/13/2017,LMAT,B3,NO3,90,91,92,93,94,,
7/13/2017,LMAT,B3,F1,95,96,97,98,99,,
7/13/2017,LMAT,B3,F0.5,100,101,102,103,104,,
7/13/2017,LMAT,B3,F5,105,106,107,108,109,,
7/13/2017,LMAT,B3,CT,110,111,112,113,114,,
7/13/2017,LMAT,B3,F10,115,116,117,118,119,,
7/13/2017,LMAT,B4,F0.5,120,121,122,123,124,,
7/13/2017,LMAT,B4,F5,125,126,127,128,129,,
7/13/2017,LMAT,B4,NH4,130,131,132,133,134,,
7/13/2017,LMAT,B4,CT,135,136,137,138,139,,
7/13/2017,LMAT,B4,F1,140,141,142,143,144,,
7/13/2017,LMAT,B4,F2,145,146,147,148,149,,
7/13/2017,LMAT,B4,NO3,150,151,152,153,154,,
7/13/2017,LMAT,B4,F10,155,156,157,158,159,,
7/13/2017,DHT,"B1, B2, B3",DARK,1,,,,,,
7/13/2017,DHT,"B1, B2, B3",REF,2,3,4,,,,
7/13/2017,DHT,B1,NP,5,6,7,8,9,,
7/13/2017,DHT,B1,P,10,11,12,13,14,,
7/13/2017,DHT,B1,CT2,15,16,17,18,19,,
7/13/2017,DHT,B1,CT1,20,21,22,23,24,,
7/13/2017,DHT,B1,EXNP-SF,25,26,27,28,29,,
7/13/2017,DHT,B1,EXNP-LF,30,31,32,33,34,,
7/13/2017,DHT,B1,N,35,36,37,38,39,,
7/13/2017,DHT,B1,EXCT-SF,40,41,42,43,44,,
7/13/2017,DHT,B1,EXCT-LF,45,46,47,48,49,,
7/13/2017,DHT,B2,NP,50,51,52,53,54,,
7/13/2017,DHT,B2,CT2,55,56,57,58,59,,
7/13/2017,DHT,B2,EXCT-SF,60,61,62,63,64,,
7/13/2017,DHT,B2,EXCT-LF,65,66,67,68,69,,
7/13/2017,DHT,B2,CT1,70,71,72,73,74,,
7/13/2017,DHT,B2,N,75,76,77,78,79,,
7/13/2017,DHT,B2,P,80,81,82,83,84,,
7/13/2017,DHT,B2,EXNP-LF,85,86,87,88,89,,
7/13/2017,DHT,B2,EXNP-SF,90,91,92,93,94,,
7/13/2017,DHT,B3,NP,95,96,97,98,99,,
7/13/2017,DHT,B3,CT2,100,101,102,103,104,,
7/13/2017,DHT,B3,EXCT-LF,105,106,107,108,109,,
7/13/2017,DHT,B3,EXCT-SF,110,111,112,113,114,,
7/13/2017,DHT,B3,CT1,115,116,117,118,119,,
7/13/2017,DHT,B3,N,120,121,122,123,124,,
7/13/2017,DHT,B3,EXNP-LF,125,126,127,128,129,,
7/13/2017,DHT,B3,EXNP-SF,130,131,132,133,134,,
7/13/2017,DHT,B3,P,135,136,137,138,139,,
7/13/2017,WSG1_MAT,B1,DARK,1,,,,,,
7/13/2017,WSG1_MAT,B1,REF,6,7,8,9,,,
7/13/2017,WSG1,B1,CT1,0,1,2,3,4,,
7/13/2017,WSG1,B1,P,5,6,7,8,9,,
7/13/2017,WSG1,B1,NP,10,11,12,13,14,,
7/13/2017,WSG1,B1,N,15,16,17,18,19,,
7/13/2017,WSG1,B1,CT2,20,21,22,23,24,,
7/13/2017,WSG23,"B2, B3",DARK,1,,,,,,
7/13/2017,WSG23,"B2, B3",REF,6,7,8,9,,,
7/13/2017,WSG23,B3,NP,5,6,7,8,9,,
7/13/2017,WSG23,B3,P,10,11,12,13,14,,
7/13/2017,WSG23,B3,N,15,16,17,18,19,,
7/13/2017,WSG23,B3,CT,20,21,22,23,24,,
7/13/2017,WSG23,B2,NP,25,26,27,28,29,,
7/13/2017,WSG23,B2,N,30,31,32,33,34,,
7/13/2017,WSG23,B2,CT,35,36,37,38,39,,
7/13/2017,WSG23,B2,P,40,41,42,43,44,,
7/14/2017,SHB1,B1,DARK,1,,,,,,
7/14/2017,SHB1,B1,REF,2,3,4,5,,,
7/14/2017,SHB1,B1,NP,6,7,8,9,10,,
7/14/2017,SHB1,B1,P,11,12,13,14,15,,
7/14/2017,SHB1,B1,N,16,17,18,19,20,,
7/14/2017,SHB1,B1,CT2,21,22,23,24,25,,
7/14/2017,SHB2,B2,DARK,1,,,,,,
7/14/2017,SHB2,B2,REF,2,3,4,,,,
7/14/2017,SHB2,B2,NP,5,6,7,8,9,,
7/14/2017,SHB2,B2,CT,10,11,12,13,14,,
7/14/2017,SHB2,B2,N,15,16,17,18,19,,
7/14/2017,SHB2,B2,P,20,21,22,23,24,,
7/14/2017,HST,"B1, B2, B3, B4",DARK,,,,,,,
7/14/2017,HST,"B1, B2, B3, B4",REF,,,,,,,
7/14/2017,HST,B4,NP,5,6,7,8,9,,
7/14/2017,HST,B4,CT,10,11,12,13,14,,
7/14/2017,HST,B3,NP,15,16,17,18,19,,
7/14/2017,HST,B3,CT,20,21,22,23,24,,
7/14/2017,HST,B2,NP,25,26,27,28,29,,
7/14/2017,HST,B2,CT,30,31,32,33,34,,
7/14/2017,HST,B1,NP,35,36,37,38,39,,
7/14/2017,HST,B1,CT,40,41,42,43,44,,
7/14/2017,NANT,"B1, B2, B3",DARK,1,,,,,,
7/14/2017,NANT,"B1, B2, B3",REF,3,4,,,,,
7/14/2017,NANT,B3,CT,5,6,7,8,9,,
7/14/2017,NANT,B3,N,10,11,12,13,14,,
7/14/2017,NANT,B3,NP,15,16,17,18,19,,
7/14/2017,NANT,B3,P,20,21,22,23,24,,
7/14/2017,NANT,B2,P,25,26,27,28,29,,
7/14/2017,NANT,B2,NP,30,31,32,33,34,,
7/14/2017,NANT,B2,CT,35,36,37,38,39,,
7/14/2017,NANT,B2,N,40,41,42,43,44,,
7/14/2017,NANT,B1,P,46,47,48,49,50,,
7/14/2017,NANT,B1,CT,51,52,53,54,55,,
7/14/2017,NANT,B1,NP,56,57,58,59,60,,
7/14/2017,NANT,B1,N,61,62,63,64,65,,
7/14/2017,MNAT_NANT,"B1, B2, B3",DARK,1,,,,,,
7/14/2017,MNAT_NANT,"B1, B2, B3",REF,3,4,,,,,
7/14/2017,MNAT,B3,P,0,1,2,3,4,,
7/14/2017,MNAT,B3,NP,5,6,7,8,9,,
7/14/2017,MNAT,B3,CT,10,11,12,13,14,,
7/14/2017,MNAT,B3,L,15,16,17,18,19,,
7/14/2017,MNAT,B3,S,20,21,22,23,24,,
7/14/2017,MNAT,B3,N,25,26,27,28,29,,
7/14/2017,MNAT,B2,N,30,31,32,33,34,,
7/14/2017,MNAT,B2,P,35,36,37,38,39,,
7/14/2017,MNAT,B2,L,40,41,42,43,44,,
7/14/2017,MNAT,B2,S,45,46,47,48,49,,
7/14/2017,MNAT,B2,NP,50,51,52,53,54,,
7/14/2017,MNAT,B2,CT,55,56,57,58,59,,
7/14/2017,MNAT,B1,CT,60,61,62,63,64,,
7/14/2017,MNAT,B1,NP,65,66,67,68,69,,
7/14/2017,MNAT,B1,S,70,71,72,73,74,,
7/14/2017,MNAT,B1,L,80,81,82,83,84,,
7/14/2017,MNAT,B1,N,85,86,87,88,89,,
7/14/2017,MNAT,B1,P,90,91,92,93,94,,
7/21/2017,MAT,"B1, B2, B3, B4",DARK,1,,,,,,
7/21/2017,MAT,"B1, B2, B3, B4",REF,2,3,4,,,,
7/21/2017,MAT,B2,P,0,1,2,3,4,,
7/21/2017,MAT,B2,CT2,5,6,7,8,9,,
7/21/2017,MAT,B2,CT1,10,11,12,13,14,,
7/21/2017,MAT,B2,N,15,16,17,18,19,,
7/21/2017,MAT,B2,NP,20,21,22,23,24,,
7/21/2017,MAT,B4,P,25,26,27,28,29,,
7/21/2017,MAT,B4,CT2,30,31,32,33,34,,
7/21/2017,MAT,B4,N,35,36,37,38,39,,
7/21/2017,MAT,B4,CT1,40,41,42,43,44,,
7/21/2017,MAT,B4,NP,45,46,47,48,49,,
7/21/2017,MAT,B3,N,50,51,52,53,54,,
7/21/2017,MAT,B3,CT2,55,56,57,58,59,,
7/21/2017,MAT,B3,CT1,60,61,62,63,64,,
7/21/2017,MAT,B3,NP,65,66,67,68,69,,
7/21/2017,MAT,B3,P,70,71,72,73,74,,
7/21/2017,MAT,B1,CT2,75,76,77,78,79,,
7/21/2017,MAT,B1,NP,80,81,82,83,84,,
7/21/2017,MAT,B1,N,85,86,87,88,89,,
7/21/2017,MAT,B1,P,90,91,92,93,94,,
7/21/2017,MAT,B1,CT1,95,96,97,98,99,,
7/21/2017,LMAT,"B1, B2, B3, B4",DARK,1,,,,,,
7/21/2017,LMAT,"B1, B2, B3, B4",REF,2,3,4,,,,
7/21/2017,LMAT,B1,F2,5,6,7,8,9,,
7/21/2017,LMAT,B1,F5,10,11,12,13,14,,
7/21/2017,LMAT,B1,F10,15,16,17,18,19,,
7/21/2017,LMAT,B1,F1,20,21,22,23,24,,
7/21/2017,LMAT,B1,CT,25,26,27,28,29,,
7/21/2017,LMAT,B1,NO3,30,31,32,33,34,,
7/21/2017,LMAT,B1,NH4,35,36,37,38,39,,
7/21/2017,LMAT,B1,F0.5,40,41,42,43,44,,
7/21/2017,LMAT,B2,F5,45,46,47,48,49,,
7/21/2017,LMAT,B2,CT,50,51,52,53,54,,
7/21/2017,LMAT,B2,F0.5,55,56,57,58,59,,
7/21/2017,LMAT,B2,F2,60,61,62,63,64,,
7/21/2017,LMAT,B2,F1,65,66,67,68,69,,
7/21/2017,LMAT,B2,NH4,70,71,72,73,74,,
7/21/2017,LMAT,B2,F10,75,76,77,78,79,,
7/21/2017,LMAT,B2,NO3,80,81,82,83,84,,
7/21/2017,LMAT,B3,F2,85,86,87,88,89,,
7/21/2017,LMAT,B3,NH4,90,91,92,93,94,,
7/21/2017,LMAT,B3,NO3,95,96,97,98,99,,
7/21/2017,LMAT,B3,F1,100,101,102,103,104,,
7/21/2017,LMAT,B3,F0.5,105,106,107,108,109,,
7/21/2017,LMAT,B3,F5,110,111,112,113,114,,
7/21/2017,LMAT,B3,CT,115,116,117,118,119,,
7/21/2017,LMAT,B3,F10,120,121,122,123,124,,
7/21/2017,LMAT,B4,F0.5,125,126,127,128,129,,
7/21/2017,LMAT,B4,F5,130,131,132,133,134,,
7/21/2017,LMAT,B4,NH4,135,136,137,138,139,,
7/21/2017,LMAT,B4,CT,140,141,142,143,144,,
7/21/2017,LMAT,B4,F1,145,146,147,148,149,,
7/21/2017,LMAT,B4,F2,150,151,152,153,154,,
7/21/2017,LMAT,B4,NO3,155,156,157,158,159,,
7/21/2017,LMAT,B4,F10,160,161,162,163,164,,
7/21/2017,WSG1_LMAT,B1,DARK,1,,,,,,
7/21/2017,WSG1_LMAT,B1,REF,2,3,4,,,,
7/21/2017,WSG1,B1,CT1,0,1,2,3,4,,
7/21/2017,WSG1,B1,P,5,6,7,8,9,,
7/21/2017,WSG1,B1,NP,10,11,12,13,14,,
7/21/2017,WSG1,B1,N,15,16,17,18,19,,
7/21/2017,WSG1,B1,CT2,20,21,22,23,24,,
7/19/2017,SHB,B1,DARK,10,,,,,,
7/19/2017,SHB,B1,REF,11,12,13,14,,,
7/19/2017,SHB,B1,NP,15,16,17,18,19,,
7/19/2017,SHB,B1,P,,,,,,,
7/19/2017,SHB,B1,N,20,21,22,23,24,,
7/19/2017,SHB,B1,CT2,25,26,27,28,29,,
7/19/2017,SHB,B2,DARK,1,,,,,,
7/19/2017,SHB,B2,REF,6,7,8,9,10,,
7/19/2017,SHB,B2,NP,11,12,13,14,15,,
7/19/2017,SHB,B2,CT1,16,17,18,19,20,,
7/19/2017,SHB,B2,N,21,22,23,24,25,,
7/19/2017,SHB,B2,P,26,27,28,29,30,,
7/19/2017,HST,"B1, B2, B3, B4",DARK,1,,,,,,
7/19/2017,HST,"B1, B2, B3, B4",REF,3,4,,,,,
7/19/2017,HST,B4,NP,5,6,7,8,9,,
7/19/2017,HST,B4,CT,10,11,12,13,14,,
7/19/2017,HST,B3,NP,15,16,17,18,19,,
7/19/2017,HST,B3,CT,20,21,22,23,24,,
7/19/2017,HST,B2,NP,25,26,27,28,29,,
7/19/2017,HST,B2,CT,30,31,32,33,34,,
7/19/2017,HST,B1,NP,35,36,37,38,39,,
7/19/2017,HST,B1,CT,40,41,42,43,44,,
7/27/2017,MAT_LMAT,"B1, B2, B3, B4",DARK,1,,,,,,
7/27/2017,MAT_LMAT,"B1, B2, B3, B4",REF,2,3,4,,,,
7/27/2017,MAT,B2,P,0,1,2,3,4,,
7/27/2017,MAT,B2,CT2,5,6,7,8,9,,
7/27/2017,MAT,B2,CT1,10,11,12,13,14,,
7/27/2017,MAT,B2,N,15,16,17,18,19,,
7/27/2017,MAT,B2,NP,20,21,22,23,24,,
7/27/2017,MAT,B4,P,25,26,27,28,29,,
7/27/2017,MAT,B4,CT2,30,31,32,33,34,,
7/27/2017,MAT,B4,N,35,36,37,38,39,,
7/27/2017,MAT,B4,CT1,40,41,42,43,44,,
7/27/2017,MAT,B4,NP,45,46,47,48,49,,
7/27/2017,MAT,B3,N,50,51,52,53,54,,
7/27/2017,MAT,B3,CT2,55,56,57,58,59,,
7/27/2017,MAT,B3,CT1,60,61,62,63,64,,
7/27/2017,MAT,B3,NP,65,66,67,68,69,,
7/27/2017,MAT,B3,P,70,71,72,73,74,,
7/27/2017,MAT,B1,CT2,75,76,77,78,79,,
7/27/2017,MAT,B1,NP,80,81,82,83,84,,
7/27/2017,MAT,B1,N,85,86,87,88,89,,
7/27/2017,MAT,B1,P,90,91,92,93,94,,
7/27/2017,MAT,B1,CT1,95,96,97,98,99,,
7/27/2017,LMAT,"B1, B2, B3, B4",DARK,1,,,,,,
7/27/2017,LMAT,"B1, B2, B3, B4",REF,2,3,4,,,,
7/27/2017,LMAT,B1,F2,5,6,7,8,9,,
7/27/2017,LMAT,B1,F5,10,11,12,13,14,,
7/27/2017,LMAT,B1,F10,15,16,17,18,19,,
7/27/2017,LMAT,B1,F1,20,21,22,23,24,,
7/27/2017,LMAT,B1,CT,25,26,27,28,29,,
7/27/2017,LMAT,B1,NO3,30,31,32,33,34,,
7/27/2017,LMAT,B1,NH4,35,36,37,38,39,,
7/27/2017,LMAT,B1,F0.5,40,41,42,43,44,,
7/27/2017,LMAT,B2,F5,45,46,47,48,49,,
7/27/2017,LMAT,B2,CT,50,51,52,53,54,,
7/27/2017,LMAT,B2,F0.5,55,56,57,58,59,,
7/27/2017,LMAT,B2,F2,60,61,62,63,64,,
7/27/2017,LMAT,B2,F1,65,66,67,68,69,,
7/27/2017,LMAT,B2,NH4,70,71,72,73,74,,
7/27/2017,LMAT,B2,F10,75,76,77,78,79,,
7/27/2017,LMAT,B2,NO3,80,81,82,83,84,,
7/27/2017,LMAT,B3,F2,85,86,87,88,89,,
7/27/2017,LMAT,B3,NH4,90,91,92,93,94,,
7/27/2017,LMAT,B3,NO3,95,96,97,98,99,,
7/27/2017,LMAT,B3,F1,100,101,102,103,104,,
7/27/2017,LMAT,B3,F0.5,105,106,107,108,109,,
7/27/2017,LMAT,B3,F5,110,111,112,113,114,,
7/27/2017,LMAT,B3,CT,115,116,117,118,119,,
7/27/2017,LMAT,B3,F10,120,121,122,123,124,,
7/27/2017,LMAT,B4,F0.5,125,126,127,128,129,,
7/27/2017,LMAT,B4,F5,130,131,132,133,134,,
7/27/2017,LMAT,B4,NH4,135,136,137,138,139,,
7/27/2017,LMAT,B4,CT,140,141,142,143,144,,
7/27/2017,LMAT,B4,F1,145,146,147,148,149,,
7/27/2017,LMAT,B4,F2,150,151,152,153,154,,
7/27/2017,LMAT,B4,NO3,155,156,157,158,159,,
7/27/2017,LMAT,B4,F10,160,161,162,163,164,,
7/27/2017,WSG1_MAT,B1,DARK,1,,,,,,
7/27/2017,WSG1_MAT,B1,REF,3,4,,,,,
7/27/2017,WSG1,B1,CT1,0,1,2,3,4,,
7/27/2017,WSG1,B1,P,5,6,7,8,9,,
7/27/2017,WSG1,B1,NP,10,11,12,13,14,,
7/27/2017,WSG1,B1,N,15,16,17,18,19,,
7/27/2017,WSG1,B1,CT2,20,21,22,23,24,,
7/25/2017,WSG23,"B2, B3",DARK,4,,,,,,
7/25/2017,WSG23_DHT,"B2, B3",REF,17,18,19,20,,,
7/25/2017,WSG23,B3,NP,5,6,7,8,9,,
7/25/2017,WSG23,B3,P,10,11,12,13,14,,
7/25/2017,WSG23,B3,N,15,16,17,18,19,,
7/25/2017,WSG23,B3,CT,20,21,22,23,24,,
7/25/2017,WSG23,B2,NP,25,26,27,28,29,,
7/25/2017,WSG23,B2,N,30,31,32,33,34,,
7/25/2017,WSG23,B2,CT,35,36,37,38,39,,
7/25/2017,WSG23,B2,P,40,41,42,43,44,,
7/25/2017,DHT,"B1, B2, B3",DARK,1,,,,,,
7/25/2017,DHT,"B1, B2, B3",REF,17,18,19,20,,,
7/25/2017,DHT,B1,NP,5,6,7,8,9,,
7/25/2017,DHT,B1,P,10,11,12,13,14,,
7/25/2017,DHT,B1,CT2,26,27,28,29,30,,
7/25/2017,DHT,B1,CT1,31,32,33,34,35,,
7/25/2017,DHT,B1,EXNP-NF,36,37,38,39,40,,
7/25/2017,DHT,B1,EXNP-SF,41,42,43,44,45,,
7/25/2017,DHT,B1,EXNP-LF,46,47,48,49,50,,
7/25/2017,DHT,B1,N,51,52,53,54,55,,
7/25/2017,DHT,B1,EXCT-NF,56,57,58,59,60,,
7/25/2017,DHT,B1,EXCT-SF,61,62,63,64,65,,
7/25/2017,DHT,B1,EXCT-LF,66,67,68,69,70,,
7/25/2017,DHT,B2,NP,71,72,73,74,75,,
7/25/2017,DHT,B2,CT2,76,77,78,79,80,,
7/25/2017,DHT,B2,EXCT-NF,81,82,83,84,85,,
7/25/2017,DHT,B2,EXCT-LF,86,87,88,89,90,,
7/25/2017,DHT,B2,EXCT-SF,91,92,93,94,95,,
7/25/2017,DHT,B2,CT1,96,97,98,99,100,,
7/25/2017,DHT,B2,N,101,102,103,104,105,,
7/25/2017,DHT,B2,P,111,112,113,114,115,,
7/25/2017,DHT,B2,EXNP-NF,116,117,118,119,120,,
7/25/2017,DHT,B2,EXNP-LF,121,122,123,124,125,,
7/25/2017,DHT,B2,EXNP-SF,126,127,128,129,130,,
7/25/2017,DHT,B3,NP,136,137,138,139,140,,
7/25/2017,DHT,B3,CT2,141,142,143,144,145,,
7/25/2017,DHT,B3,EXCT-NF,146,147,148,149,150,,
7/25/2017,DHT,B3,EXCT-LF,151,152,153,154,155,,
7/25/2017,DHT,B3,EXCT-SF,156,157,158,159,160,,
7/25/2017,DHT,B3,CT1,161,162,163,164,165,,
7/25/2017,DHT,B3,N,166,167,168,169,170,,
7/25/2017,DHT,B3,EXNP-NF,171,172,173,174,175,,
7/25/2017,DHT,B3,EXNP-LF,176,177,178,179,180,,
7/25/2017,DHT,B3,EXNP-SF,181,182,183,184,185,,
7/25/2017,DHT,B3,P,186,187,188,189,190,,
7/28/2017,SHB,B1 ,DARK,1,,,,,,
7/28/2017,SHB_HST,B1,REF,2,3,4,,,,
7/28/2017,SHB,B1,NP,2,3,4,5,6,,
7/28/2017,SHB,B1,P,7,8,9,10,11,,
7/28/2017,SHB,B1,N,12,13,14,15,16,,
7/28/2017,SHB,B1,CT2,17,18,19,20,21,,
7/28/2017,SHB,B2,DARK,1,,,,,,
7/28/2017,SHB_HST,B2,REF,2,3,4,,,,
7/28/2017,SHB,B2,NP,5,6,7,8,9,,
7/28/2017,SHB,B2,CT1,10,11,12,13,14,,
7/28/2017,SHB,B2,N,15,16,17,18,19,,
7/28/2017,SHB,B2,P,20,21,22,23,24,,
7/28/2017,HST,"B1, B2, B3, B4",DARK,0,,,,,,
7/28/2017,HST,"B1, B2, B3, B4",REF,2,3,4,,,,
7/28/2017,HST,B4,NP,5,6,7,8,9,,
7/28/2017,HST,B4,CT,10,11,12,13,14,,
7/28/2017,HST,B3,NP,15,16,17,18,19,,
7/28/2017,HST,B3,CT,20,21,22,23,24,,
7/28/2017,HST,B2,NP,25,26,27,28,29,,
7/28/2017,HST,B2,CT,30,31,32,33,34,,
7/28/2017,HST,B1,NP,35,36,37,38,39,,
7/28/2017,HST,B1,CT,40,41,42,43,44,,
7/27/2017,NANT,"B1, B2, B3",DARK,0,,,,,,
7/27/2017,NANT_DHT,"B1, B2, B3",REF,17,18,19,20,,,
7/27/2017,NANT,B3,CT,10,11,12,13,14,,
7/27/2017,NANT,B3,N,15,16,17,18,19,,
7/27/2017,NANT,B3,NP,20,21,22,23,24,,
7/27/2017,NANT,B3,P,25,26,27,28,29,,
7/27/2017,NANT,B2,P,30,31,32,33,34,,
7/27/2017,NANT,B2,NP,35,36,37,38,39,,
7/27/2017,NANT,B2,X1,40,41,42,43,44,,
7/27/2017,NANT,B2,CT,45,46,47,48,49,,
7/27/2017,NANT,B2,N,50,51,52,53,54,,
7/27/2017,NANT,B1,P,55,56,57,58,59,,
7/27/2017,NANT,B1,CT,60,61,62,63,64,,
7/27/2017,NANT,B1,NP,65,66,67,68,69,,
7/27/2017,NANT,B1,N,70,71,72,73,74,,
7/27/2017,MNAT,"B1, B2, B3",DARK,0,,,,,,
7/27/2017,MNAT_DHT,"B1, B2, B3",REF,17,18,19,20,,,
7/27/2017,MNAT,B3,P,0,1,2,3,4,,
7/27/2017,MNAT,B3,NP,5,6,7,8,9,,
7/27/2017,MNAT,B3,CT,10,11,12,13,14,,
7/27/2017,MNAT,B3,S,15,16,17,18,19,,
7/27/2017,MNAT,B3,L,20,21,22,23,24,,
7/27/2017,MNAT,B3,N,25,26,27,28,29,,
7/27/2017,MNAT,B2,N,30,31,32,33,34,,
7/27/2017,MNAT,B2,P,35,36,37,38,39,,
7/27/2017,MNAT,B2,S,40,41,42,43,44,,
7/27/2017,MNAT,B2,L,45,46,47,48,49,,
7/27/2017,MNAT,B2,NP,50,51,52,53,54,,
7/27/2017,MNAT,B2,CT,55,56,57,58,59,,
7/27/2017,MNAT,B1,CT,60,61,62,63,64,,
7/27/2017,MNAT,B1,NP,65,66,67,68,69,,
7/27/2017,MNAT,B1,L,70,71,72,73,74,,
7/27/2017,MNAT,B1,S,75,76,77,78,79,,
7/27/2017,MNAT,B1,N,80,81,82,83,84,,
7/27/2017,MNAT,B1,P,85,86,87,88,89,,
7/31/2017,MAT,"B1, B2, B3, B4",DARK,1,,,,,,
7/31/2017,MAT,"B1, B2, B3, B4",REF,3,4,,,,,
7/31/2017,MAT,B2,P,5,6,7,8,9,,
7/31/2017,MAT,B2,CT2,10,11,12,13,14,,
7/31/2017,MAT,B2,CT1,15,16,17,18,19,,
7/31/2017,MAT,B2,N,20,21,22,23,24,,
7/31/2017,MAT,B2,NP,25,26,27,28,29,,
7/31/2017,MAT,B4,P,30,31,32,33,34,,
7/31/2017,MAT,B4,CT2,35,36,37,38,39,,
7/31/2017,MAT,B4,N,40,41,42,43,44,,
7/31/2017,MAT,B4,CT1,45,46,47,48,49,,
7/31/2017,MAT,B4,NP,50,51,52,53,54,,
7/31/2017,MAT,B3,N,55,56,57,58,59,,
7/31/2017,MAT,B3,CT2,60,61,62,63,64,,
7/31/2017,MAT,B3,CT1,65,66,67,68,69,,
7/31/2017,MAT,B3,NP,70,71,72,73,74,,
7/31/2017,MAT,B3,P,75,76,77,78,79,,
7/31/2017,MAT,B1,CT2,80,81,82,83,84,,
7/31/2017,MAT,B1,NP,85,86,87,88,89,,
7/31/2017,MAT,B1,N,90,91,92,93,94,,
7/31/2017,MAT,B1,P,95,96,97,98,99,,
7/31/2017,MAT,B1,CT1,100,101,102,103,104,,
7/31/2017,LMAT_MAT,"B1, B2, B3, B4",DARK,1,,,,,,
7/31/2017,LMAT_MAT,"B1, B2, B3, B4",REF,3,4,,,,,
7/31/2017,LMAT,B1,F2,0,1,2,3,4,,
7/31/2017,LMAT,B1,F5,5,6,7,8,9,,
7/31/2017,LMAT,B1,F10,10,11,12,13,14,,
7/31/2017,LMAT,B1,F1,15,16,17,18,19,,
7/31/2017,LMAT,B1,CT,20,21,22,23,24,,
7/31/2017,LMAT,B1,NO3,25,26,27,28,29,,
7/31/2017,LMAT,B1,NH4,30,31,32,33,34,,
7/31/2017,LMAT,B1,F0.5,35,36,37,38,39,,
7/31/2017,LMAT,B2,F5,40,41,42,43,44,,
7/31/2017,LMAT,B2,CT,45,46,47,48,49,,
7/31/2017,LMAT,B2,F0.5,50,51,52,53,54,,
7/31/2017,LMAT,B2,F2,55,56,57,58,59,,
7/31/2017,LMAT,B2,F1,60,61,62,63,64,,
7/31/2017,LMAT,B2,NH4,65,66,67,68,69,,
7/31/2017,LMAT,B2,F10,70,71,72,73,74,,
7/31/2017,LMAT,B2,NO3,75,76,77,78,79,,
7/31/2017,LMAT,B3,F2,80,81,82,83,84,,
7/31/2017,LMAT,B3,NH4,85,86,87,88,89,,
7/31/2017,LMAT,B3,NO3,90,91,92,93,94,,
7/31/2017,LMAT,B3,F1,95,96,97,98,99,,
7/31/2017,LMAT,B3,F0.5,100,101,102,103,104,,
7/31/2017,LMAT,B3,F5,105,106,107,108,109,,
7/31/2017,LMAT,B3,CT,110,111,112,113,114,,
7/31/2017,LMAT,B3,F10,115,116,117,118,119,,
7/31/2017,LMAT,B4,F0.5,120,121,122,123,124,,
7/31/2017,LMAT,B4,F5,125,126,127,128,129,,
7/31/2017,LMAT,B4,NH4,130,131,132,133,134,,
7/31/2017,LMAT,B4,CT,135,136,137,138,139,,
7/31/2017,LMAT,B4,F1,140,141,142,143,144,,
7/31/2017,LMAT,B4,F2,145,146,147,148,149,,
7/31/2017,LMAT,B4,NO3,150,151,152,153,154,,
7/31/2017,LMAT,B4,F10,155,156,157,158,159,,
7/31/2017,WSG1,B1,DARK,1,,,,,,
7/31/2017,WSG1,B1,REF,3,4,,,,,
7/31/2017,WSG1,B1,CT1,0,1,2,3,4,,
7/31/2017,WSG1,B1,P,5,6,7,8,9,,
7/31/2017,WSG1,B1,NP,10,11,12,13,14,,
7/31/2017,WSG1,B1,N,15,16,17,18,19,,
7/31/2017,WSG1,B1,CT2,20,21,22,23,24,,
8/4/2017,WSG23,"B2, B3",DARK,4,,,,,,
8/4/2017,WSG23,"B2, B3",REF,10,11,12,13,14,,
8/4/2017,WSG23,B3,NP,5,6,7,8,9,,
8/4/2017,WSG23,B3,P,10,11,12,13,14,,
8/4/2017,WSG23,B3,N,15,16,17,18,19,,
8/4/2017,WSG23,B3,CT,20,21,22,23,24,,
8/4/2017,WSG23,B2,NP,25,26,27,28,29,,
8/4/2017,WSG23,B2,N,30,31,32,33,34,,
8/4/2017,WSG23,B2,CT,35,36,37,38,39,,
8/4/2017,WSG23,B2,P,40,41,42,43,44,,
8/4/2017,DHT,"B1, B2, B3",DARK,2,,,,,,
8/4/2017,DHT,"B1, B2, B3",REF,10,11,12,13,14,,
8/4/2017,DHT,B1,NP,5,6,7,8,9,,
8/4/2017,DHT,B1,P,10,11,12,13,14,,
8/4/2017,DHT,B1,CT2,15,16,17,18,19,,
8/4/2017,DHT,B1,CT1,20,21,22,23,24,,
8/4/2017,DHT,B1,EXNP-NF,25,26,27,28,29,,
8/4/2017,DHT,B1,EXNP-SF,30,31,32,33,34,,
8/4/2017,DHT,B1,EXNP-LF,35,36,37,38,39,,
8/4/2017,DHT,B1,N,40,41,42,43,44,,
8/4/2017,DHT,B1,EXCT-NF,45,46,47,48,49,,
8/4/2017,DHT,B1,EXCT-SF,50,51,52,53,54,,
8/4/2017,DHT,B1,EXCT-LF,55,56,57,58,59,,
8/4/2017,DHT,B2,NP,60,61,62,63,64,,
8/4/2017,DHT,B2,CT2,65,66,67,68,69,,
8/4/2017,DHT,B2,EXCT-NF,70,71,72,73,74,,
8/4/2017,DHT,B2,EXCT-LF,75,76,77,78,79,,
8/4/2017,DHT,B2,EXCT-SF,80,81,82,83,84,,
8/4/2017,DHT,B2,CT1,85,86,87,88,89,,
8/4/2017,DHT,B2,N,90,91,92,93,94,,
8/4/2017,DHT,B2,P,95,96,97,98,99,,
8/4/2017,DHT,B2,EXNP-NF,100,101,102,103,104,,
8/4/2017,DHT,B2,EXNP-LF,105,106,107,108,109,,
8/4/2017,DHT,B2,EXNP-SF,110,111,112,113,114,,
8/4/2017,DHT,B3,NP,115,116,117,118,119,,
8/4/2017,DHT,B3,CT2,120,121,122,123,124,,
8/4/2017,DHT,B3,EXCT-NF,125,126,127,128,129,,
8/4/2017,DHT,B3,EXCT-LF,130,131,132,133,134,,
8/4/2017,DHT,B3,EXCT-SF,135,136,137,138,139,,
8/4/2017,DHT,B3,CT1,140,141,142,143,144,,
8/4/2017,DHT,B3,N,145,146,147,148,149,,
8/4/2017,DHT,B3,EXNP-NF,150,151,152,153,154,,
8/4/2017,DHT,B3,EXNP-LF,155,156,157,158,159,,
8/4/2017,DHT,B3,EXNP-SF,160,161,162,163,164,,
8/4/2017,DHT,B3,P,165,166,167,168,169,,
8/4/2017,HST,"B1, B2, B3, B4",DARK,0,,,,,,
8/4/2017,HST,"B1, B2, B3, B4",REF,1,2,3,4,5,,
8/4/2017,HST,B4,NP,6,7,8,9,10,,
8/4/2017,HST,B4,CT,11,12,13,14,15,,
8/4/2017,HST,B3,NP,16,17,18,19,20,,
8/4/2017,HST,B3,CT,21,22,23,24,25,,
8/4/2017,HST,B2,NP,26,27,28,29,30,,
8/4/2017,HST,B2,CT,31,32,33,34,35,,
8/4/2017,HST,B1,NP,36,37,38,39,40,,
8/4/2017,HST,B1,CT,41,42,43,44,45,,
8/5/2017,NANT,"B1, B2, B3",DARK,0,,,,,,
8/4/2017,NANT,"B1, B2, B3",REF,10,11,12,13,14,,
8/5/2017,NANT,B3,CT,1,2,3,4,5,,
8/5/2017,NANT,B3,N,6,7,8,9,10,,
8/5/2017,NANT,B3,NP,11,12,13,14,15,,
8/5/2017,NANT,B3,P,16,17,18,19,20,,
8/5/2017,NANT,B2,P,21,22,23,24,25,,
8/5/2017,NANT,B2,NP,26,27,28,29,30,,
8/5/2017,NANT,B2,CT,21,22,23,24,25,,
8/5/2017,NANT,B2,N,26,27,28,29,30,,
8/5/2017,NANT,B1,P,21,22,23,24,25,,
8/5/2017,NANT,B1,CT,26,27,28,29,30,,
8/5/2017,NANT,B1,NP,21,22,23,24,25,,
8/5/2017,NANT,B1,N,26,27,28,29,30,,
8/5/2017,MNAT_NANT,"B1, B2, B3 ",DARK,0,,,,,,
8/4/2017,MNAT_NANT,"B1, B2, B3 ",REF,10,11,12,13,14,,
8/5/2017,MNAT,B3,P,0,1,2,3,4,,
8/5/2017,MNAT,B3,NP,5,6,7,8,9,,
8/5/2017,MNAT,B3,CT,10,11,12,13,14,,
8/5/2017,MNAT,B3,S,15,16,17,18,19,,
8/5/2017,MNAT,B3,L,20,21,22,23,24,,
8/5/2017,MNAT,B3,N,25,26,27,28,29,,
8/5/2017,MNAT,B2,N,30,31,32,33,34,,
8/5/2017,MNAT,B2,P,35,36,37,38,39,,
8/5/2017,MNAT,B2,S,40,41,42,43,44,,
8/5/2017,MNAT,B2,L,45,46,47,48,49,,
8/5/2017,MNAT,B2,NP,50,51,52,53,54,,
8/5/2017,MNAT,B2,CT,55,56,57,58,59,,
8/5/2017,MNAT,B1,CT,60,61,62,63,64,,
8/5/2017,MNAT,B1,NP,65,66,67,68,69,,
8/5/2017,MNAT,B1,L,70,71,72,73,74,,
8/5/2017,MNAT,B1,S,75,76,77,78,79,,
8/5/2017,MNAT,B1,N,80,81,82,83,84,,
8/5/2017,MNAT,B1,P,85,86,87,88,89,,
8/10/2017,MAT_WSG1,"B1, B2, B3, B4",DARK,0,,,,,,
8/10/2017,MAT_WSG1,"B1, B2, B3, B4",REF,3,4,5,6,7,,
8/10/2017,MAT,B2,P,0,1,2,3,4,,
8/10/2017,MAT,B2,CT2,5,6,7,8,9,,
8/10/2017,MAT,B2,CT1,10,11,12,13,14,,
8/10/2017,MAT,B2,N,15,16,17,18,19,,
8/10/2017,MAT,B2,NP,20,21,22,23,24,,
8/10/2017,MAT,B4,N,25,26,27,28,29,,
8/10/2017,MAT,B4,P,30,31,32,33,34,,
8/10/2017,MAT,B4,CT2,35,36,37,38,39,,
8/10/2017,MAT,B4,CT1,40,41,42,43,44,,
8/10/2017,MAT,B4,NP,45,46,47,48,49,,
8/10/2017,MAT,B3,N,50,51,52,53,54,,
8/10/2017,MAT,B3,CT2,55,56,57,58,59,,
8/10/2017,MAT,B3,CT1,60,61,62,63,64,,
8/10/2017,MAT,B3,NP,65,66,67,68,69,,
8/10/2017,MAT,B3,P,70,71,72,73,74,,
8/10/2017,MAT,B1,CT2,75,76,77,78,79,,
8/10/2017,MAT,B1,NP,80,81,82,83,84,,
8/10/2017,MAT,B1,N,85,86,87,88,89,,
8/10/2017,MAT,B1,P,90,91,92,93,94,,
8/10/2017,MAT,B1,CT1,95,96,97,98,99,,
8/10/2017,LMAT_WSG1,"B1, B2, B3, B4",DARK,0,,,,,,
8/10/2017,LMAT_WSG1,"B1, B2, B3, B4",REF,3,4,5,6,7,,
8/10/2017,LMAT,B1,F2,0,1,2,3,4,,
8/10/2017,LMAT,B1,F5,5,6,7,8,9,,
8/10/2017,LMAT,B1,F10,10,11,12,13,14,,
8/10/2017,LMAT,B1,F1,15,16,17,18,19,,
8/10/2017,LMAT,B1,CT,20,21,22,23,24,,
8/10/2017,LMAT,B1,NO3,25,26,27,28,29,,
8/10/2017,LMAT,B1,NH4,30,31,32,33,34,,
8/10/2017,LMAT,B1,F0.5,35,36,37,38,39,,
8/10/2017,LMAT,B2,F5,40,41,42,43,44,,
8/10/2017,LMAT,B2,CT,45,46,47,48,49,,
8/10/2017,LMAT,B2,F0.5,50,51,52,53,54,,
8/10/2017,LMAT,B2,F2,55,56,57,58,59,,
8/10/2017,LMAT,B2,F1,60,61,62,63,64,,
8/10/2017,LMAT,B2,NH4,65,66,67,68,69,,
8/10/2017,LMAT,B2,F10,70,71,72,73,74,,
8/10/2017,LMAT,B2,NO3,75,76,77,78,79,,
8/10/2017,LMAT,B3,F2,80,81,82,83,84,,
8/10/2017,LMAT,B3,NH4,85,86,87,88,89,,
8/10/2017,LMAT,B3,NO3,90,91,92,93,94,,
8/10/2017,LMAT,B3,F1,95,96,97,98,99,,
8/10/2017,LMAT,B3,F0.5,100,101,102,103,104,,
8/10/2017,LMAT,B3,F5,105,106,107,108,109,,
8/10/2017,LMAT,B3,CT,110,111,112,113,114,,
8/10/2017,LMAT,B3,F10,115,116,117,118,119,,
8/10/2017,LMAT,B4,F0.5,120,121,122,123,124,,
8/10/2017,LMAT,B4,F5,125,126,127,128,129,,
8/10/2017,LMAT,B4,NH4,130,131,132,133,134,,
8/10/2017,LMAT,B4,CT,135,136,137,138,139,,
8/10/2017,LMAT,B4,F1,140,141,142,143,144,,
8/10/2017,LMAT,B4,F2,145,146,147,148,149,,
8/10/2017,LMAT,B4,NO3,150,151,152,153,154,,
8/10/2017,LMAT,B4,F10,155,156,157,158,159,,
8/10/2017,WSG1,B1,DARK,1,,,,,,
8/10/2017,WSG1,B1,REF,3,4,5,6,7,,
8/10/2017,WSG1,B1,CT1,15,16,17,18,19,,
8/10/2017,WSG1,B1,P,20,21,22,23,24,,
8/10/2017,WSG1,B1,NP,25,26,27,28,29,,
8/10/2017,WSG1,B1,N,30,31,32,33,34,,
8/10/2017,WSG1,B1,CT2,35,36,37,38,39,,
8/10/2017,WSG1,B1,TOWER,10,11,12,13,14,,
8/10/2017,WSG23,"B2, B3",DARK,0,,,,,,
8/10/2017,WSG23,"B2, B3",REF,3,4,5,6,7,,
8/10/2017,WSG23,B3,NP,1,2,3,4,5,,
8/10/2017,WSG23,B3,P,6,7,8,9,10,,
8/10/2017,WSG23,B3,N,11,12,13,14,15,,
8/10/2017,WSG23,B3,CT,16,17,18,19,20,,
8/10/2017,WSG23,B2,NP,21,22,23,24,25,,
8/10/2017,WSG23,B2,N,26,27,28,29,30,,
8/10/2017,WSG23,B2,CT,31,32,33,34,35,,
8/10/2017,WSG23,B2,P,36,37,38,39,40,,
8/10/2017,DHT,"B1, B2, B3 ",DARK,0,,,,,,
8/10/2017,DHT_WSG1,"B1, B2, B3 ",REF,3,4,5,6,7,,
8/10/2017,DHT,B1,NP,1,2,3,4,5,,
8/10/2017,DHT,B1,P,6,7,8,9,10,,
8/10/2017,DHT,B1,CT2,11,12,13,14,15,,
8/10/2017,DHT,B1,CT1,16,17,18,19,20,,
8/10/2017,DHT,B1,EXNP-NF,21,22,23,24,25,,
8/10/2017,DHT,B1,EXNP-SF,26,27,28,29,30,,
8/10/2017,DHT,B1,EXNP-LF,31,32,33,34,35,,
8/10/2017,DHT,B1,N,36,37,38,39,40,,
8/10/2017,DHT,B1,EXCT-NF,41,42,43,44,45,,
8/10/2017,DHT,B1,EXCT-SF,46,47,48,49,50,,
8/10/2017,DHT,B1,EXCT-LF,51,52,53,54,55,,
8/10/2017,DHT,B2,NP,56,57,58,59,60,,
8/10/2017,DHT,B2,CT2,61,62,63,64,65,,
8/10/2017,DHT,B2,EXCT-NF,66,67,68,69,70,,
8/10/2017,DHT,B2,EXCT-SF,71,72,73,74,75,,
8/10/2017,DHT,B2,EXCT-LF,76,77,78,79,80,,
8/10/2017,DHT,B2,CT1,81,82,83,84,85,,
8/10/2017,DHT,B2,N,86,87,88,89,90,,
8/10/2017,DHT,B2,P,91,92,93,94,95,,
8/10/2017,DHT,B2,EXNP-NF,96,97,98,99,100,,
8/10/2017,DHT,B2,EXNP-LF,101,102,103,104,105,,
8/10/2017,DHT,B2,EXNP-SF,106,107,108,109,110,,
8/10/2017,DHT,B3,NP,111,112,113,114,115,,
8/10/2017,DHT,B3,CT2,116,117,118,119,120,,
8/10/2017,DHT,B3,EXCT-LF,121,122,123,124,125,,
8/10/2017,DHT,B3,EXCT-SF,126,127,128,129,130,,
8/10/2017,DHT,B3,EXCT-NF,131,132,133,134,135,,
8/10/2017,DHT,B3,CT1,136,137,138,139,140,,
8/10/2017,DHT,B3,N,141,142,143,144,145,,
8/10/2017,DHT,B3,EXNP-NF,146,147,148,149,150,,
8/10/2017,DHT,B3,EXNP-SF,151,152,153,154,155,,
8/10/2017,DHT,B3,EXNP-LF,156,157,158,159,160,,
8/10/2017,DHT,B3,P,161,162,163,164,165,,
8/7/2017,SHB1,B1,DARK,0,,,,,,
8/7/2017,SHB1_TEST,B1,REF,11,12,13,,,,
8/7/2017,SHB1,B1,NP,1,2,3,4,5,,
8/7/2017,SHB1,B1,P,6,7,8,9,10,,
8/7/2017,SHB1,B1,N,11,12,13,14,15,,
8/7/2017,SHB1,B1,CT2,16,17,18,19,20,,
8/7/2017,SHB2,B2,DARK,,,,,,,
8/7/2017,SHB2_TEST,B2,REF,11,12,13,,,,
8/7/2017,SHB2,B2,NP,1,2,3,4,5,,
8/7/2017,SHB2,B2,CT1,6,7,8,9,10,,
8/7/2017,SHB2,B2,N,11,12,13,14,15,,
8/7/2017,SHB2,B2,P,16,17,18,19,20,,
8/22/2017,MAT,"B1, B2, B3, B4",DARK,0,,,,,,
8/22/2017,MAT,"B1, B2, B3, B4",REF,6,7,8,9,10,,
8/22/2017,MAT,B2,P,11,12,13,14,15,,
8/22/2017,MAT,B2,CT2,16,17,18,19,20,,
8/22/2017,MAT,B2,CT1,21,22,23,24,25,,
8/22/2017,MAT,B2,N,26,27,28,29,30,,
8/22/2017,MAT,B2,NP,31,32,33,34,35,,
8/22/2017,MAT,B4,P,36,37,38,39,40,,
8/22/2017,MAT,B4,CT2,41,42,43,44,45,,
8/22/2017,MAT,B4,N,46,47,48,49,50,,
8/22/2017,MAT,B4,CT1,51,52,53,54,55,,
8/22/2017,MAT,B4,NP,56,57,58,59,60,,
8/22/2017,MAT,B3,N,61,62,63,64,65,,
8/22/2017,MAT,B3,CT2,66,67,68,69,70,,
8/22/2017,MAT,B3,CT1,71,72,73,74,75,,
8/22/2017,MAT,B3,NP,76,77,78,79,80,,
8/22/2017,MAT,B3,P,81,82,83,84,85,,
8/22/2017,MAT,B1,CT2,86,87,88,89,90,,
8/22/2017,MAT,B1,NP,91,92,93,94,95,,
8/22/2017,MAT,B1,N,96,97,98,99,100,,
8/22/2017,MAT,B1,P,101,102,103,104,105,,
8/22/2017,MAT,B1,CT1,106,107,108,109,110,,
8/22/2017,LMAT,"B1, B2, B3, B4",DARK,0,,,,,,
8/22/2017,LMAT,"B1, B2, B3, B4",REF,6,7,8,9,10,,
8/22/2017,LMAT,B1,F2,0,1,2,3,4,,
8/22/2017,LMAT,B1,F5,5,6,7,8,9,,
8/22/2017,LMAT,B1,F10,10,11,12,13,14,,
8/22/2017,LMAT,B1,F1,15,16,17,18,19,,
8/22/2017,LMAT,B1,CT,20,21,22,23,24,,
8/22/2017,LMAT,B1,NO3,25,26,27,28,29,,
8/22/2017,LMAT,B1,NH4,30,31,32,33,34,,
8/22/2017,LMAT,B1,F0.5,35,36,37,38,39,,
8/22/2017,LMAT,B2,F5,40,41,42,43,44,,
8/22/2017,LMAT,B2,CT,45,46,47,48,49,,
8/22/2017,LMAT,B2,F0.5,50,51,52,53,54,,
8/22/2017,LMAT,B2,F2,55,56,57,58,59,,
8/22/2017,LMAT,B2,F1,60,61,62,63,64,,
8/22/2017,LMAT,B2,NH4,65,66,67,68,69,,
8/22/2017,LMAT,B2,F10,70,71,72,73,74,,
8/22/2017,LMAT,B2,NO3,75,76,77,78,79,,
8/22/2017,LMAT,B3,F2,80,81,82,83,84,,
8/22/2017,LMAT,B3,NH4,85,86,87,88,89,,
8/22/2017,LMAT,B3,NO3,90,91,92,93,94,,
8/22/2017,LMAT,B3,F1,95,96,97,98,99,,
8/22/2017,LMAT,B3,F0.5,100,101,102,103,104,,
8/22/2017,LMAT,B3,F5,105,106,107,108,109,,
8/22/2017,LMAT,B3,CT,110,111,112,113,114,,
8/22/2017,LMAT,B3,F10,115,116,117,118,119,,
8/22/2017,LMAT,B4,F0.5,121,122,123,124,125,,
8/22/2017,LMAT,B4,F5,126,127,128,129,130,,
8/22/2017,LMAT,B4,NH4,131,132,133,134,135,,
8/22/2017,LMAT,B4,CT,136,137,138,139,140,,
8/22/2017,LMAT,B4,F1,141,142,143,144,145,,
8/22/2017,LMAT,B4,F2,146,147,148,149,150,,
8/22/2017,LMAT,B4,NO3,151,152,153,154,155,,
8/22/2017,LMAT,B4,F10,156,157,158,159,160,,