JUL26MNAT00035.spu,JUL26MNAT00034.spu,JUL26MNAT00033.spu,JUL26MNAT00032.spu,JUL26MNAT00031.spu,
Wavelength,JUL26MNAT00036.spu,JUL26MNAT00037.spu,JUL26MNAT00038.spu,JUL26MNAT00039.spu,JUL26MNAT00040.spu
  (nm),7/26/2016 ,7/26/2016 ,7/26/2016 ,7/26/2016 ,7/26/2016 
  time  ,38:55 PM,39:06 PM,39:11 PM,39:17 PM,39:33 PM
temp C,SW,SW,SW,SW,SW
,,,,,
 310 , 1 , 1 , 1 , 1 , 1 
 311 , 1 , 1 , 1 , 1 , 1 
 312 , 1 , 1 , 1 , 1 , 1 
 313 , 1 , 1 , 1 , 1 , 1 
 314 , 1 , 1 , 1 , 1 , 1 
 315 , 1 , 1 , 1 , 1 , 1 
 316 , 1 , 1 , 1 , 1 , 1 
 317 , 1 , 1 , 1 , 1 , 1 
 318 , 1 , 1 , 1 , 1 , 1 
 319 , 1 , 1 , 1 , 1 , 1 
 320 , 1 , 1 , 1 , 1 , 1 
 321 , 1 , 1 , 1 , 1 , 1 
 322 , 1 , 1 , 1 , 1 , 1 
 323 , 1 , 1 , 1 , 1 , 1 
 324 , 1 , 1 , 1 , 1 , 1 
 325 , 1 , 1 , 1 , 1 , 1 
 326 , 1 , 1 , 1 , 1 , 1 
 327 , 1 , 1 , 1 , 1 , 1 
 328 , 0 , 0.010396 , 0.010396 , 0.010396 , 0 
 329 , 0 , 0.609048 , 0.609048 , 0.609048 , 0 
 330 , 0 , 0.853473 , 0.853473 , 0.853473 , 0 
 331 , 0 , 0.98629 , 0.98629 , 0.98629 , 0 
 332 , 0 , 1.069111 , 1.069111 , 1.069111 , 0.00015 
 333 , 0 , 1.115694 , 1.115694 , 1.115694 , 0.000487 
 334 , 0 , 1.145758 , 1.145758 , 1.145758 , 0.00095 
 335 , 0.000086 , 0.000794 , 0.000204 , 0.000292 , 0.000273 
 336 , 0.001331 , 0.003813 , 0.00098 , 0.0014 , 0.001575 
 337 , 0.002727 , 0.005956 , 0.00153 , 0.002187 , 0.002865 
 338 , 0.00396 , 0.007619 , 0.001958 , 0.002797 , 0.004037 
 339 , 0.005181 , 0.00912 , 0.003224 , 0.005188 , 0.006628 
 340 , 0.005778 , 0.009817 , 0.004554 , 0.008348 , 0.009228 
 341 , 0.006113 , 0.010238 , 0.00587 , 0.012248 , 0.011714 
 342 , 0.007802 , 0.011734 , 0.007987 , 0.016007 , 0.013487 
 343 , 0.010938 , 0.013676 , 0.010553 , 0.0176 , 0.013664 
 344 , 0.013792 , 0.014973 , 0.012616 , 0.01847 , 0.013468 
 345 , 0.016315 , 0.015837 , 0.014186 , 0.019149 , 0.013286 
 346 , 0.017572 , 0.016097 , 0.014053 , 0.021007 , 0.01422 
 347 , 0.018427 , 0.016005 , 0.013752 , 0.022436 , 0.014774 
 348 , 0.01899 , 0.015729 , 0.013372 , 0.023537 , 0.015068 
 349 , 0.020194 , 0.016649 , 0.014534 , 0.024351 , 0.016256 
 350 , 0.021601 , 0.01797 , 0.01617 , 0.024953 , 0.017755 
 351 , 0.022911 , 0.01919 , 0.01762 , 0.025418 , 0.019151 
 352 , 0.023702 , 0.019899 , 0.018359 , 0.024926 , 0.020398 
 353 , 0.023567 , 0.019716 , 0.017942 , 0.023077 , 0.021387 
 354 , 0.023389 , 0.019513 , 0.017555 , 0.021648 , 0.022223 
 355 , 0.023177 , 0.019295 , 0.017189 , 0.020492 , 0.022924 
 356 , 0.023673 , 0.020152 , 0.017934 , 0.022978 , 0.024097 
 357 , 0.024055 , 0.020933 , 0.018611 , 0.025647 , 0.025136 
 358 , 0.02432 , 0.021607 , 0.019184 , 0.028312 , 0.026041 
 359 , 0.024853 , 0.021662 , 0.019618 , 0.02865 , 0.025962 
 360 , 0.025595 , 0.0213 , 0.019963 , 0.027386 , 0.02525 
 361 , 0.026283 , 0.020942 , 0.020277 , 0.026282 , 0.024595 
 362 , 0.026955 , 0.020782 , 0.02064 , 0.025749 , 0.024142 
 363 , 0.027693 , 0.021335 , 0.021282 , 0.027046 , 0.024289 
 364 , 0.028372 , 0.021836 , 0.021875 , 0.02828 , 0.024419 
 365 , 0.029 , 0.022292 , 0.022425 , 0.029456 , 0.024535 
 366 , 0.028798 , 0.02227 , 0.022397 , 0.029274 , 0.025586 
 367 , 0.028446 , 0.022131 , 0.022254 , 0.028779 , 0.026821 
 368 , 0.028124 , 0.021975 , 0.022124 , 0.028272 , 0.028012 
 369 , 0.027974 , 0.022174 , 0.021961 , 0.027876 , 0.028384 
 370 , 0.028015 , 0.022824 , 0.021764 , 0.027642 , 0.027789 
 371 , 0.028041 , 0.023458 , 0.021586 , 0.027455 , 0.027276 
 372 , 0.028033 , 0.024056 , 0.021425 , 0.027337 , 0.026867 
 373 , 0.027606 , 0.024233 , 0.021296 , 0.027682 , 0.02709 
 374 , 0.027301 , 0.024438 , 0.02121 , 0.028022 , 0.027297 
 375 , 0.02708 , 0.024662 , 0.021153 , 0.028359 , 0.027493 
 376 , 0.027451 , 0.024536 , 0.021635 , 0.028357 , 0.027431 
 377 , 0.027946 , 0.024169 , 0.022187 , 0.028199 , 0.02733 
 378 , 0.028347 , 0.023723 , 0.022609 , 0.028032 , 0.027287 
 379 , 0.028717 , 0.023448 , 0.022723 , 0.028076 , 0.027345 
 380 , 0.029073 , 0.023628 , 0.022372 , 0.028462 , 0.02744 
 381 , 0.029386 , 0.023849 , 0.02207 , 0.028729 , 0.027392 
 382 , 0.029681 , 0.024095 , 0.02179 , 0.028936 , 0.027268 
 383 , 0.030135 , 0.024394 , 0.022199 , 0.029202 , 0.027802 
 384 , 0.030587 , 0.024687 , 0.022653 , 0.029469 , 0.02832 
 385 , 0.031034 , 0.024974 , 0.023118 , 0.029737 , 0.028816 
 386 , 0.03133 , 0.025305 , 0.023577 , 0.029997 , 0.029161 
 387 , 0.031518 , 0.025644 , 0.024016 , 0.03024 , 0.029401 
 388 , 0.031699 , 0.025959 , 0.024441 , 0.030473 , 0.029635 
 389 , 0.031894 , 0.02631 , 0.024801 , 0.030793 , 0.029943 
 390 , 0.032149 , 0.026833 , 0.024978 , 0.031447 , 0.030536 
 391 , 0.032399 , 0.027341 , 0.025151 , 0.032069 , 0.031105 
 392 , 0.032638 , 0.027826 , 0.025315 , 0.032665 , 0.031653 
 393 , 0.033185 , 0.028208 , 0.025844 , 0.033115 , 0.032 
 394 , 0.033746 , 0.028543 , 0.026394 , 0.033506 , 0.032291 
 395 , 0.034264 , 0.028857 , 0.026902 , 0.03387 , 0.032565 
 396 , 0.034976 , 0.029254 , 0.027407 , 0.034396 , 0.032911 
 397 , 0.035826 , 0.029699 , 0.02788 , 0.035035 , 0.033304 
 398 , 0.036565 , 0.030093 , 0.028291 , 0.035594 , 0.033648 
 399 , 0.0372 , 0.030477 , 0.02869 , 0.036098 , 0.034012 
 400 , 0.037661 , 0.031132 , 0.02933 , 0.036661 , 0.034799 
 401 , 0.038067 , 0.031715 , 0.029897 , 0.037163 , 0.035492 
 402 , 0.038429 , 0.032233 , 0.030405 , 0.037604 , 0.036113 
 403 , 0.038872 , 0.032566 , 0.030799 , 0.037943 , 0.036416 
 404 , 0.039321 , 0.032824 , 0.031145 , 0.038235 , 0.036611 
 405 , 0.039746 , 0.033065 , 0.031469 , 0.038509 , 0.036787 
 406 , 0.040085 , 0.033367 , 0.031747 , 0.038832 , 0.037038 
 407 , 0.040319 , 0.033764 , 0.031962 , 0.039255 , 0.037411 
 408 , 0.040538 , 0.034139 , 0.032167 , 0.039657 , 0.037763 
 409 , 0.04075 , 0.034498 , 0.032361 , 0.040039 , 0.038097 
 410 , 0.041264 , 0.034752 , 0.032776 , 0.040421 , 0.038577 
 411 , 0.041751 , 0.034994 , 0.033165 , 0.04078 , 0.039031 
 412 , 0.042209 , 0.035218 , 0.033539 , 0.04112 , 0.039457 
 413 , 0.042644 , 0.035476 , 0.033813 , 0.041419 , 0.039664 
 414 , 0.043059 , 0.035752 , 0.034042 , 0.041691 , 0.039742 
 415 , 0.043453 , 0.036014 , 0.034263 , 0.041947 , 0.039824 
 416 , 0.043825 , 0.03629 , 0.034507 , 0.042223 , 0.04 
 417 , 0.044157 , 0.03664 , 0.034848 , 0.042563 , 0.040445 
 418 , 0.044482 , 0.036974 , 0.035173 , 0.042886 , 0.040874 
 419 , 0.044789 , 0.037292 , 0.035489 , 0.043203 , 0.041288 
 420 , 0.045248 , 0.037583 , 0.035844 , 0.043493 , 0.041547 
 421 , 0.045712 , 0.037865 , 0.036193 , 0.043776 , 0.041789 
 422 , 0.046162 , 0.038139 , 0.036533 , 0.044055 , 0.042021 
 423 , 0.046541 , 0.038473 , 0.036849 , 0.044333 , 0.042312 
 424 , 0.046867 , 0.03887 , 0.037153 , 0.044628 , 0.04265 
 425 , 0.047194 , 0.039255 , 0.037451 , 0.044916 , 0.042987 
 426 , 0.047519 , 0.039628 , 0.037765 , 0.045209 , 0.04333 
 427 , 0.047876 , 0.039943 , 0.038121 , 0.045519 , 0.043697 
 428 , 0.048227 , 0.040248 , 0.038478 , 0.045823 , 0.044064 
 429 , 0.048578 , 0.040558 , 0.038829 , 0.046127 , 0.044421 
 430 , 0.049113 , 0.041015 , 0.039178 , 0.046556 , 0.04476 
 431 , 0.049676 , 0.041503 , 0.039519 , 0.047006 , 0.045075 
 432 , 0.050227 , 0.041977 , 0.039846 , 0.047448 , 0.045387 
 433 , 0.050719 , 0.042459 , 0.04024 , 0.047868 , 0.045755 
 434 , 0.051145 , 0.042951 , 0.040707 , 0.048267 , 0.046199 
 435 , 0.051555 , 0.043422 , 0.041153 , 0.048655 , 0.046628 
 436 , 0.051961 , 0.04389 , 0.041589 , 0.04904 , 0.047053 
 437 , 0.052561 , 0.04445 , 0.042111 , 0.049497 , 0.047568 
 438 , 0.053139 , 0.044997 , 0.042619 , 0.049938 , 0.048073 
 439 , 0.053708 , 0.045524 , 0.043113 , 0.05037 , 0.048557 
 440 , 0.054178 , 0.046099 , 0.043463 , 0.050814 , 0.048964 
 441 , 0.054605 , 0.046681 , 0.043759 , 0.051261 , 0.049326 
 442 , 0.05503 , 0.047251 , 0.044047 , 0.051705 , 0.049687 
 443 , 0.055442 , 0.047796 , 0.044413 , 0.052144 , 0.050094 
 444 , 0.055851 , 0.048298 , 0.044938 , 0.052582 , 0.050607 
 445 , 0.056254 , 0.048787 , 0.04545 , 0.053014 , 0.051108 
 446 , 0.056655 , 0.049277 , 0.045957 , 0.053445 , 0.051596 
 447 , 0.057141 , 0.049749 , 0.046233 , 0.05387 , 0.051901 
 448 , 0.057633 , 0.050214 , 0.046504 , 0.054291 , 0.052197 
 449 , 0.058114 , 0.05068 , 0.046777 , 0.054713 , 0.052494 
 450 , 0.058475 , 0.051085 , 0.047065 , 0.055105 , 0.052816 
 451 , 0.05876 , 0.051464 , 0.047361 , 0.055486 , 0.053153 
 452 , 0.059051 , 0.051837 , 0.047658 , 0.055868 , 0.053496 
 453 , 0.059364 , 0.052185 , 0.04796 , 0.056196 , 0.053834 
 454 , 0.05975 , 0.05245 , 0.04828 , 0.056361 , 0.054153 
 455 , 0.060136 , 0.05272 , 0.048599 , 0.056526 , 0.054466 
 456 , 0.060528 , 0.05299 , 0.048919 , 0.056691 , 0.054791 
 457 , 0.060829 , 0.053321 , 0.049158 , 0.057029 , 0.055043 
 458 , 0.061127 , 0.053654 , 0.049386 , 0.057387 , 0.055284 
 459 , 0.06143 , 0.053994 , 0.049614 , 0.057746 , 0.055531 
 460 , 0.061642 , 0.054242 , 0.049847 , 0.057979 , 0.055775 
 461 , 0.061781 , 0.054404 , 0.050078 , 0.05809 , 0.056013 
 462 , 0.061915 , 0.054574 , 0.050311 , 0.058202 , 0.056258 
 463 , 0.062086 , 0.054754 , 0.050535 , 0.058349 , 0.056483 
 464 , 0.06239 , 0.054998 , 0.050699 , 0.058679 , 0.056594 
 465 , 0.062696 , 0.055244 , 0.050865 , 0.059011 , 0.056706 
 466 , 0.063011 , 0.055498 , 0.051038 , 0.059351 , 0.05682 
 467 , 0.063153 , 0.055654 , 0.051212 , 0.059574 , 0.056971 
 468 , 0.063263 , 0.055794 , 0.051386 , 0.059771 , 0.057126 
 469 , 0.063376 , 0.055928 , 0.051562 , 0.05997 , 0.057282 
 470 , 0.063574 , 0.056067 , 0.051745 , 0.060151 , 0.057466 
 471 , 0.063887 , 0.0562 , 0.051924 , 0.060294 , 0.057677 
 472 , 0.064201 , 0.05634 , 0.052105 , 0.060443 , 0.05789 
 473 , 0.064507 , 0.056485 , 0.052292 , 0.060596 , 0.058107 
 474 , 0.064784 , 0.056771 , 0.052538 , 0.060828 , 0.058289 
 475 , 0.065056 , 0.05705 , 0.052788 , 0.061059 , 0.058471 
 476 , 0.065336 , 0.057329 , 0.053032 , 0.061291 , 0.058652 
 477 , 0.065496 , 0.057545 , 0.053218 , 0.061454 , 0.058852 
 478 , 0.065613 , 0.057732 , 0.053375 , 0.061587 , 0.059061 
 479 , 0.065731 , 0.057919 , 0.053532 , 0.061726 , 0.059265 
 480 , 0.065876 , 0.058105 , 0.053711 , 0.061892 , 0.059436 
 481 , 0.066085 , 0.058297 , 0.053923 , 0.062127 , 0.059546 
 482 , 0.066302 , 0.05849 , 0.054141 , 0.062364 , 0.059657 
 483 , 0.066514 , 0.058677 , 0.054354 , 0.062608 , 0.059763 
 484 , 0.066727 , 0.05882 , 0.054487 , 0.062792 , 0.059919 
 485 , 0.066943 , 0.058961 , 0.054619 , 0.062987 , 0.060073 
 486 , 0.067167 , 0.059102 , 0.054751 , 0.063176 , 0.060235 
 487 , 0.067438 , 0.059209 , 0.054998 , 0.063349 , 0.06043 
 488 , 0.067729 , 0.059297 , 0.055293 , 0.063494 , 0.060659 
 489 , 0.068019 , 0.059385 , 0.055588 , 0.063644 , 0.060882 
 490 , 0.068325 , 0.05955 , 0.055843 , 0.063848 , 0.061128 
 491 , 0.068668 , 0.059896 , 0.056006 , 0.064189 , 0.061402 
 492 , 0.069005 , 0.060241 , 0.056163 , 0.064524 , 0.061675 
 493 , 0.069342 , 0.060574 , 0.056321 , 0.064853 , 0.061943 
 494 , 0.069582 , 0.060824 , 0.056681 , 0.065069 , 0.062281 
 495 , 0.069811 , 0.061065 , 0.05706 , 0.065269 , 0.062618 
 496 , 0.070046 , 0.061307 , 0.057432 , 0.065469 , 0.062954 
 497 , 0.070344 , 0.061595 , 0.057791 , 0.065775 , 0.063222 
 498 , 0.070692 , 0.061913 , 0.058132 , 0.066147 , 0.063437 
 499 , 0.07104 , 0.062231 , 0.058473 , 0.066511 , 0.063651 
 500 , 0.0714 , 0.062591 , 0.058819 , 0.066916 , 0.063901 
 501 , 0.071822 , 0.063079 , 0.059229 , 0.06745 , 0.064299 
 502 , 0.072238 , 0.063568 , 0.05964 , 0.067979 , 0.064692 
 503 , 0.072647 , 0.064044 , 0.060037 , 0.068507 , 0.065077 
 504 , 0.073171 , 0.064422 , 0.060586 , 0.068955 , 0.065574 
 505 , 0.073703 , 0.064777 , 0.06114 , 0.069383 , 0.06608 
 506 , 0.074229 , 0.065133 , 0.061688 , 0.069804 , 0.06658 
 507 , 0.074855 , 0.065624 , 0.062288 , 0.070338 , 0.067115 
 508 , 0.075578 , 0.066229 , 0.062931 , 0.070979 , 0.067682 
 509 , 0.076288 , 0.066833 , 0.063568 , 0.071608 , 0.068242 
 510 , 0.076989 , 0.06744 , 0.064224 , 0.072243 , 0.068824 
 511 , 0.077657 , 0.068076 , 0.065027 , 0.072946 , 0.069575 
 512 , 0.078329 , 0.068711 , 0.065833 , 0.07364 , 0.070319 
 513 , 0.078994 , 0.069347 , 0.066632 , 0.074335 , 0.071063 
 514 , 0.079798 , 0.070089 , 0.067485 , 0.075058 , 0.071762 
 515 , 0.080644 , 0.070858 , 0.068352 , 0.075795 , 0.072451 
 516 , 0.081479 , 0.071629 , 0.069221 , 0.076529 , 0.073142 
 517 , 0.082408 , 0.072522 , 0.070176 , 0.077411 , 0.073952 
 518 , 0.083428 , 0.073544 , 0.071237 , 0.078464 , 0.074895 
 519 , 0.084444 , 0.074563 , 0.072283 , 0.079506 , 0.07584 
 520 , 0.085464 , 0.075558 , 0.073344 , 0.080537 , 0.076774 
 521 , 0.086557 , 0.076398 , 0.074525 , 0.081555 , 0.077758 
 522 , 0.087634 , 0.077221 , 0.07569 , 0.082553 , 0.078726 
 523 , 0.088692 , 0.078037 , 0.076837 , 0.083545 , 0.079675 
 524 , 0.089822 , 0.079023 , 0.077974 , 0.084613 , 0.080653 
 525 , 0.09097 , 0.080053 , 0.079099 , 0.085697 , 0.081625 
 526 , 0.0921 , 0.081073 , 0.080206 , 0.086762 , 0.082585 
 527 , 0.0932 , 0.082069 , 0.08133 , 0.087772 , 0.083554 
 528 , 0.094276 , 0.08305 , 0.082486 , 0.088699 , 0.084559 
 529 , 0.095332 , 0.084018 , 0.083623 , 0.089613 , 0.085545 
 530 , 0.096382 , 0.084972 , 0.084748 , 0.090518 , 0.086524 
 531 , 0.097432 , 0.085941 , 0.085874 , 0.091534 , 0.087425 
 532 , 0.098473 , 0.086896 , 0.086989 , 0.092541 , 0.088319 
 533 , 0.099508 , 0.087846 , 0.088093 , 0.093537 , 0.089201 
 534 , 0.100433 , 0.088706 , 0.089014 , 0.094439 , 0.090012 
 535 , 0.101314 , 0.089533 , 0.089849 , 0.095296 , 0.090796 
 536 , 0.102185 , 0.09035 , 0.090686 , 0.096156 , 0.091569 
 537 , 0.103023 , 0.091109 , 0.091528 , 0.096961 , 0.092319 
 538 , 0.103793 , 0.091764 , 0.092381 , 0.097673 , 0.093031 
 539 , 0.104558 , 0.092413 , 0.093229 , 0.098387 , 0.093738 
 540 , 0.105318 , 0.093057 , 0.09408 , 0.099096 , 0.094441 
 541 , 0.106064 , 0.093668 , 0.09474 , 0.099743 , 0.095007 
 542 , 0.106808 , 0.094268 , 0.095385 , 0.100394 , 0.095563 
 543 , 0.107547 , 0.094869 , 0.096031 , 0.101033 , 0.096113 
 544 , 0.108316 , 0.09553 , 0.096715 , 0.101696 , 0.096742 
 545 , 0.109094 , 0.096236 , 0.097424 , 0.102371 , 0.097417 
 546 , 0.109867 , 0.096943 , 0.098128 , 0.103041 , 0.098093 
 547 , 0.110566 , 0.097609 , 0.098805 , 0.103657 , 0.098715 
 548 , 0.111093 , 0.098222 , 0.099421 , 0.104134 , 0.099226 
 549 , 0.111616 , 0.098833 , 0.100029 , 0.104609 , 0.099735 
 550 , 0.11214 , 0.099439 , 0.100645 , 0.105085 , 0.100245 
 551 , 0.112585 , 0.099934 , 0.101059 , 0.10557 , 0.10063 
 552 , 0.113027 , 0.100407 , 0.101466 , 0.106058 , 0.101 
 553 , 0.11347 , 0.100882 , 0.101865 , 0.106547 , 0.10137 
 554 , 0.113819 , 0.101259 , 0.102224 , 0.106919 , 0.101685 
 555 , 0.114093 , 0.101555 , 0.102549 , 0.107202 , 0.101967 
 556 , 0.114374 , 0.101858 , 0.102883 , 0.107494 , 0.10225 
 557 , 0.114626 , 0.102144 , 0.10317 , 0.107761 , 0.102507 
 558 , 0.114805 , 0.102365 , 0.103321 , 0.107968 , 0.102651 
 559 , 0.114979 , 0.102591 , 0.10347 , 0.108171 , 0.102798 
 560 , 0.115161 , 0.102811 , 0.103619 , 0.108375 , 0.10294 
 561 , 0.115256 , 0.103024 , 0.103646 , 0.108457 , 0.103074 
 562 , 0.115332 , 0.103231 , 0.103645 , 0.108531 , 0.103209 
 563 , 0.115408 , 0.103444 , 0.103644 , 0.108605 , 0.103351 
 564 , 0.115442 , 0.103535 , 0.103649 , 0.108636 , 0.103435 
 565 , 0.115435 , 0.103515 , 0.103665 , 0.108621 , 0.103465 
 566 , 0.115433 , 0.103501 , 0.103678 , 0.108611 , 0.103501 
 567 , 0.115402 , 0.103499 , 0.103641 , 0.108578 , 0.103499 
 568 , 0.115214 , 0.10353 , 0.103375 , 0.108464 , 0.103354 
 569 , 0.115021 , 0.103558 , 0.103101 , 0.10836 , 0.103206 
 570 , 0.114829 , 0.103587 , 0.102836 , 0.108251 , 0.103061 
 571 , 0.114642 , 0.103577 , 0.102613 , 0.108195 , 0.103011 
 572 , 0.114462 , 0.103561 , 0.1024 , 0.108152 , 0.102977 
 573 , 0.114274 , 0.103552 , 0.102188 , 0.108117 , 0.102943 
 574 , 0.114096 , 0.103477 , 0.102008 , 0.108014 , 0.102843 
 575 , 0.113937 , 0.103324 , 0.101848 , 0.107841 , 0.102672 
 576 , 0.113771 , 0.103171 , 0.101681 , 0.107675 , 0.102501 
 577 , 0.113616 , 0.103048 , 0.10151 , 0.107519 , 0.102354 
 578 , 0.113477 , 0.103107 , 0.101282 , 0.107471 , 0.102388 
 579 , 0.113334 , 0.10318 , 0.101054 , 0.107424 , 0.102435 
 580 , 0.113195 , 0.103248 , 0.10083 , 0.10738 , 0.102478 
 581 , 0.11313 , 0.103243 , 0.100773 , 0.107279 , 0.102507 
 582 , 0.113084 , 0.103226 , 0.10076 , 0.107168 , 0.102525 
 583 , 0.113042 , 0.103206 , 0.100743 , 0.107047 , 0.102547 
 584 , 0.112989 , 0.103242 , 0.100678 , 0.106985 , 0.102549 
 585 , 0.112947 , 0.103324 , 0.100537 , 0.107005 , 0.102536 
 586 , 0.112899 , 0.103405 , 0.100397 , 0.107025 , 0.10253 
 587 , 0.112855 , 0.103485 , 0.100269 , 0.10705 , 0.102529 
 588 , 0.11281 , 0.103545 , 0.100265 , 0.1071 , 0.102589 
 589 , 0.112758 , 0.103604 , 0.100258 , 0.107145 , 0.102646 
 590 , 0.112704 , 0.103668 , 0.100255 , 0.107196 , 0.102708 
 591 , 0.112849 , 0.103776 , 0.100342 , 0.107353 , 0.102823 
 592 , 0.113058 , 0.103885 , 0.100466 , 0.107549 , 0.102956 
 593 , 0.113274 , 0.104 , 0.100582 , 0.107752 , 0.103094 
 594 , 0.113414 , 0.104129 , 0.100657 , 0.107895 , 0.103215 
 595 , 0.113458 , 0.104269 , 0.100667 , 0.107934 , 0.103319 
 596 , 0.113497 , 0.104405 , 0.100678 , 0.107968 , 0.103419 
 597 , 0.113547 , 0.104553 , 0.100708 , 0.108006 , 0.103537 
 598 , 0.113679 , 0.104743 , 0.100934 , 0.108084 , 0.103822 
 599 , 0.113807 , 0.104933 , 0.10116 , 0.108169 , 0.1041 
 600 , 0.113937 , 0.105124 , 0.101387 , 0.108248 , 0.104387 
 601 , 0.114037 , 0.105321 , 0.101447 , 0.108353 , 0.104506 
 602 , 0.114138 , 0.105518 , 0.10145 , 0.108458 , 0.104577 
 603 , 0.114234 , 0.105716 , 0.101447 , 0.108572 , 0.104649 
 604 , 0.114278 , 0.105882 , 0.101438 , 0.108639 , 0.104709 
 605 , 0.114205 , 0.105998 , 0.101443 , 0.108655 , 0.104719 
 606 , 0.114131 , 0.106121 , 0.101454 , 0.108677 , 0.104735 
 607 , 0.114063 , 0.106236 , 0.101458 , 0.108692 , 0.104743 
 608 , 0.114097 , 0.106221 , 0.101384 , 0.108709 , 0.104683 
 609 , 0.114142 , 0.106197 , 0.10129 , 0.108717 , 0.104636 
 610 , 0.114182 , 0.106182 , 0.101197 , 0.108727 , 0.104577 
 611 , 0.114106 , 0.106165 , 0.101047 , 0.1087 , 0.104515 
 612 , 0.113978 , 0.106154 , 0.100869 , 0.10865 , 0.104432 
 613 , 0.113844 , 0.106138 , 0.100684 , 0.108594 , 0.104351 
 614 , 0.113763 , 0.106107 , 0.100543 , 0.108481 , 0.104297 
 615 , 0.11376 , 0.106081 , 0.100482 , 0.108295 , 0.104318 
 616 , 0.11376 , 0.106043 , 0.100422 , 0.108111 , 0.104341 
 617 , 0.113767 , 0.106018 , 0.100362 , 0.107927 , 0.104357 
 618 , 0.113889 , 0.106138 , 0.10037 , 0.108049 , 0.104319 
 619 , 0.114026 , 0.106272 , 0.100376 , 0.108179 , 0.104288 
 620 , 0.114166 , 0.106401 , 0.100382 , 0.108303 , 0.104258 
 621 , 0.114163 , 0.106471 , 0.100329 , 0.108384 , 0.104296 
 622 , 0.114058 , 0.10649 , 0.10024 , 0.108448 , 0.104333 
 623 , 0.113961 , 0.106511 , 0.100151 , 0.108507 , 0.104379 
 624 , 0.113953 , 0.106569 , 0.100128 , 0.108626 , 0.104448 
 625 , 0.114178 , 0.106722 , 0.100246 , 0.108875 , 0.104568 
 626 , 0.11441 , 0.106881 , 0.100356 , 0.109133 , 0.104687 
 627 , 0.114638 , 0.107043 , 0.100476 , 0.109393 , 0.104816 
 628 , 0.11481 , 0.107202 , 0.100535 , 0.109604 , 0.105008 
 629 , 0.114967 , 0.107361 , 0.10059 , 0.10981 , 0.1052 
 630 , 0.115132 , 0.107528 , 0.100645 , 0.110017 , 0.1054 
 631 , 0.115257 , 0.107679 , 0.100779 , 0.110082 , 0.105586 
 632 , 0.115354 , 0.107814 , 0.100975 , 0.110055 , 0.105761 
 633 , 0.115452 , 0.107949 , 0.101171 , 0.110028 , 0.105943 
 634 , 0.11557 , 0.10808 , 0.101323 , 0.110024 , 0.106043 
 635 , 0.115733 , 0.108236 , 0.101371 , 0.110072 , 0.10598 
 636 , 0.115901 , 0.108397 , 0.101408 , 0.110126 , 0.105919 
 637 , 0.116062 , 0.10855 , 0.101452 , 0.110171 , 0.105851 
 638 , 0.115995 , 0.108467 , 0.10118 , 0.110005 , 0.105683 
 639 , 0.115913 , 0.108359 , 0.100913 , 0.109826 , 0.105512 
 640 , 0.115839 , 0.108242 , 0.100653 , 0.109646 , 0.105347 
 641 , 0.115643 , 0.107994 , 0.10036 , 0.109424 , 0.105032 
 642 , 0.115361 , 0.107677 , 0.100059 , 0.109168 , 0.104629 
 643 , 0.115071 , 0.107367 , 0.099766 , 0.108905 , 0.104217 
 644 , 0.114812 , 0.107045 , 0.099478 , 0.108668 , 0.103852 
 645 , 0.114681 , 0.106711 , 0.099215 , 0.108493 , 0.103613 
 646 , 0.11455 , 0.106371 , 0.098956 , 0.108312 , 0.103371 
 647 , 0.11442 , 0.106032 , 0.098683 , 0.108132 , 0.103137 
 648 , 0.114279 , 0.105611 , 0.098461 , 0.107717 , 0.102814 
 649 , 0.114123 , 0.105189 , 0.098237 , 0.107275 , 0.102477 
 650 , 0.113968 , 0.104759 , 0.097998 , 0.106834 , 0.102132 
 651 , 0.113867 , 0.10447 , 0.0978 , 0.106524 , 0.101841 
 652 , 0.11378 , 0.104269 , 0.097623 , 0.106318 , 0.101578 
 653 , 0.1137 , 0.104061 , 0.097446 , 0.106112 , 0.101315 
 654 , 0.113551 , 0.10385 , 0.0972 , 0.105862 , 0.101045 
 655 , 0.113253 , 0.10363 , 0.09681 , 0.105529 , 0.100751 
 656 , 0.112953 , 0.10342 , 0.096424 , 0.105186 , 0.100442 
 657 , 0.112652 , 0.103211 , 0.096038 , 0.104843 , 0.100141 
 658 , 0.112412 , 0.102809 , 0.095679 , 0.104505 , 0.09976 
 659 , 0.112173 , 0.102404 , 0.095319 , 0.104168 , 0.099385 
 660 , 0.111942 , 0.102 , 0.094958 , 0.103831 , 0.09901 
 661 , 0.111728 , 0.101656 , 0.094621 , 0.103571 , 0.098703 
 662 , 0.111552 , 0.101329 , 0.094314 , 0.103356 , 0.098435 
 663 , 0.111384 , 0.101008 , 0.094007 , 0.10314 , 0.098166 
 664 , 0.111189 , 0.100647 , 0.093706 , 0.102855 , 0.097876 
 665 , 0.110935 , 0.100178 , 0.093394 , 0.102375 , 0.097547 
 666 , 0.110668 , 0.099708 , 0.093077 , 0.101898 , 0.097225 
 667 , 0.1104 , 0.099245 , 0.092767 , 0.101422 , 0.09691 
 668 , 0.110419 , 0.099094 , 0.092596 , 0.101244 , 0.096747 
 669 , 0.110454 , 0.098965 , 0.092433 , 0.10109 , 0.096585 
 670 , 0.11049 , 0.098836 , 0.092277 , 0.100927 , 0.096421 
 671 , 0.110569 , 0.09883 , 0.092249 , 0.10094 , 0.096477 
 672 , 0.110669 , 0.098904 , 0.092286 , 0.101049 , 0.09666 
 673 , 0.110768 , 0.098977 , 0.092314 , 0.101158 , 0.09685 
 674 , 0.110912 , 0.099067 , 0.092401 , 0.101299 , 0.097018 
 675 , 0.111153 , 0.099207 , 0.092618 , 0.101507 , 0.097135 
 676 , 0.111398 , 0.099345 , 0.092843 , 0.101721 , 0.097251 
 677 , 0.111644 , 0.099483 , 0.093076 , 0.101937 , 0.097368 
 678 , 0.112227 , 0.100173 , 0.09357 , 0.102585 , 0.097931 
 679 , 0.112838 , 0.100913 , 0.094074 , 0.103278 , 0.098517 
 680 , 0.113455 , 0.101652 , 0.094584 , 0.103977 , 0.099117 
 681 , 0.114312 , 0.102635 , 0.095534 , 0.10495 , 0.100062 
 682 , 0.115338 , 0.10378 , 0.096777 , 0.106077 , 0.101223 
 683 , 0.116383 , 0.104951 , 0.098056 , 0.107231 , 0.10242 
 684 , 0.117685 , 0.106441 , 0.099586 , 0.108647 , 0.103888 
 685 , 0.11959 , 0.108708 , 0.101709 , 0.110665 , 0.106017 
 686 , 0.121515 , 0.111017 , 0.103871 , 0.112741 , 0.10818 
 687 , 0.123491 , 0.113386 , 0.106077 , 0.114867 , 0.110393 
 688 , 0.126417 , 0.116957 , 0.109255 , 0.1181 , 0.11374 
 689 , 0.129397 , 0.120594 , 0.112485 , 0.121375 , 0.117147 
 690 , 0.132389 , 0.124236 , 0.115727 , 0.124646 , 0.120557 
 691 , 0.135931 , 0.128421 , 0.119598 , 0.128539 , 0.124516 
 692 , 0.139715 , 0.132848 , 0.123802 , 0.132746 , 0.128717 
 693 , 0.14343 , 0.137197 , 0.127937 , 0.136884 , 0.132848 
 694 , 0.147291 , 0.141746 , 0.132224 , 0.141201 , 0.137192 
 695 , 0.151586 , 0.146885 , 0.13694 , 0.146023 , 0.142138 
 696 , 0.155804 , 0.151916 , 0.141555 , 0.150739 , 0.146991 
 697 , 0.159931 , 0.156851 , 0.146076 , 0.155369 , 0.151749 
 698 , 0.164701 , 0.162172 , 0.151365 , 0.16035 , 0.157222 
 699 , 0.169392 , 0.167395 , 0.156569 , 0.165245 , 0.162636 
 700 , 0.173981 , 0.172504 , 0.161658 , 0.170044 , 0.167941 
 701 , 0.178783 , 0.177707 , 0.16687 , 0.174865 , 0.17338 
 702 , 0.183644 , 0.18292 , 0.172094 , 0.179641 , 0.178811 
 703 , 0.188398 , 0.188015 , 0.177208 , 0.184318 , 0.184123 
 704 , 0.193078 , 0.193048 , 0.182222 , 0.188956 , 0.189382 
 705 , 0.197728 , 0.198077 , 0.187155 , 0.193649 , 0.194652 
 706 , 0.202302 , 0.203019 , 0.191987 , 0.19826 , 0.199827 
 707 , 0.206796 , 0.207876 , 0.196736 , 0.202798 , 0.204915 
 708 , 0.211211 , 0.212364 , 0.201298 , 0.207011 , 0.209625 
 709 , 0.215624 , 0.216866 , 0.205881 , 0.21122 , 0.214317 
 710 , 0.220031 , 0.22136 , 0.210449 , 0.215425 , 0.218999 
 711 , 0.224139 , 0.225493 , 0.214757 , 0.219437 , 0.223426 
 712 , 0.228132 , 0.229421 , 0.218954 , 0.223416 , 0.227777 
 713 , 0.232216 , 0.233441 , 0.223241 , 0.227494 , 0.232238 
 714 , 0.236348 , 0.237447 , 0.227557 , 0.231558 , 0.236772 
 715 , 0.240527 , 0.241351 , 0.231844 , 0.235505 , 0.241422 
 716 , 0.244859 , 0.245402 , 0.236284 , 0.23959 , 0.246251 
 717 , 0.249335 , 0.249584 , 0.240882 , 0.243821 , 0.251249 
 718 , 0.253554 , 0.25354 , 0.245255 , 0.247699 , 0.255694 
 719 , 0.257862 , 0.257573 , 0.249719 , 0.251607 , 0.260207 
 720 , 0.262272 , 0.261696 , 0.25428 , 0.2556 , 0.264815 
 721 , 0.266365 , 0.265475 , 0.258398 , 0.259296 , 0.269156 
 722 , 0.270298 , 0.269062 , 0.26224 , 0.262851 , 0.273275 
 723 , 0.274233 , 0.272654 , 0.266078 , 0.26641 , 0.277403 
 724 , 0.27808 , 0.276138 , 0.269871 , 0.269837 , 0.281371 
 725 , 0.281616 , 0.279325 , 0.273538 , 0.272982 , 0.285031 
 726 , 0.285057 , 0.282454 , 0.27716 , 0.276092 , 0.288652 
 727 , 0.288453 , 0.285539 , 0.280731 , 0.279158 , 0.292221 
 728 , 0.291359 , 0.288422 , 0.283663 , 0.281888 , 0.295194 
 729 , 0.2942 , 0.291155 , 0.286513 , 0.284481 , 0.298108 
 730 , 0.296958 , 0.293812 , 0.289287 , 0.286991 , 0.300946 
 731 , 0.299438 , 0.296075 , 0.291857 , 0.289171 , 0.303548 
 732 , 0.30174 , 0.2982 , 0.294259 , 0.291227 , 0.306081 
 733 , 0.303974 , 0.300249 , 0.296593 , 0.293221 , 0.308539 
 734 , 0.306109 , 0.302203 , 0.298794 , 0.295071 , 0.310837 
 735 , 0.30814 , 0.304046 , 0.300829 , 0.296708 , 0.312873 
 736 , 0.310139 , 0.305847 , 0.302806 , 0.298289 , 0.314825 
 737 , 0.312071 , 0.307601 , 0.304722 , 0.29983 , 0.316733 
 738 , 0.313657 , 0.309123 , 0.30631 , 0.301237 , 0.318396 
 739 , 0.315187 , 0.31058 , 0.30786 , 0.302638 , 0.320032 
 740 , 0.316686 , 0.312014 , 0.30938 , 0.304009 , 0.321646 
 741 , 0.31809 , 0.313269 , 0.310796 , 0.305186 , 0.323076 
 742 , 0.319522 , 0.314538 , 0.312256 , 0.306289 , 0.32441 
 743 , 0.320947 , 0.3158 , 0.313708 , 0.307385 , 0.325736 
 744 , 0.322272 , 0.317061 , 0.315053 , 0.308504 , 0.326971 
 745 , 0.323417 , 0.318324 , 0.316199 , 0.309681 , 0.32806 
 746 , 0.324551 , 0.319584 , 0.317332 , 0.310862 , 0.329138 
 747 , 0.325673 , 0.32083 , 0.318456 , 0.312031 , 0.330211 
 748 , 0.326486 , 0.321708 , 0.319367 , 0.312786 , 0.331209 
 749 , 0.327336 , 0.322589 , 0.320349 , 0.313566 , 0.332257 
 750 , 0.328208 , 0.323494 , 0.321347 , 0.31436 , 0.333322 
 751 , 0.329059 , 0.324261 , 0.322214 , 0.315021 , 0.334219 
 752 , 0.329945 , 0.324988 , 0.322966 , 0.315694 , 0.33503 
 753 , 0.330869 , 0.325766 , 0.32376 , 0.316395 , 0.335886 
 754 , 0.331628 , 0.32633 , 0.324405 , 0.31711 , 0.336638 
 755 , 0.332081 , 0.326605 , 0.324859 , 0.317783 , 0.337215 
 756 , 0.332602 , 0.32693 , 0.325398 , 0.318522 , 0.337842 
 757 , 0.33318 , 0.327301 , 0.326005 , 0.319329 , 0.338546 
 758 , 0.333907 , 0.327667 , 0.326792 , 0.320063 , 0.339234 
 759 , 0.334726 , 0.328081 , 0.327641 , 0.320907 , 0.33997 
 760 , 0.335627 , 0.328539 , 0.328576 , 0.321835 , 0.340789 
 761 , 0.336727 , 0.329609 , 0.329652 , 0.322947 , 0.341655 
 762 , 0.337789 , 0.330824 , 0.330774 , 0.324053 , 0.342633 
 763 , 0.338854 , 0.332037 , 0.331893 , 0.325162 , 0.343605 
 764 , 0.339798 , 0.333317 , 0.33287 , 0.326005 , 0.344517 
 765 , 0.340525 , 0.334586 , 0.3336 , 0.326513 , 0.345428 
 766 , 0.341191 , 0.33573 , 0.334262 , 0.326988 , 0.346314 
 767 , 0.34183 , 0.336789 , 0.334902 , 0.327422 , 0.347125 
 768 , 0.342599 , 0.337676 , 0.335655 , 0.327754 , 0.347819 
 769 , 0.343322 , 0.338522 , 0.336364 , 0.328079 , 0.348461 
 770 , 0.344004 , 0.339322 , 0.337041 , 0.328394 , 0.349071 
 771 , 0.344577 , 0.339991 , 0.337558 , 0.32887 , 0.349623 
 772 , 0.345081 , 0.340575 , 0.337958 , 0.329306 , 0.350121 
 773 , 0.345581 , 0.341147 , 0.338345 , 0.329738 , 0.350606 
 774 , 0.346075 , 0.341611 , 0.338797 , 0.330144 , 0.35115 
 775 , 0.346599 , 0.342055 , 0.339345 , 0.330586 , 0.351698 
 776 , 0.34714 , 0.34253 , 0.33991 , 0.331033 , 0.352218 
 777 , 0.347686 , 0.343049 , 0.340473 , 0.331521 , 0.352727 
 778 , 0.348319 , 0.343856 , 0.341046 , 0.332217 , 0.353187 
 779 , 0.348938 , 0.344654 , 0.341662 , 0.332895 , 0.35368 
 780 , 0.349555 , 0.345457 , 0.342284 , 0.333579 , 0.35417 
 781 , 0.349925 , 0.346046 , 0.342807 , 0.334136 , 0.354732 
 782 , 0.350313 , 0.346596 , 0.343273 , 0.334746 , 0.355368 
 783 , 0.350706 , 0.347151 , 0.343751 , 0.335375 , 0.356025 
 784 , 0.351228 , 0.347688 , 0.344319 , 0.335956 , 0.356676 
 785 , 0.351861 , 0.348227 , 0.345025 , 0.336466 , 0.357271 
 786 , 0.35251 , 0.348792 , 0.34576 , 0.336972 , 0.357856 
 787 , 0.353185 , 0.349397 , 0.346491 , 0.337497 , 0.358474 
 788 , 0.35389 , 0.350123 , 0.347126 , 0.33806 , 0.359152 
 789 , 0.354587 , 0.350832 , 0.34775 , 0.338639 , 0.359846 
 790 , 0.355307 , 0.351563 , 0.348397 , 0.339233 , 0.360555 
 791 , 0.355865 , 0.352183 , 0.349078 , 0.339784 , 0.3612 
 792 , 0.356357 , 0.352837 , 0.349759 , 0.340291 , 0.36187 
 793 , 0.356858 , 0.353499 , 0.350455 , 0.340814 , 0.362556 
 794 , 0.357413 , 0.354278 , 0.351075 , 0.341354 , 0.363143 
 795 , 0.358113 , 0.355162 , 0.351685 , 0.341953 , 0.36361 
 796 , 0.358843 , 0.356075 , 0.352315 , 0.342575 , 0.364078 
 797 , 0.359543 , 0.356922 , 0.352907 , 0.343198 , 0.36459 
 798 , 0.360023 , 0.357525 , 0.353383 , 0.343832 , 0.365274 
 799 , 0.360481 , 0.358129 , 0.353881 , 0.344529 , 0.36606 
 800 , 0.360942 , 0.358745 , 0.354396 , 0.345244 , 0.366858 
 801 , 0.361413 , 0.359216 , 0.355088 , 0.34573 , 0.367563 
 802 , 0.361909 , 0.359706 , 0.355772 , 0.346096 , 0.36823 
 803 , 0.362423 , 0.360205 , 0.356481 , 0.346478 , 0.368908 
 804 , 0.363015 , 0.360922 , 0.357112 , 0.346921 , 0.369627 
 805 , 0.36378 , 0.361832 , 0.357657 , 0.347514 , 0.370329 
 806 , 0.364605 , 0.36279 , 0.358227 , 0.348157 , 0.371045 
 807 , 0.365384 , 0.363628 , 0.358796 , 0.348789 , 0.371761 
 808 , 0.365945 , 0.364159 , 0.359382 , 0.349364 , 0.372398 
 809 , 0.366478 , 0.364747 , 0.360052 , 0.349942 , 0.373063 
 810 , 0.367041 , 0.365365 , 0.360759 , 0.350554 , 0.373767 
 811 , 0.367681 , 0.366141 , 0.361463 , 0.351317 , 0.374116 
 812 , 0.36847 , 0.366801 , 0.362206 , 0.352068 , 0.374493 
 813 , 0.369306 , 0.367516 , 0.362986 , 0.352871 , 0.374907 
 814 , 0.37006 , 0.368212 , 0.363686 , 0.353575 , 0.375526 
 815 , 0.370591 , 0.368956 , 0.364285 , 0.354313 , 0.376302 
 816 , 0.371117 , 0.36975 , 0.364889 , 0.355103 , 0.377127 
 817 , 0.371664 , 0.370476 , 0.365474 , 0.355826 , 0.377918 
 818 , 0.372273 , 0.371066 , 0.365995 , 0.356361 , 0.378679 
 819 , 0.372954 , 0.371711 , 0.366554 , 0.356919 , 0.379555 
 820 , 0.373641 , 0.372379 , 0.367128 , 0.357491 , 0.380445 
 821 , 0.374412 , 0.37314 , 0.367831 , 0.358092 , 0.381147 
 822 , 0.375219 , 0.373751 , 0.36846 , 0.358565 , 0.381679 
 823 , 0.37602 , 0.374373 , 0.3691 , 0.359031 , 0.382221 
 824 , 0.37666 , 0.374909 , 0.369817 , 0.359464 , 0.382736 
 825 , 0.377142 , 0.37556 , 0.37066 , 0.359916 , 0.38335 
 826 , 0.377613 , 0.376232 , 0.371507 , 0.360359 , 0.383978 
 827 , 0.378184 , 0.377013 , 0.372273 , 0.36083 , 0.384442 
 828 , 0.378944 , 0.377935 , 0.37286 , 0.361281 , 0.384608 
 829 , 0.379703 , 0.378816 , 0.373418 , 0.361702 , 0.38473 
 830 , 0.380435 , 0.3797 , 0.373957 , 0.362124 , 0.384887 
 831 , 0.380765 , 0.380524 , 0.374337 , 0.362639 , 0.385496 
 832 , 0.380956 , 0.381269 , 0.374775 , 0.363304 , 0.38622 
 833 , 0.38115 , 0.382001 , 0.375208 , 0.363965 , 0.38694 
 834 , 0.38145 , 0.382357 , 0.375743 , 0.36441 , 0.387622 
 835 , 0.381911 , 0.382617 , 0.376259 , 0.364706 , 0.388148 
 836 , 0.382373 , 0.382869 , 0.376767 , 0.364996 , 0.388659 
 837 , 0.382869 , 0.383221 , 0.377278 , 0.365319 , 0.389132 
 838 , 0.383421 , 0.383685 , 0.377711 , 0.365627 , 0.389587 
 839 , 0.383988 , 0.384148 , 0.378105 , 0.365898 , 0.390048 
 840 , 0.384523 , 0.38461 , 0.378502 , 0.366157 , 0.390511 
 841 , 0.384843 , 0.385139 , 0.379052 , 0.366439 , 0.391018 
 842 , 0.385093 , 0.385732 , 0.379681 , 0.366804 , 0.391567 
 843 , 0.38535 , 0.38633 , 0.380323 , 0.367176 , 0.392131 
 844 , 0.385892 , 0.386931 , 0.380812 , 0.367647 , 0.392443 
 845 , 0.38661 , 0.387583 , 0.381214 , 0.368124 , 0.392676 
 846 , 0.387342 , 0.388235 , 0.381609 , 0.368604 , 0.392907 
 847 , 0.38792 , 0.388901 , 0.381882 , 0.369121 , 0.393304 
 848 , 0.388257 , 0.389629 , 0.382228 , 0.369722 , 0.393856 
 849 , 0.388565 , 0.390413 , 0.382685 , 0.370375 , 0.394437 
 850 , 0.388867 , 0.391135 , 0.383226 , 0.370996 , 0.395018 
 851 , 0.389192 , 0.391463 , 0.383943 , 0.371444 , 0.395544 
 852 , 0.389605 , 0.391629 , 0.384468 , 0.371846 , 0.396051 
 853 , 0.390023 , 0.391801 , 0.384999 , 0.37226 , 0.396563 
 854 , 0.390624 , 0.392183 , 0.385335 , 0.372597 , 0.39706 
 855 , 0.39134 , 0.392656 , 0.385763 , 0.372873 , 0.397599 
 856 , 0.392064 , 0.393126 , 0.386189 , 0.373155 , 0.398144 
 857 , 0.392635 , 0.393699 , 0.386665 , 0.373488 , 0.398731 
 858 , 0.393004 , 0.394355 , 0.387131 , 0.373939 , 0.399361 
 859 , 0.393326 , 0.395044 , 0.387592 , 0.374453 , 0.400015 
 860 , 0.393713 , 0.395673 , 0.388072 , 0.374966 , 0.400549 
 861 , 0.394269 , 0.396187 , 0.38861 , 0.375428 , 0.400672 
 862 , 0.3949 , 0.396782 , 0.389142 , 0.375809 , 0.400666 
 863 , 0.395541 , 0.397395 , 0.389693 , 0.376198 , 0.400668 
 864 , 0.396 , 0.39829 , 0.389772 , 0.376875 , 0.40099 
 865 , 0.396414 , 0.399129 , 0.390079 , 0.377741 , 0.40162 
 866 , 0.396836 , 0.399996 , 0.390394 , 0.378626 , 0.40226 
 867 , 0.397262 , 0.400469 , 0.391091 , 0.379202 , 0.403061 
 868 , 0.397751 , 0.400773 , 0.391855 , 0.379486 , 0.403915 
 869 , 0.398268 , 0.401104 , 0.392581 , 0.379741 , 0.404778 
 870 , 0.398827 , 0.4015 , 0.393162 , 0.379976 , 0.405539 
 871 , 0.399299 , 0.401924 , 0.39345 , 0.380162 , 0.406 
 872 , 0.399621 , 0.402238 , 0.393728 , 0.380328 , 0.406338 
 873 , 0.39994 , 0.402583 , 0.394034 , 0.380495 , 0.406688 
 874 , 0.400079 , 0.403206 , 0.394695 , 0.380934 , 0.407179 
 875 , 0.400555 , 0.404017 , 0.395419 , 0.381536 , 0.407863 
 876 , 0.401054 , 0.404854 , 0.396176 , 0.382151 , 0.408563 
 877 , 0.401877 , 0.405566 , 0.396839 , 0.382865 , 0.409044 
 878 , 0.40269 , 0.406383 , 0.397594 , 0.383447 , 0.40936 
 879 , 0.403501 , 0.407264 , 0.398396 , 0.384008 , 0.409652 
 880 , 0.404124 , 0.408197 , 0.398924 , 0.384495 , 0.410017 
 881 , 0.404557 , 0.409076 , 0.399094 , 0.385 , 0.410504 
 882 , 0.405047 , 0.409852 , 0.399271 , 0.385665 , 0.41101 
 883 , 0.405536 , 0.410596 , 0.399519 , 0.386315 , 0.411536 
 884 , 0.405853 , 0.410904 , 0.400286 , 0.386661 , 0.412218 
 885 , 0.406002 , 0.411273 , 0.40098 , 0.387028 , 0.413073 
 886 , 0.406153 , 0.411654 , 0.401688 , 0.387413 , 0.413969 
 887 , 0.406405 , 0.41215 , 0.402263 , 0.387904 , 0.414626 
 888 , 0.406952 , 0.412522 , 0.402915 , 0.388204 , 0.41507 
 889 , 0.407566 , 0.412882 , 0.40362 , 0.38848 , 0.415509 
 890 , 0.408133 , 0.413277 , 0.404298 , 0.388846 , 0.416164 
 891 , 0.40862 , 0.413911 , 0.40465 , 0.389493 , 0.417024 
 892 , 0.40913 , 0.414781 , 0.404759 , 0.39035 , 0.417933 
 893 , 0.409769 , 0.415674 , 0.404933 , 0.391245 , 0.418729 
 894 , 0.4108 , 0.416356 , 0.405558 , 0.392032 , 0.418868 
 895 , 0.411764 , 0.41697 , 0.407074 , 0.392569 , 0.418995 
 896 , 0.41281 , 0.417637 , 0.408727 , 0.393167 , 0.419134 
 897 , 0.413107 , 0.418469 , 0.409476 , 0.393642 , 0.419365 
 898 , 0.413671 , 0.419244 , 0.409645 , 0.3945 , 0.41981 
 899 , 0.414306 , 0.420064 , 0.409775 , 0.395433 , 0.420299 
 900 , 0.415122 , 0.420657 , 0.41009 , 0.395946 , 0.420918 
 901 , 0.415711 , 0.42104 , 0.410589 , 0.396125 , 0.421855 
 902 , 0.4161 , 0.421391 , 0.411123 , 0.396308 , 0.42297 
 903 , 0.416423 , 0.421739 , 0.411699 , 0.39663 , 0.424065 
 904 , 0.416691 , 0.42215 , 0.41233 , 0.39725 , 0.424991 
 905 , 0.417318 , 0.422828 , 0.412897 , 0.397854 , 0.425808 
 906 , 0.417965 , 0.423536 , 0.413486 , 0.398478 , 0.426664 
 907 , 0.418552 , 0.424573 , 0.413968 , 0.399087 , 0.427701 
 908 , 0.41894 , 0.425122 , 0.414205 , 0.399395 , 0.4283 
 909 , 0.419335 , 0.425699 , 0.414459 , 0.39972 , 0.428925 
 910 , 0.420079 , 0.426085 , 0.41521 , 0.400367 , 0.429223 
 911 , 0.420751 , 0.426692 , 0.416394 , 0.401152 , 0.429411 
 912 , 0.42132 , 0.42746 , 0.417714 , 0.401954 , 0.429615 
 913 , 0.421881 , 0.428533 , 0.418483 , 0.40258 , 0.429666 
 914 , 0.422565 , 0.429999 , 0.41833 , 0.403042 , 0.429919 
 915 , 0.423573 , 0.431356 , 0.41817 , 0.403785 , 0.430971 
 916 , 0.424519 , 0.432625 , 0.418043 , 0.404491 , 0.432078 
 917 , 0.424724 , 0.432708 , 0.418354 , 0.404772 , 0.43374 
 918 , 0.424866 , 0.433064 , 0.419048 , 0.405257 , 0.434016 
 919 , 0.424996 , 0.433434 , 0.419748 , 0.405757 , 0.434288 
 920 , 0.425436 , 0.433805 , 0.420754 , 0.406335 , 0.434243 
 921 , 0.425727 , 0.433608 , 0.421474 , 0.406162 , 0.434499 
 922 , 0.425934 , 0.433206 , 0.422087 , 0.405721 , 0.434899 
 923 , 0.425722 , 0.432602 , 0.422211 , 0.4051 , 0.435204 
 924 , 0.42517 , 0.432103 , 0.421765 , 0.404657 , 0.435421 
 925 , 0.424792 , 0.432014 , 0.421272 , 0.404694 , 0.435706 
 926 , 0.424347 , 0.431831 , 0.420755 , 0.404593 , 0.435811 
 927 , 0.423807 , 0.431252 , 0.420497 , 0.403738 , 0.434811 
 928 , 0.42354 , 0.430822 , 0.420633 , 0.402589 , 0.433417 
 929 , 0.423172 , 0.430263 , 0.420784 , 0.401172 , 0.431692 
 930 , 0.423645 , 0.430666 , 0.419525 , 0.401222 , 0.429823 
 931 , 0.423282 , 0.430556 , 0.417371 , 0.401195 , 0.427698 
 932 , 0.422583 , 0.43024 , 0.414552 , 0.401073 , 0.425052 
 933 , 0.421183 , 0.428503 , 0.412009 , 0.399073 , 0.423304 
 934 , 0.419032 , 0.425235 , 0.409711 , 0.395611 , 0.423084 
 935 , 0.416435 , 0.421221 , 0.406852 , 0.39195 , 0.423383 
 936 , 0.413698 , 0.418045 , 0.404914 , 0.388776 , 0.423891 
 937 , 0.411682 , 0.418474 , 0.406547 , 0.38821 , 0.424548 
 938 , 0.410322 , 0.418438 , 0.408694 , 0.387174 , 0.423736 
 939 , 0.408896 , 0.418402 , 0.410947 , 0.386101 , 0.422886 
 940 , 0.406845 , 0.418105 , 0.409915 , 0.385591 , 0.421959 
 941 , 0.404694 , 0.416933 , 0.407688 , 0.386063 , 0.42229 
 942 , 0.402474 , 0.415662 , 0.405292 , 0.386656 , 0.422773 
 943 , 0.404004 , 0.414319 , 0.405794 , 0.387403 , 0.422161 
 944 , 0.40706 , 0.414982 , 0.407801 , 0.387281 , 0.4204 
 945 , 0.409981 , 0.417042 , 0.409944 , 0.386505 , 0.418208 
 946 , 0.412517 , 0.420338 , 0.411081 , 0.386981 , 0.416807 
 947 , 0.414331 , 0.424498 , 0.410597 , 0.389413 , 0.416833 
 948 , 0.416022 , 0.426006 , 0.410217 , 0.391651 , 0.417023 
 949 , 0.417549 , 0.42726 , 0.409766 , 0.393656 , 0.417166 
 950 , 0.417331 , 0.425541 , 0.40834 , 0.393109 , 0.416884 
 951 , 0.415904 , 0.424996 , 0.406951 , 0.39377 , 0.417422 
 952 , 0.414491 , 0.424469 , 0.405578 , 0.394424 , 0.417954 
 953 , 0.413706 , 0.424508 , 0.406394 , 0.395378 , 0.419859 
 954 , 0.414006 , 0.424286 , 0.408074 , 0.395847 , 0.421274 
 955 , 0.414682 , 0.423904 , 0.409826 , 0.396054 , 0.42227 
 956 , 0.414497 , 0.423233 , 0.411253 , 0.395686 , 0.423011 
 957 , 0.413533 , 0.421683 , 0.411845 , 0.395317 , 0.423803 
 958 , 0.412704 , 0.419238 , 0.411632 , 0.395842 , 0.425048 
 959 , 0.412402 , 0.417051 , 0.411744 , 0.396261 , 0.425765 
 960 , 0.414116 , 0.415716 , 0.413238 , 0.396092 , 0.424588 
 961 , 0.415291 , 0.417876 , 0.415726 , 0.393615 , 0.424388 
 962 , 0.416382 , 0.419883 , 0.418047 , 0.39133 , 0.424185 
 963 , 0.418398 , 0.42504 , 0.418462 , 0.392872 , 0.42572 
 964 , 0.42107 , 0.428643 , 0.417605 , 0.39513 , 0.425793 
 965 , 0.42374 , 0.431533 , 0.416525 , 0.397322 , 0.42544 
 966 , 0.425189 , 0.432224 , 0.415797 , 0.398232 , 0.425653 
 967 , 0.424909 , 0.43175 , 0.416145 , 0.398911 , 0.426805 
 968 , 0.423598 , 0.43148 , 0.417403 , 0.400173 , 0.428538 
 969 , 0.422373 , 0.431185 , 0.418768 , 0.401337 , 0.429941 
 970 , 0.421433 , 0.430917 , 0.420329 , 0.402259 , 0.43073 
 971 , 0.4213 , 0.431034 , 0.421216 , 0.402589 , 0.431699 
 972 , 0.421174 , 0.43115 , 0.422083 , 0.402898 , 0.432668 
 973 , 0.420558 , 0.431757 , 0.421867 , 0.402314 , 0.433989 
 974 , 0.420116 , 0.431704 , 0.420896 , 0.402344 , 0.434439 
 975 , 0.419705 , 0.431564 , 0.419808 , 0.402471 , 0.434758 
 976 , 0.42057 , 0.430793 , 0.420234 , 0.402339 , 0.433959 
 977 , 0.421826 , 0.429727 , 0.421826 , 0.40108 , 0.432528 
 978 , 0.422979 , 0.428655 , 0.423831 , 0.399056 , 0.430988 
 979 , 0.424051 , 0.428646 , 0.424817 , 0.398006 , 0.42931 
 980 , 0.425286 , 0.430316 , 0.424322 , 0.398733 , 0.427682 
 981 , 0.427303 , 0.43261 , 0.423551 , 0.400693 , 0.426681 
 982 , 0.429116 , 0.43471 , 0.422791 , 0.40252 , 0.425903 
 983 , 0.429653 , 0.435604 , 0.422058 , 0.403501 , 0.426686 
 984 , 0.428344 , 0.435588 , 0.421701 , 0.404447 , 0.428217 
 985 , 0.426987 , 0.435551 , 0.421354 , 0.405378 , 0.429772 
 986 , 0.426272 , 0.434535 , 0.421235 , 0.405694 , 0.430845 
 987 , 0.426726 , 0.433613 , 0.42066 , 0.405308 , 0.431132 
 988 , 0.4277 , 0.432832 , 0.419843 , 0.404649 , 0.431091 
 989 , 0.42814 , 0.432724 , 0.419255 , 0.404316 , 0.43182 
 990 , 0.427756 , 0.433018 , 0.419136 , 0.404686 , 0.433229 
 991 , 0.426714 , 0.432966 , 0.41952 , 0.405781 , 0.434667 
 992 , 0.425896 , 0.432743 , 0.420283 , 0.406764 , 0.435622 
 993 , 0.425901 , 0.432026 , 0.422178 , 0.407232 , 0.435024 
 994 , 0.427022 , 0.431917 , 0.423673 , 0.406372 , 0.434268 
 995 , 0.428177 , 0.43181 , 0.425202 , 0.405475 , 0.433499 
 996 , 0.429104 , 0.433202 , 0.424502 , 0.405363 , 0.431244 
 997 , 0.429625 , 0.435083 , 0.423391 , 0.405419 , 0.429342 
 998 , 0.43004 , 0.437139 , 0.422166 , 0.405524 , 0.427504 
 999 , 0.429841 , 0.438324 , 0.420539 , 0.404895 , 0.427664 
 1000 , 0.429464 , 0.438494 , 0.419277 , 0.404484 , 0.429209 
 1001 , 0.429266 , 0.438037 , 0.418674 , 0.40477 , 0.431149 
 1002 , 0.429013 , 0.437085 , 0.418502 , 0.404714 , 0.433136 
 1003 , 0.428521 , 0.435454 , 0.418974 , 0.403997 , 0.434826 
 1004 , 0.427234 , 0.434827 , 0.418592 , 0.403169 , 0.435101 
 1005 , 0.425843 , 0.434305 , 0.418101 , 0.402416 , 0.435344 
 1006 , 0.423982 , 0.43555 , 0.416652 , 0.403047 , 0.435096 
 1007 , 0.421978 , 0.435503 , 0.415834 , 0.402001 , 0.434903 
 1008 , 0.419859 , 0.435233 , 0.41508 , 0.400632 , 0.434715 
 1009 , 0.41959 , 0.43345 , 0.416571 , 0.398505 , 0.432997 
 1010 , 0.42033 , 0.431344 , 0.418437 , 0.396808 , 0.431281 
 1011 , 0.421501 , 0.42926 , 0.42015 , 0.395574 , 0.429841 
 1012 , 0.42197 , 0.427768 , 0.420218 , 0.395029 , 0.427595 
 1013 , 0.4216 , 0.427341 , 0.418293 , 0.394975 , 0.424198 
 1014 , 0.420994 , 0.427988 , 0.415647 , 0.394255 , 0.419848 
 1015 , 0.420305 , 0.428852 , 0.412732 , 0.393563 , 0.4164 
 1016 , 0.419438 , 0.43044 , 0.409127 , 0.393088 , 0.417046 
 1017 , 0.418412 , 0.43125 , 0.407801 , 0.395062 , 0.420403 
 1018 , 0.417322 , 0.432088 , 0.406448 , 0.397192 , 0.424023 
 1019 , 0.418031 , 0.430656 , 0.408057 , 0.39627 , 0.425218 
 1020 , 0.418043 , 0.429224 , 0.40889 , 0.39347 , 0.424364 
 1021 , 0.417645 , 0.427846 , 0.40924 , 0.3898 , 0.422604 
 1022 , 0.415489 , 0.427016 , 0.408682 , 0.387207 , 0.421441 
 1023 , 0.412701 , 0.425616 , 0.407495 , 0.385583 , 0.420778 
 1024 , 0.410587 , 0.422703 , 0.406183 , 0.384384 , 0.420289 
 1025 , 0.408669 , 0.419037 , 0.405468 , 0.382885 , 0.419739 
 1026 , 0.407349 , 0.414311 , 0.406002 , 0.380769 , 0.419103 
 1027 , 0.406879 , 0.411832 , 0.40636 , 0.377948 , 0.418418 
 1028 , 0.406266 , 0.40936 , 0.406415 , 0.37507 , 0.417488 
 1029 , 0.404064 , 0.409795 , 0.401362 , 0.374081 , 0.41317 
 1030 , 0.401175 , 0.410715 , 0.396673 , 0.37358 , 0.408497 
 1031 , 0.397924 , 0.411788 , 0.391796 , 0.373157 , 0.403504 
 1032 , 0.396032 , 0.412781 , 0.388975 , 0.371402 , 0.400636 
 1033 , 0.394307 , 0.412684 , 0.386502 , 0.369537 , 0.400388 
 1034 , 0.392265 , 0.411483 , 0.383659 , 0.367963 , 0.402186 
 1035 , 0.391571 , 0.409465 , 0.381153 , 0.366426 , 0.403321 
 1036 , 0.392274 , 0.406326 , 0.378938 , 0.364829 , 0.402598 
 1037 , 0.392454 , 0.40221 , 0.376174 , 0.362588 , 0.397682 
 1038 , 0.390772 , 0.397107 , 0.37296 , 0.360119 , 0.393348 
 1039 , 0.381229 , 0.388705 , 0.368418 , 0.35719 , 0.392382 
 1040 , 0.373988 , 0.380505 , 0.364069 , 0.353391 , 0.39335 
 1041 , 0.366371 , 0.371783 , 0.359434 , 0.349247 , 0.394567 
 1042 , 0.364393 , 0.37006 , 0.363098 , 0.345316 , 0.392042 
 1043 , 0.360701 , 0.369379 , 0.367855 , 0.341507 , 0.387631 
 1044 , 0.355417 , 0.368878 , 0.372929 , 0.337609 , 0.382129 
 1045 , 0.354667 , 0.369712 , 0.370667 , 0.33607 , 0.373483 
 1046 , 0.357676 , 0.371677 , 0.36296 , 0.334662 , 0.363104 
 1047 , 0.362657 , 0.374271 , 0.353619 , 0.330429 , 0.353038 
 1048 , 0.364448 , 0.374833 , 0.343689 , 0.324627 , 0.346148 
 1049 , 0.359058 , 0.370931 , 0.333493 , 0.316118 , 0.346989 
 1050 , 0.354119 , 0.36822 , 0.326005 , 0.314928 , 0.349001 
 1051 , 0.348752 , 0.364836 , 0.317993 , 0.313419 , 0.351014 
 1052 , 0.343898 , 0.354241 , 0.31249 , 0.308877 , 0.350423 
 1053 , 0.333839 , 0.341967 , 0.30494 , 0.300357 , 0.349755 
 1054 , 0.321573 , 0.328386 , 0.29625 , 0.289922 , 0.349029 
 1055 , 0.306115 , 0.314741 , 0.281795 , 0.278154 , 0.344803 
 1056 , 0.291635 , 0.298485 , 0.264112 , 0.265178 , 0.337265 
 1057 , 0.279134 , 0.278968 , 0.244465 , 0.250981 , 0.326941 
 1058 , 0.267944 , 0.261618 , 0.232733 , 0.234955 , 0.312721 
 1059 , 0.257636 , 0.247464 , 0.230538 , 0.216685 , 0.294394 
 1060 , 0.242179 , 0.234807 , 0.2289 , 0.195453 , 0.275964 
 1061 , 0.227912 , 0.224609 , 0.226472 , 0.17805 , 0.256846 
 1062 , 0.22125 , 0.227784 , 0.221355 , 0.180286 , 0.239423 
 1063 , 0.217695 , 0.231804 , 0.215269 , 0.181286 , 0.219674 
 1064 , 0.214282 , 0.236282 , 0.208585 , 0.182115 , 0.198417 
 1065 , 0.206967 , 0.234708 , 0.187278 , 0.175137 , 0.192554 
 1066 , 0.198968 , 0.232195 , 0.164821 , 0.170948 , 0.191719 
 1067 , 0.190305 , 0.229255 , 0.140938 , 0.16911 , 0.193677 
 1068 , 0.183239 , 0.211196 , 0.121124 , 0.155174 , 0.191556 
 1069 , 0.17612 , 0.183847 , 0.103823 , 0.132436 , 0.185043 
 1070 , 0.166167 , 0.15561 , 0.085098 , 0.106598 , 0.174117 
 1071 , 0.154286 , 0.131858 , 0.065622 , 0.081607 , 0.164402 
 1072 , 0.139546 , 0.120699 , 0.047541 , 0.06118 , 0.157922 
 1073 , 0.125849 , 0.104942 , 0.025413 , 0.038485 , 0.150804 
 1074 , 0.111686 , 0.089143 , 0.00597 , 0.016322 , 0.142588 
 1075 , 0.101597 , 0.081052 , 0.023232 , 0.016368 , 0.12575 
 1076 , 0.09067 , 0.072543 , 0.041297 , 0.016367 , 0.107458 
 1077 , 0.079027 , 0.063638 , 0.06045 , 0.016338 , 0.088261 
 1078 , 0.075274 , 0.064894 , 0.072529 , 0.023949 , 0.065422 
 1079 , 0.074084 , 0.069526 , 0.083616 , 0.034465 , 0.041428 
 1080 , 0.073643 , 0.075429 , 0.096145 , 0.046847 , 0.016205 
 1081 , 0.065407 , 0.073831 , 0.088535 , 0.052913 , 0.003582 
 1082 , 0.048271 , 0.063925 , 0.059048 , 0.051519 , 0.004309 
 1083 , 0.02808 , 0.051665 , 0.025702 , 0.047884 , 0.005053 
 1084 , 0.011197 , 0.039112 , 0 , 0.042053 , 0.005307 
 1085 , 0.007763 , 0.027128 , 0 , 0.029461 , 0.003747 
 1086 , 0.004193 , 0.015039 , 0 , 0.016089 , 0.002092 
 1087 , 0.000171 , 0.000635 , 0 , 0.000666 , 0.000091 
 1088 , 0 , 0 , 0 , 0 , 0 
 1089 , 0 , 0 , 0 , 0 , 0 
 1090 , 0 , 0 , 0 , 0 , 0 
 1091 , 0 , 0 , 0 , 0 , 0 
 1092 , 0 , 0 , 0 , 0 , 0 
 1093 , 0 , 0 , 0 , 0 , 0 
 1094 , 0 , 0 , 0 , 0 , 0 
 1095 , 0 , 0 , 0 , 0 , 0 
 1096 , 0 , 0 , 0 , 0 , 0 
 1097 , 0 , 0 , 0 , 0 , 0 
 1098 , 0 , 0 , 0 , 0 , 0 
 1099 , 0 , 0 , 0 , 0 , 0 
 1100 , 0 , 0 , 0 , 0 , 0 
 1101 , 0 , 0 , 0 , 0 , 0 
 1102 , 0 , 0 , 0 , 0 , 0 
 1103 , 0 , 0 , 0 , 0 , 0 
 1104 , 0 , 0 , 0 , 0 , 0 
 1105 , 0 , 0 , 0 , 0 , 0 
 1106 , 0 , 0 , 0 , 0 , 0 
 1107 , 0 , 0 , 0 , 0 , 0 
 1108 , 0 , 0 , 0 , 0 , 0 
 1109 , 0 , 0 , 0 , 0 , 0 
 1110 , 0 , 0 , 0 , 0 , 0 
 1111 , 0 , 0 , 0 , 0 , 0 
 1112 , 0 , 0 , 0 , 0 , 0 
 1113 , 0 , 0 , 0 , 0 , 0 
 1114 , 0 , 0 , 0 , 0 , 0 
 1115 , 0 , 0 , 0 , 0 , 0 
 1116 , 0 , 0 , 0 , 0 , 0 
 1117 , 0 , 0 , 0 , 0 , 0 
 1118 , 0 , 0 , 0 , 0 , 0 
 1119 , 0 , 0 , 0 , 0 , 0 
 1120 , 0 , 0 , 0 , 0 , 0 
 1121 , 0 , 0 , 0 , 0 , 0 
 1122 , 0 , 0 , 0 , 0 , 0 
 1123 , 0 , 0 , 0 , 0 , 0 
 1124 , 0.896352 , 0.897874 , 0.900403 , 0.875816 , 0.847435 
 1125 , 0.968884 , 0.965527 , 0.968765 , 0.947119 , 0.914584 
 1126 , 0.994952 , 0.990386 , 0.99083 , 0.972976 , 0.939193 
 1127 , 1.001519 , 0.996252 , 0.993875 , 0.979736 , 0.945677 
 1128 , 1.002315 , 0.997307 , 0.991202 , 0.980619 , 0.947107 
 1129 , 1.002478 , 1.001704 , 0.986354 , 0.979931 , 0.949642 
 1130 , 0.853032 , 1.233299 , 0.832477 , 0.832477 , 1.166495 
