MNAT_00204.spu,MNAT_00203.spu,MNAT_00202.spu,MNAT_00201.spu,MNAT_00200.spu,
Wavelength,MNAT_00101.spu,MNAT_00102.spu,MNAT_00103.spu,MNAT_00104.spu,MNAT_00105.spu,MNAT_00106.spu,MNAT_00107.spu,MNAT_00108.spu,MNAT_00109.spu,MNAT_00110.spu
  (nm),8/1/2018 1,8/1/2018 1,8/1/2018 1,8/1/2018 1,8/1/2018 1,8/1/2018 1,8/1/2018 1,8/1/2018 1,8/1/2018 1,8/1/2018 1
  time  ,56:34 AM,56:47 AM,57:06 AM,57:20 AM,57:33 AM,58:13 AM,58:30 AM,58:44 AM,58:56 AM,59:09 AM
temp C,SW,SW,SW,SW,SW,SW,SW,SW,SW,SW
,,,,,,,,,,
 310 , 0 , 0 , 0 , 0 , 0 , 0 , 0 , 0 , 0 , 0 
 311 , 0 , 0 , 0 , 0 , 0 , 0 , 0 , 0 , 0 , 0 
 312 , 0 , 0 , 0 , 0 , 0 , 0 , 0 , 0 , 0 , 0 
 313 , 0 , 0 , 0 , 0 , 0 , 0 , 0 , 0 , 0 , 0 
 314 , 0 , 0 , 0 , 0 , 0 , 0 , 0 , 0 , 0 , 0 
 315 , 0 , 0 , 0 , 0.000006 , 0.000006 , 0 , 0 , 0 , 0.000012 , 0.000003 
 316 , 0 , 0 , 0 , 0.000018 , 0.000019 , 0 , 0 , 0 , 0.000037 , 0.000009 
 317 , 0 , 0 , 0 , 0.00003 , 0.000031 , 0 , 0 , 0 , 0.000061 , 0.000015 
 318 , 0.000002 , 0 , 0.000002 , 0.000031 , 0.000033 , 0.000004 , 0.000002 , 0.000001 , 0.000058 , 0.000014 
 319 , 0.000029 , 0 , 0.000037 , 0.000082 , 0.000103 , 0.000068 , 0.000029 , 0.000015 , 0.000069 , 0.000015 
 320 , 0.000057 , 0 , 0.000072 , 0.000119 , 0.00016 , 0.000132 , 0.000056 , 0.000029 , 0.00005 , 0.000009 
 321 , 0.000084 , 0 , 0.000105 , 0.000154 , 0.000216 , 0.000195 , 0.000082 , 0.000043 , 0.00003 , 0.000002 
 322 , 0.000052 , 0.000006 , 0.000065 , 0.000105 , 0.000147 , 0.000116 , 0.000055 , 0.00004 , 0.000022 , 0.000006 
 323 , 0.000088 , 0.000022 , 0.000109 , 0.000207 , 0.000286 , 0.000184 , 0.000102 , 0.0001 , 0.000056 , 0.000023 
 324 , 0.000109 , 0.000043 , 0.000134 , 0.00029 , 0.000396 , 0.000211 , 0.000136 , 0.000162 , 0.000091 , 0.000044 
 325 , 0.000156 , 0.000078 , 0.000163 , 0.000354 , 0.000476 , 0.000237 , 0.000171 , 0.000231 , 0.000136 , 0.000086 
 326 , 0.000495 , 0.000256 , 0.000409 , 0.000759 , 0.001005 , 0.000553 , 0.000412 , 0.000591 , 0.00038 , 0.000303 
 327 , 0.000877 , 0.000463 , 0.000657 , 0.001097 , 0.001441 , 0.000843 , 0.000642 , 0.000955 , 0.00065 , 0.000565 
 328 , 0.001285 , 0.000688 , 0.000914 , 0.001412 , 0.001848 , 0.001127 , 0.000873 , 0.001331 , 0.000945 , 0.000855 
 329 , 0.001369 , 0.000775 , 0.001099 , 0.001548 , 0.002066 , 0.001254 , 0.001061 , 0.001382 , 0.000908 , 0.000916 
 330 , 0.001401 , 0.000828 , 0.001237 , 0.001627 , 0.002207 , 0.001329 , 0.0012 , 0.001382 , 0.000843 , 0.000941 
 331 , 0.001395 , 0.000853 , 0.001325 , 0.001658 , 0.002276 , 0.001359 , 0.00129 , 0.001349 , 0.000767 , 0.00094 
 332 , 0.001503 , 0.001021 , 0.001451 , 0.001843 , 0.002507 , 0.001447 , 0.001407 , 0.001464 , 0.000897 , 0.001028 
 333 , 0.001678 , 0.001292 , 0.001593 , 0.002126 , 0.002838 , 0.001559 , 0.001536 , 0.001671 , 0.001169 , 0.001171 
 334 , 0.001836 , 0.001552 , 0.001718 , 0.002386 , 0.003142 , 0.001654 , 0.001649 , 0.001864 , 0.001435 , 0.001301 
 335 , 0.002026 , 0.00181 , 0.001873 , 0.002645 , 0.003458 , 0.00178 , 0.001788 , 0.002066 , 0.001675 , 0.001444 
 336 , 0.002368 , 0.002068 , 0.002173 , 0.002922 , 0.003848 , 0.002054 , 0.002054 , 0.002323 , 0.00181 , 0.001651 
 337 , 0.002694 , 0.002318 , 0.002458 , 0.003172 , 0.004201 , 0.002308 , 0.0023 , 0.002558 , 0.001927 , 0.001842 
 338 , 0.003004 , 0.002561 , 0.002727 , 0.003399 , 0.004522 , 0.002542 , 0.002527 , 0.002774 , 0.00203 , 0.002018 
 339 , 0.003086 , 0.002693 , 0.00291 , 0.00355 , 0.0047 , 0.002689 , 0.002634 , 0.002949 , 0.00221 , 0.002102 
 340 , 0.00312 , 0.002794 , 0.00306 , 0.003673 , 0.004838 , 0.002808 , 0.002708 , 0.003101 , 0.002392 , 0.002162 
 341 , 0.003145 , 0.002882 , 0.003193 , 0.003775 , 0.004956 , 0.002913 , 0.00277 , 0.003234 , 0.002559 , 0.002214 
 342 , 0.003314 , 0.003033 , 0.003357 , 0.004009 , 0.005208 , 0.003043 , 0.002896 , 0.003408 , 0.002778 , 0.002345 
 343 , 0.003643 , 0.003253 , 0.003553 , 0.004393 , 0.005607 , 0.003195 , 0.003091 , 0.003625 , 0.003052 , 0.002567 
 344 , 0.003958 , 0.003456 , 0.003734 , 0.004761 , 0.005982 , 0.003332 , 0.003272 , 0.003822 , 0.003308 , 0.002774 
 345 , 0.004249 , 0.003634 , 0.003899 , 0.005104 , 0.006326 , 0.003463 , 0.003444 , 0.004001 , 0.003532 , 0.002961 
 346 , 0.004414 , 0.003684 , 0.004061 , 0.005346 , 0.00656 , 0.003666 , 0.003641 , 0.004127 , 0.003553 , 0.003051 
 347 , 0.004562 , 0.003726 , 0.004206 , 0.005567 , 0.006772 , 0.003853 , 0.00382 , 0.004245 , 0.003572 , 0.003131 
 348 , 0.004694 , 0.003762 , 0.004336 , 0.00577 , 0.006967 , 0.004024 , 0.003984 , 0.004358 , 0.003587 , 0.003202 
 349 , 0.004793 , 0.003903 , 0.004423 , 0.005923 , 0.00713 , 0.004083 , 0.004096 , 0.004443 , 0.003706 , 0.003281 
 350 , 0.004874 , 0.004076 , 0.004488 , 0.006046 , 0.00727 , 0.004096 , 0.004182 , 0.004512 , 0.003856 , 0.00336 
 351 , 0.004947 , 0.004234 , 0.004546 , 0.006158 , 0.007397 , 0.004106 , 0.00426 , 0.004573 , 0.003991 , 0.003432 
 352 , 0.005098 , 0.00439 , 0.004683 , 0.00632 , 0.007604 , 0.004177 , 0.004376 , 0.004696 , 0.004126 , 0.003541 
 353 , 0.005414 , 0.00455 , 0.004987 , 0.006592 , 0.007983 , 0.004368 , 0.004568 , 0.004949 , 0.004274 , 0.003728 
 354 , 0.005716 , 0.004697 , 0.005282 , 0.006846 , 0.008342 , 0.004548 , 0.004749 , 0.005189 , 0.00441 , 0.003905 
 355 , 0.006007 , 0.004834 , 0.005568 , 0.007085 , 0.008683 , 0.004718 , 0.004919 , 0.005417 , 0.004536 , 0.004074 
 356 , 0.006024 , 0.004929 , 0.005675 , 0.007263 , 0.008844 , 0.004818 , 0.005072 , 0.00552 , 0.00453 , 0.004142 
 357 , 0.006027 , 0.005017 , 0.005768 , 0.007431 , 0.008988 , 0.004908 , 0.005218 , 0.005611 , 0.004516 , 0.004202 
 358 , 0.00603 , 0.005101 , 0.005855 , 0.00759 , 0.009123 , 0.004994 , 0.005357 , 0.005698 , 0.004503 , 0.004258 
 359 , 0.006168 , 0.005248 , 0.005974 , 0.007772 , 0.009358 , 0.005114 , 0.005492 , 0.005859 , 0.004653 , 0.004342 
 360 , 0.006397 , 0.005435 , 0.00611 , 0.007961 , 0.009657 , 0.005254 , 0.005618 , 0.006069 , 0.004918 , 0.004442 
 361 , 0.006614 , 0.005611 , 0.006234 , 0.008135 , 0.009937 , 0.005384 , 0.005733 , 0.006267 , 0.005174 , 0.004533 
 362 , 0.006827 , 0.005776 , 0.006374 , 0.00833 , 0.010192 , 0.005511 , 0.005854 , 0.006447 , 0.005397 , 0.004621 
 363 , 0.007055 , 0.005925 , 0.006605 , 0.008653 , 0.010407 , 0.005654 , 0.00603 , 0.006594 , 0.00552 , 0.004718 
 364 , 0.007269 , 0.006063 , 0.006821 , 0.00896 , 0.010602 , 0.005786 , 0.006193 , 0.006729 , 0.005633 , 0.004807 
 365 , 0.00747 , 0.006191 , 0.007026 , 0.009253 , 0.010781 , 0.005909 , 0.006346 , 0.006853 , 0.005737 , 0.004888 
 366 , 0.00759 , 0.006324 , 0.007165 , 0.009331 , 0.011004 , 0.006003 , 0.006455 , 0.006926 , 0.005847 , 0.004942 
 367 , 0.007684 , 0.006452 , 0.007283 , 0.009355 , 0.011226 , 0.006084 , 0.006549 , 0.00698 , 0.005952 , 0.004983 
 368 , 0.007769 , 0.006572 , 0.007391 , 0.009372 , 0.011434 , 0.006158 , 0.006636 , 0.007027 , 0.00605 , 0.005019 
 369 , 0.00787 , 0.006697 , 0.007506 , 0.009481 , 0.011641 , 0.006243 , 0.006738 , 0.007121 , 0.006178 , 0.005072 
 370 , 0.007996 , 0.00683 , 0.00763 , 0.009705 , 0.01185 , 0.006346 , 0.00686 , 0.007274 , 0.006348 , 0.005149 
 371 , 0.008113 , 0.006958 , 0.007746 , 0.00992 , 0.012052 , 0.006441 , 0.006975 , 0.007421 , 0.006516 , 0.005222 
 372 , 0.008238 , 0.007087 , 0.007867 , 0.010131 , 0.012261 , 0.006539 , 0.007092 , 0.007563 , 0.006682 , 0.005295 
 373 , 0.008563 , 0.007305 , 0.008147 , 0.010402 , 0.012685 , 0.00675 , 0.007342 , 0.00772 , 0.006852 , 0.005423 
 374 , 0.008856 , 0.007489 , 0.008403 , 0.01064 , 0.013058 , 0.006938 , 0.007566 , 0.007845 , 0.006995 , 0.005528 
 375 , 0.009125 , 0.007648 , 0.008641 , 0.010854 , 0.01339 , 0.007109 , 0.00777 , 0.007945 , 0.007116 , 0.005614 
 376 , 0.009429 , 0.007852 , 0.008976 , 0.011283 , 0.013866 , 0.007339 , 0.008012 , 0.008215 , 0.007401 , 0.005788 
 377 , 0.009675 , 0.008014 , 0.009277 , 0.01171 , 0.014301 , 0.007539 , 0.008215 , 0.008495 , 0.007701 , 0.005957 
 378 , 0.009853 , 0.008121 , 0.009504 , 0.012049 , 0.01464 , 0.007684 , 0.008366 , 0.008715 , 0.007951 , 0.006086 
 379 , 0.010095 , 0.008299 , 0.009781 , 0.0124 , 0.015043 , 0.007874 , 0.008563 , 0.008951 , 0.008201 , 0.006253 
 380 , 0.01047 , 0.00862 , 0.010165 , 0.012784 , 0.015569 , 0.008155 , 0.008847 , 0.009214 , 0.008444 , 0.006499 
 381 , 0.010752 , 0.008858 , 0.010457 , 0.013061 , 0.015949 , 0.008365 , 0.009051 , 0.009395 , 0.008613 , 0.006688 
 382 , 0.010984 , 0.00905 , 0.010699 , 0.01328 , 0.01625 , 0.008534 , 0.00921 , 0.00953 , 0.008741 , 0.006845 
 383 , 0.011201 , 0.009162 , 0.010864 , 0.013515 , 0.016524 , 0.008655 , 0.009383 , 0.009668 , 0.008828 , 0.006878 
 384 , 0.01137 , 0.009235 , 0.010982 , 0.013696 , 0.016728 , 0.008735 , 0.009514 , 0.009766 , 0.008871 , 0.006872 
 385 , 0.01151 , 0.009287 , 0.011074 , 0.013845 , 0.016892 , 0.008791 , 0.00962 , 0.00984 , 0.008889 , 0.006848 
 386 , 0.011587 , 0.009359 , 0.011187 , 0.014017 , 0.017083 , 0.008831 , 0.00974 , 0.009919 , 0.009018 , 0.006862 
 387 , 0.011616 , 0.009438 , 0.011306 , 0.014195 , 0.017281 , 0.008858 , 0.009862 , 0.009995 , 0.009212 , 0.006901 
 388 , 0.011637 , 0.009507 , 0.011413 , 0.014352 , 0.017456 , 0.008876 , 0.00997 , 0.010059 , 0.009389 , 0.006932 
 389 , 0.011696 , 0.009582 , 0.011531 , 0.014483 , 0.017621 , 0.008923 , 0.010081 , 0.010141 , 0.009539 , 0.006988 
 390 , 0.01191 , 0.009695 , 0.011715 , 0.014568 , 0.017793 , 0.009086 , 0.010234 , 0.010314 , 0.009634 , 0.007135 
 391 , 0.012112 , 0.009801 , 0.01189 , 0.014644 , 0.017953 , 0.009241 , 0.010377 , 0.010477 , 0.00972 , 0.007274 
 392 , 0.012301 , 0.009898 , 0.012052 , 0.014712 , 0.018102 , 0.009388 , 0.010512 , 0.01063 , 0.0098 , 0.007406 
 393 , 0.012418 , 0.010003 , 0.012197 , 0.014876 , 0.018342 , 0.009543 , 0.010709 , 0.010795 , 0.009988 , 0.007475 
 394 , 0.012509 , 0.010097 , 0.012323 , 0.01504 , 0.018575 , 0.009688 , 0.010899 , 0.01095 , 0.01018 , 0.007525 
 395 , 0.012588 , 0.010179 , 0.012434 , 0.015186 , 0.018781 , 0.009818 , 0.011072 , 0.011086 , 0.010352 , 0.007569 
 396 , 0.012679 , 0.0103 , 0.012561 , 0.015376 , 0.019032 , 0.009949 , 0.011204 , 0.011215 , 0.010544 , 0.007649 
 397 , 0.012779 , 0.010454 , 0.012698 , 0.015603 , 0.019311 , 0.01008 , 0.0113 , 0.011334 , 0.010746 , 0.007759 
 398 , 0.012862 , 0.010583 , 0.012816 , 0.015795 , 0.01955 , 0.010189 , 0.011379 , 0.011432 , 0.010919 , 0.007849 
 399 , 0.012953 , 0.010695 , 0.012929 , 0.015969 , 0.01976 , 0.010298 , 0.011466 , 0.011531 , 0.011079 , 0.007941 
 400 , 0.0132 , 0.010807 , 0.013155 , 0.0162 , 0.020015 , 0.010514 , 0.011723 , 0.011738 , 0.011305 , 0.008107 
 401 , 0.013418 , 0.010906 , 0.013356 , 0.016404 , 0.020238 , 0.010705 , 0.011948 , 0.011921 , 0.011501 , 0.008255 
 402 , 0.013614 , 0.010992 , 0.01353 , 0.016582 , 0.020435 , 0.010874 , 0.012148 , 0.012081 , 0.011677 , 0.008384 
 403 , 0.013731 , 0.011129 , 0.013705 , 0.016784 , 0.020668 , 0.011041 , 0.012355 , 0.012271 , 0.011889 , 0.008519 
 404 , 0.013823 , 0.011279 , 0.013876 , 0.016984 , 0.020906 , 0.0112 , 0.012559 , 0.012466 , 0.012105 , 0.008653 
 405 , 0.013907 , 0.011421 , 0.014035 , 0.017171 , 0.021127 , 0.011351 , 0.012749 , 0.012648 , 0.012308 , 0.008779 
 406 , 0.01404 , 0.011559 , 0.014208 , 0.017371 , 0.02136 , 0.011529 , 0.012947 , 0.012836 , 0.012501 , 0.008932 
 407 , 0.01426 , 0.011706 , 0.014419 , 0.017605 , 0.021628 , 0.011763 , 0.013174 , 0.013048 , 0.012693 , 0.00914 
 408 , 0.01447 , 0.011843 , 0.014619 , 0.017823 , 0.021881 , 0.011986 , 0.013387 , 0.013249 , 0.012876 , 0.009337 
 409 , 0.014667 , 0.011974 , 0.014807 , 0.018033 , 0.022124 , 0.012197 , 0.013588 , 0.013438 , 0.013047 , 0.009523 
 410 , 0.014831 , 0.012075 , 0.01502 , 0.018248 , 0.022389 , 0.012409 , 0.013826 , 0.01363 , 0.013231 , 0.009714 
 411 , 0.014986 , 0.012169 , 0.015223 , 0.018448 , 0.022639 , 0.012612 , 0.014054 , 0.01381 , 0.013404 , 0.009897 
 412 , 0.015133 , 0.012258 , 0.015411 , 0.018639 , 0.022875 , 0.012801 , 0.014265 , 0.013984 , 0.013566 , 0.010066 
 413 , 0.015294 , 0.012395 , 0.015606 , 0.018863 , 0.023164 , 0.013019 , 0.014498 , 0.014224 , 0.013789 , 0.010266 
 414 , 0.01546 , 0.01256 , 0.015794 , 0.019104 , 0.023473 , 0.013245 , 0.014734 , 0.014495 , 0.01404 , 0.010475 
 415 , 0.015617 , 0.012716 , 0.015979 , 0.019331 , 0.023767 , 0.013461 , 0.014959 , 0.014753 , 0.014278 , 0.010674 
 416 , 0.015781 , 0.012868 , 0.016163 , 0.019548 , 0.024043 , 0.013673 , 0.01518 , 0.015002 , 0.014495 , 0.010874 
 417 , 0.01597 , 0.013031 , 0.016375 , 0.01976 , 0.02429 , 0.013882 , 0.015401 , 0.015243 , 0.014671 , 0.011086 
 418 , 0.016151 , 0.013188 , 0.016579 , 0.019961 , 0.024526 , 0.014085 , 0.015611 , 0.015472 , 0.014838 , 0.011288 
 419 , 0.016326 , 0.013337 , 0.016774 , 0.020157 , 0.024751 , 0.014281 , 0.015815 , 0.015694 , 0.015002 , 0.011482 
 420 , 0.016488 , 0.013465 , 0.016971 , 0.020345 , 0.025018 , 0.014468 , 0.016058 , 0.015927 , 0.015181 , 0.011678 
 421 , 0.016644 , 0.013586 , 0.017159 , 0.020529 , 0.025277 , 0.014647 , 0.016296 , 0.016152 , 0.015358 , 0.011868 
 422 , 0.016792 , 0.013702 , 0.01734 , 0.020704 , 0.025529 , 0.014823 , 0.016527 , 0.016374 , 0.015527 , 0.012052 
 423 , 0.016944 , 0.01384 , 0.017519 , 0.020878 , 0.025766 , 0.014988 , 0.016717 , 0.016584 , 0.015699 , 0.012226 
 424 , 0.017093 , 0.013992 , 0.017693 , 0.021049 , 0.025985 , 0.015149 , 0.016874 , 0.016786 , 0.015867 , 0.012395 
 425 , 0.017239 , 0.014141 , 0.01786 , 0.021217 , 0.026204 , 0.015306 , 0.017031 , 0.016985 , 0.016031 , 0.012564 
 426 , 0.017391 , 0.014295 , 0.018034 , 0.021382 , 0.026424 , 0.015462 , 0.017189 , 0.01718 , 0.016187 , 0.012725 
 427 , 0.017573 , 0.014451 , 0.018214 , 0.021539 , 0.026649 , 0.015591 , 0.017351 , 0.01736 , 0.016297 , 0.012876 
 428 , 0.017749 , 0.014608 , 0.018392 , 0.021693 , 0.026872 , 0.015717 , 0.01751 , 0.017541 , 0.01641 , 0.013028 
 429 , 0.017924 , 0.014764 , 0.018569 , 0.021847 , 0.027091 , 0.015843 , 0.01767 , 0.01772 , 0.016516 , 0.013173 
 430 , 0.018059 , 0.014905 , 0.018727 , 0.021989 , 0.027274 , 0.015949 , 0.017804 , 0.017875 , 0.016617 , 0.01328 
 431 , 0.018177 , 0.015038 , 0.018875 , 0.022123 , 0.027438 , 0.016041 , 0.01793 , 0.018018 , 0.016708 , 0.01337 
 432 , 0.018293 , 0.015166 , 0.019016 , 0.022252 , 0.027599 , 0.016132 , 0.018049 , 0.018152 , 0.016795 , 0.013456 
 433 , 0.018433 , 0.015306 , 0.019163 , 0.022387 , 0.027767 , 0.016227 , 0.018179 , 0.018301 , 0.016901 , 0.013558 
 434 , 0.0186 , 0.015462 , 0.019316 , 0.022529 , 0.027944 , 0.016323 , 0.018317 , 0.018459 , 0.017023 , 0.013675 
 435 , 0.018757 , 0.015608 , 0.019462 , 0.022663 , 0.02811 , 0.016418 , 0.018448 , 0.018612 , 0.017138 , 0.013786 
 436 , 0.018908 , 0.015752 , 0.019602 , 0.02279 , 0.028269 , 0.016503 , 0.01857 , 0.018753 , 0.017245 , 0.013887 
 437 , 0.019013 , 0.015873 , 0.019728 , 0.022886 , 0.028405 , 0.016563 , 0.018655 , 0.018851 , 0.017275 , 0.013915 
 438 , 0.019112 , 0.015988 , 0.019848 , 0.022976 , 0.028534 , 0.016622 , 0.018735 , 0.018944 , 0.017304 , 0.013938 
 439 , 0.019211 , 0.016101 , 0.019961 , 0.023064 , 0.028657 , 0.016676 , 0.018813 , 0.019033 , 0.017331 , 0.013964 
 440 , 0.019323 , 0.016213 , 0.020063 , 0.023154 , 0.028778 , 0.016726 , 0.018887 , 0.019132 , 0.017392 , 0.014005 
 441 , 0.019439 , 0.016322 , 0.020156 , 0.023238 , 0.028888 , 0.016768 , 0.018957 , 0.019231 , 0.017464 , 0.01405 
 442 , 0.01955 , 0.01643 , 0.020247 , 0.023319 , 0.028998 , 0.01681 , 0.019026 , 0.01933 , 0.017535 , 0.014092 
 443 , 0.019666 , 0.016534 , 0.020344 , 0.023403 , 0.029103 , 0.01686 , 0.019104 , 0.019433 , 0.017595 , 0.01413 
 444 , 0.019793 , 0.016632 , 0.020457 , 0.023494 , 0.029205 , 0.016923 , 0.019192 , 0.01955 , 0.017642 , 0.014161 
 445 , 0.019913 , 0.01673 , 0.020568 , 0.023581 , 0.029303 , 0.016983 , 0.019277 , 0.019667 , 0.017686 , 0.014193 
 446 , 0.020033 , 0.016825 , 0.020675 , 0.023668 , 0.029402 , 0.017043 , 0.019362 , 0.019777 , 0.017726 , 0.014222 
 447 , 0.020114 , 0.016901 , 0.020749 , 0.023722 , 0.029505 , 0.017077 , 0.019453 , 0.019862 , 0.017767 , 0.014254 
 448 , 0.020191 , 0.016976 , 0.020819 , 0.023775 , 0.029608 , 0.01711 , 0.01954 , 0.019945 , 0.017808 , 0.014284 
 449 , 0.020267 , 0.017047 , 0.020885 , 0.023825 , 0.029708 , 0.017139 , 0.019624 , 0.020025 , 0.01785 , 0.014311 
 450 , 0.020348 , 0.017128 , 0.020965 , 0.023889 , 0.029808 , 0.017176 , 0.019696 , 0.020119 , 0.017911 , 0.014331 
 451 , 0.020437 , 0.017218 , 0.021056 , 0.023964 , 0.029906 , 0.017215 , 0.019758 , 0.020221 , 0.017983 , 0.014348 
 452 , 0.020522 , 0.017304 , 0.021143 , 0.024037 , 0.030004 , 0.017254 , 0.019819 , 0.020322 , 0.018058 , 0.014365 
 453 , 0.020608 , 0.017384 , 0.021222 , 0.024105 , 0.030095 , 0.017292 , 0.019878 , 0.020412 , 0.018117 , 0.014381 
 454 , 0.0207 , 0.017435 , 0.021286 , 0.024157 , 0.030183 , 0.017337 , 0.019943 , 0.020473 , 0.01815 , 0.014393 
 455 , 0.02079 , 0.017485 , 0.021353 , 0.024212 , 0.030266 , 0.017381 , 0.020008 , 0.020533 , 0.018182 , 0.014403 
 456 , 0.020882 , 0.017534 , 0.021415 , 0.024265 , 0.030351 , 0.017428 , 0.020071 , 0.020594 , 0.018211 , 0.014417 
 457 , 0.020953 , 0.017581 , 0.021472 , 0.024313 , 0.030443 , 0.01745 , 0.020132 , 0.02066 , 0.018262 , 0.014408 
 458 , 0.021022 , 0.017629 , 0.02153 , 0.024363 , 0.030537 , 0.01747 , 0.020194 , 0.02073 , 0.018314 , 0.014397 
 459 , 0.021094 , 0.017676 , 0.021587 , 0.024412 , 0.030633 , 0.01749 , 0.020259 , 0.020799 , 0.018365 , 0.014388 
 460 , 0.021158 , 0.017717 , 0.021644 , 0.024456 , 0.030719 , 0.017506 , 0.020309 , 0.02086 , 0.01841 , 0.014381 
 461 , 0.021226 , 0.017755 , 0.021702 , 0.024499 , 0.030804 , 0.017514 , 0.020355 , 0.020923 , 0.018454 , 0.014381 
 462 , 0.021294 , 0.017794 , 0.021759 , 0.024544 , 0.030887 , 0.017525 , 0.020399 , 0.020982 , 0.018497 , 0.01438 
 463 , 0.021359 , 0.017832 , 0.021815 , 0.024588 , 0.030974 , 0.017537 , 0.020445 , 0.021042 , 0.018537 , 0.014376 
 464 , 0.021435 , 0.017884 , 0.021878 , 0.024643 , 0.031086 , 0.017567 , 0.020508 , 0.021104 , 0.018572 , 0.014369 
 465 , 0.021511 , 0.017932 , 0.021943 , 0.024701 , 0.031199 , 0.017598 , 0.02057 , 0.021161 , 0.018607 , 0.014359 
 466 , 0.021589 , 0.017985 , 0.022008 , 0.02476 , 0.031315 , 0.017627 , 0.020634 , 0.021224 , 0.018641 , 0.014352 
 467 , 0.021664 , 0.018049 , 0.022095 , 0.024843 , 0.031438 , 0.017658 , 0.020702 , 0.021295 , 0.018703 , 0.014351 
 468 , 0.021748 , 0.018125 , 0.02219 , 0.024934 , 0.03157 , 0.017691 , 0.020774 , 0.021369 , 0.018778 , 0.014358 
 469 , 0.021831 , 0.018197 , 0.022285 , 0.025028 , 0.031702 , 0.017727 , 0.020846 , 0.021446 , 0.018852 , 0.014365 
 470 , 0.021919 , 0.018253 , 0.022376 , 0.025117 , 0.031832 , 0.01776 , 0.020915 , 0.021524 , 0.018913 , 0.014371 
 471 , 0.022014 , 0.018293 , 0.02247 , 0.025203 , 0.031959 , 0.017797 , 0.020981 , 0.021604 , 0.018956 , 0.01438 
 472 , 0.022109 , 0.01833 , 0.022561 , 0.025289 , 0.032088 , 0.017832 , 0.021049 , 0.021687 , 0.018998 , 0.01439 
 473 , 0.022206 , 0.018371 , 0.022652 , 0.025377 , 0.032217 , 0.01787 , 0.02112 , 0.021769 , 0.019041 , 0.014402 
 474 , 0.022328 , 0.018453 , 0.022767 , 0.025496 , 0.032382 , 0.017931 , 0.021239 , 0.021882 , 0.019102 , 0.014414 
 475 , 0.02245 , 0.018535 , 0.022881 , 0.025617 , 0.032548 , 0.017995 , 0.021362 , 0.021999 , 0.019162 , 0.014428 
 476 , 0.02257 , 0.018617 , 0.022994 , 0.025735 , 0.032714 , 0.01806 , 0.021485 , 0.022112 , 0.019223 , 0.014443 
 477 , 0.022678 , 0.018698 , 0.023105 , 0.025852 , 0.032874 , 0.018113 , 0.021581 , 0.022224 , 0.01931 , 0.014472 
 478 , 0.022782 , 0.018777 , 0.023215 , 0.025968 , 0.033032 , 0.018165 , 0.02167 , 0.022336 , 0.019404 , 0.014506 
 479 , 0.022888 , 0.018859 , 0.023327 , 0.026087 , 0.033193 , 0.018214 , 0.021758 , 0.022446 , 0.019499 , 0.014543 
 480 , 0.023 , 0.01894 , 0.023443 , 0.026203 , 0.033365 , 0.018279 , 0.021857 , 0.022558 , 0.019589 , 0.01458 
 481 , 0.023134 , 0.019026 , 0.023571 , 0.026324 , 0.033561 , 0.018365 , 0.021979 , 0.022673 , 0.019672 , 0.014626 
 482 , 0.023268 , 0.019111 , 0.023701 , 0.026448 , 0.03376 , 0.01845 , 0.022103 , 0.022789 , 0.019757 , 0.014673 
 483 , 0.023401 , 0.0192 , 0.023831 , 0.026569 , 0.033959 , 0.018539 , 0.022228 , 0.022904 , 0.019842 , 0.014723 
 484 , 0.023524 , 0.019289 , 0.023969 , 0.026698 , 0.034144 , 0.018605 , 0.022351 , 0.023027 , 0.01994 , 0.014742 
 485 , 0.023649 , 0.019382 , 0.024109 , 0.026833 , 0.034333 , 0.018674 , 0.022478 , 0.02315 , 0.020045 , 0.014766 
 486 , 0.023778 , 0.019477 , 0.024252 , 0.026968 , 0.034528 , 0.018743 , 0.022607 , 0.023276 , 0.020149 , 0.01479 
 487 , 0.02394 , 0.019595 , 0.02441 , 0.027127 , 0.034753 , 0.01885 , 0.022755 , 0.023448 , 0.020294 , 0.01486 
 488 , 0.024126 , 0.019729 , 0.024577 , 0.027297 , 0.035002 , 0.018977 , 0.022915 , 0.023647 , 0.020464 , 0.01496 
 489 , 0.024314 , 0.019864 , 0.024747 , 0.027469 , 0.035251 , 0.019106 , 0.023075 , 0.023848 , 0.020637 , 0.015059 
 490 , 0.024503 , 0.019999 , 0.024926 , 0.027649 , 0.035506 , 0.019249 , 0.02325 , 0.02405 , 0.020803 , 0.015156 
 491 , 0.0247 , 0.020139 , 0.025134 , 0.02785 , 0.035783 , 0.01942 , 0.02346 , 0.024263 , 0.02096 , 0.015255 
 492 , 0.024894 , 0.020274 , 0.025343 , 0.028052 , 0.036055 , 0.019589 , 0.023665 , 0.024473 , 0.021114 , 0.015351 
 493 , 0.025085 , 0.020411 , 0.025545 , 0.028248 , 0.036324 , 0.019754 , 0.02387 , 0.024679 , 0.021265 , 0.015447 
 494 , 0.025292 , 0.02058 , 0.025769 , 0.02848 , 0.036634 , 0.019947 , 0.024082 , 0.024948 , 0.021527 , 0.015597 
 495 , 0.025501 , 0.020754 , 0.02599 , 0.028711 , 0.036948 , 0.020137 , 0.024296 , 0.025217 , 0.02179 , 0.015749 
 496 , 0.025707 , 0.020926 , 0.026214 , 0.028941 , 0.037258 , 0.020329 , 0.024509 , 0.025489 , 0.022049 , 0.015897 
 497 , 0.025968 , 0.02113 , 0.026478 , 0.029196 , 0.037596 , 0.020576 , 0.024776 , 0.025816 , 0.022338 , 0.016099 
 498 , 0.026265 , 0.021361 , 0.026774 , 0.029465 , 0.037952 , 0.020866 , 0.025082 , 0.026181 , 0.022642 , 0.016332 
 499 , 0.026561 , 0.021591 , 0.027073 , 0.029736 , 0.038311 , 0.021157 , 0.025391 , 0.026549 , 0.022946 , 0.016568 
 500 , 0.026867 , 0.021828 , 0.027384 , 0.030017 , 0.038679 , 0.021465 , 0.025715 , 0.026938 , 0.023267 , 0.016818 
 501 , 0.027199 , 0.022088 , 0.027758 , 0.030342 , 0.039097 , 0.021841 , 0.026114 , 0.027396 , 0.023649 , 0.017119 
 502 , 0.02753 , 0.022345 , 0.028127 , 0.030666 , 0.039513 , 0.022212 , 0.02651 , 0.027851 , 0.024025 , 0.017417 
 503 , 0.02786 , 0.022603 , 0.028496 , 0.030989 , 0.039925 , 0.022582 , 0.026903 , 0.028303 , 0.024404 , 0.017715 
 504 , 0.028252 , 0.02292 , 0.028923 , 0.031365 , 0.040416 , 0.023074 , 0.02737 , 0.028888 , 0.024931 , 0.018135 
 505 , 0.02865 , 0.023244 , 0.029354 , 0.031746 , 0.040912 , 0.023579 , 0.027841 , 0.029485 , 0.025476 , 0.018569 
 506 , 0.029041 , 0.023561 , 0.029779 , 0.032122 , 0.041402 , 0.024079 , 0.02831 , 0.030073 , 0.026015 , 0.018997 
 507 , 0.029488 , 0.023916 , 0.030268 , 0.032542 , 0.041957 , 0.024669 , 0.028851 , 0.030742 , 0.026613 , 0.019502 
 508 , 0.029984 , 0.024299 , 0.030816 , 0.033001 , 0.042573 , 0.025348 , 0.029459 , 0.031477 , 0.027268 , 0.020075 
 509 , 0.030474 , 0.024679 , 0.031358 , 0.033457 , 0.043184 , 0.02602 , 0.030059 , 0.032209 , 0.027915 , 0.02064 
 510 , 0.030973 , 0.025068 , 0.031912 , 0.033921 , 0.043803 , 0.026711 , 0.030673 , 0.03296 , 0.02859 , 0.021228 
 511 , 0.031506 , 0.025522 , 0.032541 , 0.034445 , 0.044466 , 0.027541 , 0.031377 , 0.033845 , 0.029418 , 0.021959 
 512 , 0.032037 , 0.025971 , 0.033167 , 0.034964 , 0.045131 , 0.028366 , 0.032079 , 0.034726 , 0.030244 , 0.022684 
 513 , 0.03257 , 0.026424 , 0.033795 , 0.035483 , 0.045794 , 0.029193 , 0.032781 , 0.03561 , 0.031071 , 0.023412 
 514 , 0.033209 , 0.02696 , 0.03454 , 0.036055 , 0.046561 , 0.030213 , 0.033611 , 0.036655 , 0.032045 , 0.024317 
 515 , 0.033877 , 0.027515 , 0.035311 , 0.036631 , 0.047347 , 0.031275 , 0.03447 , 0.037738 , 0.033054 , 0.025263 
 516 , 0.034545 , 0.028068 , 0.036086 , 0.037209 , 0.048136 , 0.03234 , 0.035331 , 0.038826 , 0.034066 , 0.026215 
 517 , 0.035259 , 0.02867 , 0.036936 , 0.037848 , 0.048998 , 0.03352 , 0.036277 , 0.040006 , 0.035161 , 0.027248 
 518 , 0.036022 , 0.029317 , 0.037874 , 0.038552 , 0.04994 , 0.034829 , 0.03731 , 0.041295 , 0.036351 , 0.028377 
 519 , 0.036776 , 0.029961 , 0.038802 , 0.039249 , 0.050871 , 0.03613 , 0.038336 , 0.04257 , 0.03753 , 0.029496 
 520 , 0.037529 , 0.030603 , 0.039731 , 0.039946 , 0.051804 , 0.03743 , 0.039358 , 0.043848 , 0.038713 , 0.030615 
 521 , 0.038288 , 0.031249 , 0.040677 , 0.040662 , 0.052794 , 0.038812 , 0.040408 , 0.045197 , 0.039995 , 0.031814 
 522 , 0.039029 , 0.031883 , 0.041606 , 0.041361 , 0.053762 , 0.040167 , 0.041435 , 0.046521 , 0.041252 , 0.032988 
 523 , 0.039756 , 0.032505 , 0.042519 , 0.042049 , 0.054717 , 0.041497 , 0.042448 , 0.047824 , 0.042485 , 0.034143 
 524 , 0.040539 , 0.033161 , 0.043476 , 0.042765 , 0.055697 , 0.042897 , 0.043513 , 0.049173 , 0.043742 , 0.03533 
 525 , 0.041324 , 0.033816 , 0.044436 , 0.043483 , 0.056667 , 0.044298 , 0.044578 , 0.050518 , 0.044983 , 0.03651 
 526 , 0.042099 , 0.034461 , 0.045381 , 0.044186 , 0.057623 , 0.045679 , 0.045631 , 0.051845 , 0.046207 , 0.037671 
 527 , 0.042848 , 0.035093 , 0.046299 , 0.044876 , 0.058561 , 0.047015 , 0.046649 , 0.053136 , 0.047386 , 0.038793 
 528 , 0.043551 , 0.035686 , 0.047168 , 0.045527 , 0.059457 , 0.048279 , 0.047605 , 0.054369 , 0.048496 , 0.039839 
 529 , 0.044243 , 0.036274 , 0.048023 , 0.046173 , 0.060342 , 0.049523 , 0.048552 , 0.055582 , 0.049587 , 0.040871 
 530 , 0.04492 , 0.03685 , 0.048864 , 0.046803 , 0.061212 , 0.050747 , 0.049479 , 0.056773 , 0.050657 , 0.041881 
 531 , 0.045536 , 0.037371 , 0.049628 , 0.047386 , 0.062037 , 0.051837 , 0.050336 , 0.057884 , 0.051647 , 0.042776 
 532 , 0.046145 , 0.037887 , 0.050387 , 0.047959 , 0.062854 , 0.052918 , 0.051186 , 0.058983 , 0.052623 , 0.043659 
 533 , 0.046746 , 0.038397 , 0.051134 , 0.048525 , 0.063662 , 0.053985 , 0.052022 , 0.060071 , 0.053589 , 0.044532 
 534 , 0.04727 , 0.038835 , 0.051768 , 0.049019 , 0.064337 , 0.054894 , 0.052736 , 0.061003 , 0.054383 , 0.045242 
 535 , 0.047733 , 0.039224 , 0.052328 , 0.049454 , 0.064921 , 0.055708 , 0.053371 , 0.06184 , 0.055076 , 0.045857 
 536 , 0.048197 , 0.039611 , 0.052882 , 0.049887 , 0.065503 , 0.056518 , 0.053999 , 0.06267 , 0.055762 , 0.046467 
 537 , 0.048637 , 0.039981 , 0.053415 , 0.0503 , 0.066074 , 0.057266 , 0.054595 , 0.063456 , 0.056414 , 0.047026 
 538 , 0.049015 , 0.040302 , 0.053875 , 0.050664 , 0.066604 , 0.057878 , 0.055102 , 0.064148 , 0.05699 , 0.047479 
 539 , 0.049394 , 0.04062 , 0.054333 , 0.051022 , 0.067129 , 0.058489 , 0.055611 , 0.064835 , 0.057561 , 0.04793 
 540 , 0.049767 , 0.040939 , 0.054789 , 0.05138 , 0.067656 , 0.059095 , 0.056114 , 0.065518 , 0.058128 , 0.048379 
 541 , 0.050074 , 0.041187 , 0.055158 , 0.051677 , 0.068094 , 0.059562 , 0.056517 , 0.066098 , 0.058569 , 0.048719 
 542 , 0.050369 , 0.041426 , 0.055517 , 0.051966 , 0.068518 , 0.060015 , 0.056909 , 0.066669 , 0.059 , 0.049051 
 543 , 0.050664 , 0.041661 , 0.055872 , 0.052252 , 0.06894 , 0.060466 , 0.057301 , 0.067231 , 0.059424 , 0.049383 
 544 , 0.050973 , 0.041899 , 0.056231 , 0.052544 , 0.069366 , 0.060918 , 0.057694 , 0.067788 , 0.059823 , 0.049689 
 545 , 0.051285 , 0.042134 , 0.056586 , 0.052834 , 0.06979 , 0.061365 , 0.058084 , 0.068336 , 0.060199 , 0.049977 
 546 , 0.051594 , 0.042369 , 0.056941 , 0.053121 , 0.070211 , 0.061809 , 0.058474 , 0.068879 , 0.060575 , 0.050265 
 547 , 0.051878 , 0.042586 , 0.057258 , 0.053385 , 0.070603 , 0.062205 , 0.058826 , 0.069383 , 0.060923 , 0.050521 
 548 , 0.052068 , 0.042751 , 0.057468 , 0.053575 , 0.070907 , 0.062461 , 0.059057 , 0.069762 , 0.061197 , 0.05068 
 549 , 0.052255 , 0.042913 , 0.057675 , 0.053763 , 0.071207 , 0.062715 , 0.059289 , 0.070139 , 0.061468 , 0.050837 
 550 , 0.052443 , 0.043072 , 0.057879 , 0.05395 , 0.071504 , 0.062968 , 0.059517 , 0.070512 , 0.061735 , 0.050997 
 551 , 0.052589 , 0.043178 , 0.058032 , 0.054087 , 0.071732 , 0.063099 , 0.05968 , 0.070758 , 0.061897 , 0.051023 
 552 , 0.052729 , 0.043281 , 0.058176 , 0.054222 , 0.071958 , 0.063221 , 0.059835 , 0.070996 , 0.062052 , 0.051043 
 553 , 0.052868 , 0.043385 , 0.058321 , 0.054353 , 0.07218 , 0.063343 , 0.059989 , 0.071234 , 0.062206 , 0.051062 
 554 , 0.052918 , 0.043408 , 0.058353 , 0.054399 , 0.072277 , 0.063289 , 0.060017 , 0.071318 , 0.06221 , 0.050943 
 555 , 0.052907 , 0.043373 , 0.058298 , 0.054374 , 0.072271 , 0.063105 , 0.059963 , 0.071289 , 0.062098 , 0.050716 
 556 , 0.052895 , 0.043335 , 0.05824 , 0.054346 , 0.072269 , 0.062916 , 0.059905 , 0.071259 , 0.061985 , 0.050493 
 557 , 0.052867 , 0.043285 , 0.058158 , 0.054301 , 0.072246 , 0.062685 , 0.059821 , 0.071186 , 0.06184 , 0.050232 
 558 , 0.052779 , 0.043192 , 0.057998 , 0.054188 , 0.072157 , 0.062307 , 0.059632 , 0.07098 , 0.061591 , 0.049834 
 559 , 0.052686 , 0.043103 , 0.057835 , 0.054076 , 0.072073 , 0.061927 , 0.05944 , 0.070773 , 0.061342 , 0.049439 
 560 , 0.052593 , 0.043011 , 0.057676 , 0.053961 , 0.071986 , 0.06155 , 0.059252 , 0.070565 , 0.061094 , 0.049044 
 561 , 0.052433 , 0.042832 , 0.057406 , 0.053805 , 0.07178 , 0.060989 , 0.058933 , 0.070183 , 0.060658 , 0.048484 
 562 , 0.05226 , 0.042639 , 0.057124 , 0.053643 , 0.071559 , 0.06041 , 0.0586 , 0.069777 , 0.060196 , 0.047902 
 563 , 0.052088 , 0.042446 , 0.05684 , 0.053477 , 0.071337 , 0.059829 , 0.058267 , 0.069371 , 0.059739 , 0.047318 
 564 , 0.051861 , 0.042223 , 0.056508 , 0.053281 , 0.071074 , 0.059151 , 0.057884 , 0.068891 , 0.059216 , 0.046665 
 565 , 0.051592 , 0.041985 , 0.056141 , 0.053057 , 0.070782 , 0.058401 , 0.057457 , 0.068355 , 0.058643 , 0.045952 
 566 , 0.051323 , 0.041744 , 0.055771 , 0.052833 , 0.070488 , 0.057648 , 0.05703 , 0.067821 , 0.058069 , 0.045242 
 567 , 0.05104 , 0.041493 , 0.055385 , 0.052594 , 0.070175 , 0.056875 , 0.056581 , 0.067257 , 0.057473 , 0.04451 
 568 , 0.050726 , 0.041207 , 0.05495 , 0.052318 , 0.069798 , 0.056031 , 0.056058 , 0.066605 , 0.0568 , 0.043725 
 569 , 0.050413 , 0.040919 , 0.054517 , 0.052042 , 0.06943 , 0.055191 , 0.055535 , 0.065957 , 0.056132 , 0.04294 
 570 , 0.050097 , 0.040634 , 0.054084 , 0.051767 , 0.069056 , 0.054349 , 0.055012 , 0.065307 , 0.055463 , 0.042155 
 571 , 0.049792 , 0.040337 , 0.053662 , 0.051515 , 0.068699 , 0.053537 , 0.054518 , 0.064671 , 0.054811 , 0.041401 
 572 , 0.049489 , 0.040042 , 0.053241 , 0.051268 , 0.068347 , 0.052727 , 0.054032 , 0.064042 , 0.05416 , 0.040654 
 573 , 0.049187 , 0.039743 , 0.052823 , 0.051023 , 0.067994 , 0.051919 , 0.053547 , 0.06341 , 0.053511 , 0.039902 
 574 , 0.048876 , 0.039455 , 0.052413 , 0.050774 , 0.067638 , 0.051141 , 0.053071 , 0.062792 , 0.05289 , 0.039188 
 575 , 0.048562 , 0.039188 , 0.052026 , 0.050526 , 0.067299 , 0.050405 , 0.052615 , 0.062195 , 0.052311 , 0.038508 
 576 , 0.048243 , 0.038919 , 0.051638 , 0.05028 , 0.066957 , 0.049666 , 0.05216 , 0.061599 , 0.05173 , 0.037831 
 577 , 0.04794 , 0.038656 , 0.05126 , 0.050041 , 0.066626 , 0.048951 , 0.051715 , 0.061021 , 0.051162 , 0.037168 
 578 , 0.047727 , 0.038438 , 0.050958 , 0.049848 , 0.06637 , 0.048377 , 0.051342 , 0.060546 , 0.050691 , 0.036608 
 579 , 0.04752 , 0.03822 , 0.050657 , 0.049659 , 0.066114 , 0.047805 , 0.050969 , 0.060069 , 0.050216 , 0.036047 
 580 , 0.047315 , 0.038001 , 0.050351 , 0.049467 , 0.065855 , 0.047224 , 0.05059 , 0.059593 , 0.049738 , 0.035478 
 581 , 0.047094 , 0.037795 , 0.050085 , 0.049285 , 0.065601 , 0.0467 , 0.050258 , 0.059154 , 0.049307 , 0.034987 
 582 , 0.046878 , 0.037601 , 0.049839 , 0.049117 , 0.06536 , 0.046196 , 0.049944 , 0.058737 , 0.048898 , 0.034516 
 583 , 0.046655 , 0.037404 , 0.049591 , 0.048949 , 0.065115 , 0.045685 , 0.049628 , 0.058314 , 0.048482 , 0.034042 
 584 , 0.046451 , 0.037227 , 0.049351 , 0.048781 , 0.064879 , 0.045205 , 0.049323 , 0.057922 , 0.048101 , 0.033611 
 585 , 0.046279 , 0.037086 , 0.049133 , 0.048624 , 0.06466 , 0.044772 , 0.049042 , 0.057581 , 0.047776 , 0.033234 
 586 , 0.046098 , 0.036944 , 0.048914 , 0.048461 , 0.064437 , 0.044328 , 0.04875 , 0.057233 , 0.047441 , 0.03285 
 587 , 0.04592 , 0.036799 , 0.048693 , 0.048297 , 0.064209 , 0.043885 , 0.04846 , 0.056882 , 0.047102 , 0.032463 
 588 , 0.045799 , 0.036713 , 0.048549 , 0.048187 , 0.064038 , 0.043544 , 0.048244 , 0.056616 , 0.046818 , 0.032155 
 589 , 0.045678 , 0.036626 , 0.048408 , 0.048084 , 0.063871 , 0.043203 , 0.048029 , 0.056353 , 0.046535 , 0.031842 
 590 , 0.045556 , 0.03654 , 0.048264 , 0.047977 , 0.063699 , 0.042854 , 0.047812 , 0.056078 , 0.046243 , 0.031519 
 591 , 0.04551 , 0.036532 , 0.048222 , 0.047961 , 0.063658 , 0.042622 , 0.047695 , 0.055929 , 0.046063 , 0.0313 
 592 , 0.045489 , 0.036549 , 0.048217 , 0.047981 , 0.063662 , 0.042432 , 0.047619 , 0.055817 , 0.045917 , 0.031109 
 593 , 0.045469 , 0.03657 , 0.04821 , 0.047997 , 0.063667 , 0.042237 , 0.047539 , 0.055705 , 0.045771 , 0.030915 
 594 , 0.045466 , 0.036603 , 0.048216 , 0.048022 , 0.063681 , 0.042054 , 0.047472 , 0.055618 , 0.045652 , 0.030742 
 595 , 0.045489 , 0.036655 , 0.048246 , 0.048064 , 0.063712 , 0.041889 , 0.047433 , 0.055574 , 0.045581 , 0.030603 
 596 , 0.045514 , 0.036707 , 0.048273 , 0.048103 , 0.063742 , 0.041724 , 0.047392 , 0.05553 , 0.045508 , 0.03046 
 597 , 0.045538 , 0.036759 , 0.048299 , 0.048144 , 0.06377 , 0.041562 , 0.047353 , 0.055481 , 0.045434 , 0.030321 
 598 , 0.045587 , 0.036803 , 0.048323 , 0.048194 , 0.063819 , 0.041444 , 0.047338 , 0.055431 , 0.04537 , 0.030193 
 599 , 0.045643 , 0.03685 , 0.04835 , 0.048249 , 0.06387 , 0.041332 , 0.047325 , 0.055381 , 0.045306 , 0.030067 
 600 , 0.045699 , 0.036897 , 0.048378 , 0.048303 , 0.063927 , 0.041216 , 0.047311 , 0.055334 , 0.045243 , 0.029938 
 601 , 0.04574 , 0.03696 , 0.048411 , 0.048375 , 0.06398 , 0.041082 , 0.04729 , 0.055269 , 0.045186 , 0.029813 
 602 , 0.045794 , 0.037037 , 0.048455 , 0.048466 , 0.064047 , 0.04095 , 0.047279 , 0.05521 , 0.045138 , 0.029691 
 603 , 0.045848 , 0.037118 , 0.048502 , 0.048558 , 0.064118 , 0.040816 , 0.047266 , 0.055152 , 0.04509 , 0.02957 
 604 , 0.045888 , 0.037174 , 0.048523 , 0.048633 , 0.064176 , 0.040663 , 0.047235 , 0.055074 , 0.045022 , 0.029425 
 605 , 0.045909 , 0.037195 , 0.048503 , 0.048689 , 0.064223 , 0.040482 , 0.047183 , 0.054968 , 0.044926 , 0.029254 
 606 , 0.045933 , 0.037219 , 0.048487 , 0.048741 , 0.064272 , 0.040301 , 0.047129 , 0.054861 , 0.04483 , 0.029078 
 607 , 0.045952 , 0.03724 , 0.048465 , 0.048797 , 0.064317 , 0.040114 , 0.047074 , 0.054749 , 0.044729 , 0.028901 
 608 , 0.045922 , 0.037211 , 0.048417 , 0.048809 , 0.06432 , 0.039891 , 0.046972 , 0.054577 , 0.044558 , 0.028682 
 609 , 0.045891 , 0.037178 , 0.048365 , 0.048819 , 0.06432 , 0.03966 , 0.046866 , 0.054401 , 0.044383 , 0.028455 
 610 , 0.045857 , 0.037147 , 0.048309 , 0.04883 , 0.06432 , 0.039426 , 0.046754 , 0.05422 , 0.044203 , 0.028228 
 611 , 0.045814 , 0.037105 , 0.048242 , 0.048843 , 0.064331 , 0.039186 , 0.046645 , 0.054048 , 0.044035 , 0.027994 
 612 , 0.045779 , 0.037074 , 0.048183 , 0.048874 , 0.064367 , 0.038952 , 0.046553 , 0.053895 , 0.043886 , 0.027765 
 613 , 0.045741 , 0.037041 , 0.048124 , 0.048905 , 0.064403 , 0.038715 , 0.046459 , 0.053738 , 0.043731 , 0.027533 
 614 , 0.045701 , 0.037 , 0.048066 , 0.048927 , 0.064429 , 0.038486 , 0.046365 , 0.053587 , 0.043573 , 0.027306 
 615 , 0.045681 , 0.03695 , 0.048035 , 0.048956 , 0.064457 , 0.038287 , 0.046285 , 0.053459 , 0.043421 , 0.027103 
 616 , 0.045663 , 0.036903 , 0.048002 , 0.048986 , 0.06449 , 0.038088 , 0.046207 , 0.05333 , 0.043269 , 0.026899 
 617 , 0.045643 , 0.036855 , 0.047972 , 0.049019 , 0.064524 , 0.037885 , 0.046131 , 0.053201 , 0.043117 , 0.02669 
 618 , 0.045628 , 0.036808 , 0.04798 , 0.049063 , 0.064593 , 0.037715 , 0.046103 , 0.053104 , 0.043003 , 0.026495 
 619 , 0.045606 , 0.036759 , 0.047983 , 0.049106 , 0.064653 , 0.037534 , 0.04607 , 0.053001 , 0.042884 , 0.026298 
 620 , 0.045584 , 0.03671 , 0.047986 , 0.049145 , 0.064716 , 0.037357 , 0.046036 , 0.052898 , 0.042763 , 0.026095 
 621 , 0.045597 , 0.036699 , 0.048022 , 0.049233 , 0.06481 , 0.037238 , 0.046044 , 0.052872 , 0.042705 , 0.025968 
 622 , 0.045644 , 0.03672 , 0.048086 , 0.049358 , 0.064934 , 0.037158 , 0.046079 , 0.052887 , 0.042685 , 0.025879 
 623 , 0.045687 , 0.036739 , 0.04815 , 0.049484 , 0.065062 , 0.037076 , 0.046114 , 0.052905 , 0.042669 , 0.025787 
 624 , 0.04575 , 0.036769 , 0.048231 , 0.04962 , 0.065209 , 0.037015 , 0.046171 , 0.052947 , 0.042661 , 0.02571 
 625 , 0.045844 , 0.036813 , 0.048338 , 0.049771 , 0.065395 , 0.036994 , 0.046277 , 0.053039 , 0.042678 , 0.025651 
 626 , 0.04594 , 0.036857 , 0.04845 , 0.049925 , 0.065577 , 0.036972 , 0.046386 , 0.053134 , 0.042694 , 0.025594 
 627 , 0.046034 , 0.036905 , 0.048559 , 0.050079 , 0.065765 , 0.03695 , 0.046496 , 0.053226 , 0.042711 , 0.025535 
 628 , 0.046145 , 0.036994 , 0.048697 , 0.050266 , 0.065953 , 0.036934 , 0.046605 , 0.053325 , 0.042768 , 0.025509 
 629 , 0.046253 , 0.037079 , 0.048833 , 0.050449 , 0.06614 , 0.036912 , 0.046701 , 0.053414 , 0.042819 , 0.025476 
 630 , 0.046361 , 0.037166 , 0.048969 , 0.050634 , 0.066327 , 0.036891 , 0.046798 , 0.0535 , 0.042871 , 0.025446 
 631 , 0.046475 , 0.037241 , 0.049091 , 0.050817 , 0.066537 , 0.036867 , 0.046882 , 0.053585 , 0.042915 , 0.025406 
 632 , 0.046609 , 0.037306 , 0.049203 , 0.051 , 0.06676 , 0.036844 , 0.046974 , 0.053686 , 0.042969 , 0.025366 
 633 , 0.046743 , 0.037374 , 0.049315 , 0.051184 , 0.066983 , 0.036817 , 0.047066 , 0.05379 , 0.043019 , 0.025327 
 634 , 0.046866 , 0.037434 , 0.049407 , 0.051358 , 0.067188 , 0.036759 , 0.047135 , 0.053856 , 0.043034 , 0.025256 
 635 , 0.046967 , 0.037481 , 0.04946 , 0.051515 , 0.067364 , 0.036637 , 0.047156 , 0.05384 , 0.04296 , 0.025126 
 636 , 0.047064 , 0.037534 , 0.049513 , 0.051673 , 0.067541 , 0.036516 , 0.047178 , 0.053822 , 0.042881 , 0.024997 
 637 , 0.047162 , 0.037583 , 0.049566 , 0.051831 , 0.067719 , 0.036395 , 0.047199 , 0.053802 , 0.042806 , 0.024864 
 638 , 0.047186 , 0.037588 , 0.04952 , 0.051915 , 0.067808 , 0.036154 , 0.047094 , 0.053642 , 0.042634 , 0.024669 
 639 , 0.047216 , 0.037597 , 0.049474 , 0.052006 , 0.067896 , 0.035913 , 0.046991 , 0.053484 , 0.042468 , 0.024469 
 640 , 0.047245 , 0.037606 , 0.049428 , 0.052095 , 0.067985 , 0.035671 , 0.04689 , 0.053323 , 0.042299 , 0.02427 
 641 , 0.047236 , 0.03757 , 0.049345 , 0.052127 , 0.068008 , 0.035378 , 0.046718 , 0.053076 , 0.042048 , 0.024031 
 642 , 0.047208 , 0.03751 , 0.049242 , 0.052127 , 0.067997 , 0.035057 , 0.046512 , 0.052782 , 0.041749 , 0.023764 
 643 , 0.047177 , 0.037445 , 0.049136 , 0.052127 , 0.067984 , 0.034734 , 0.046303 , 0.052484 , 0.041446 , 0.023494 
 644 , 0.047127 , 0.037386 , 0.049024 , 0.052115 , 0.067968 , 0.034405 , 0.046087 , 0.05218 , 0.041143 , 0.023218 
 645 , 0.047038 , 0.037329 , 0.04891 , 0.052075 , 0.067929 , 0.034064 , 0.045849 , 0.051847 , 0.04083 , 0.022929 
 646 , 0.046946 , 0.037269 , 0.04879 , 0.052031 , 0.067887 , 0.033718 , 0.045608 , 0.051509 , 0.040513 , 0.022632 
 647 , 0.046851 , 0.03721 , 0.048669 , 0.051988 , 0.067846 , 0.033369 , 0.045361 , 0.051164 , 0.040193 , 0.022334 
 648 , 0.046794 , 0.037137 , 0.048553 , 0.051966 , 0.067832 , 0.033104 , 0.045172 , 0.050899 , 0.039941 , 0.022095 
 649 , 0.046732 , 0.03706 , 0.048426 , 0.051941 , 0.067815 , 0.032831 , 0.044979 , 0.050631 , 0.039689 , 0.021852 
 650 , 0.046668 , 0.03698 , 0.048298 , 0.051914 , 0.067795 , 0.032559 , 0.044783 , 0.050359 , 0.039431 , 0.021605 
 651 , 0.046638 , 0.036921 , 0.048223 , 0.051928 , 0.067821 , 0.032343 , 0.04464 , 0.05012 , 0.039205 , 0.021388 
 652 , 0.04662 , 0.036866 , 0.048176 , 0.051965 , 0.067863 , 0.032159 , 0.044529 , 0.049894 , 0.038991 , 0.02119 
 653 , 0.046599 , 0.036812 , 0.048127 , 0.051997 , 0.067909 , 0.031974 , 0.044412 , 0.049665 , 0.038777 , 0.020988 
 654 , 0.046555 , 0.03675 , 0.048059 , 0.052023 , 0.067934 , 0.031766 , 0.044285 , 0.049424 , 0.038558 , 0.020776 
 655 , 0.04645 , 0.036665 , 0.047934 , 0.05203 , 0.067918 , 0.031516 , 0.04413 , 0.049158 , 0.038332 , 0.020542 
 656 , 0.046348 , 0.036578 , 0.047809 , 0.052032 , 0.0679 , 0.031262 , 0.043971 , 0.04889 , 0.038106 , 0.020306 
 657 , 0.046241 , 0.03649 , 0.047684 , 0.052034 , 0.067881 , 0.031009 , 0.043815 , 0.048624 , 0.037875 , 0.02007 
 658 , 0.046139 , 0.036362 , 0.047549 , 0.052006 , 0.067844 , 0.030749 , 0.04362 , 0.04831 , 0.03762 , 0.019836 
 659 , 0.046034 , 0.036232 , 0.047412 , 0.05197 , 0.067804 , 0.030488 , 0.043425 , 0.047993 , 0.037361 , 0.019601 
 660 , 0.045932 , 0.036104 , 0.047277 , 0.051937 , 0.067763 , 0.030227 , 0.043231 , 0.047677 , 0.037105 , 0.019371 
 661 , 0.045813 , 0.035978 , 0.047142 , 0.051916 , 0.067717 , 0.029974 , 0.04303 , 0.047347 , 0.036833 , 0.019124 
 662 , 0.045681 , 0.035851 , 0.046997 , 0.051893 , 0.067665 , 0.029726 , 0.042823 , 0.047 , 0.036547 , 0.018862 
 663 , 0.045545 , 0.035722 , 0.04685 , 0.051868 , 0.067615 , 0.029479 , 0.042614 , 0.046657 , 0.036262 , 0.018602 
 664 , 0.045425 , 0.035602 , 0.046711 , 0.051844 , 0.067571 , 0.02924 , 0.042415 , 0.046333 , 0.035998 , 0.01837 
 665 , 0.045319 , 0.035496 , 0.046566 , 0.051808 , 0.067529 , 0.029007 , 0.042211 , 0.046033 , 0.03578 , 0.018192 
 666 , 0.045207 , 0.035384 , 0.046413 , 0.051765 , 0.067483 , 0.02877 , 0.042003 , 0.045727 , 0.035558 , 0.018012 
 667 , 0.045097 , 0.035274 , 0.046263 , 0.051721 , 0.067433 , 0.028536 , 0.041797 , 0.045424 , 0.035335 , 0.017835 
 668 , 0.045069 , 0.035218 , 0.046245 , 0.05175 , 0.067473 , 0.028423 , 0.041695 , 0.045254 , 0.035192 , 0.017712 
 669 , 0.045049 , 0.035169 , 0.046236 , 0.051788 , 0.067524 , 0.028323 , 0.041605 , 0.045092 , 0.035062 , 0.017593 
 670 , 0.045029 , 0.035123 , 0.046225 , 0.051829 , 0.067573 , 0.028219 , 0.041514 , 0.044931 , 0.03493 , 0.017473 
 671 , 0.045059 , 0.035135 , 0.046265 , 0.051919 , 0.06768 , 0.02818 , 0.0415 , 0.044876 , 0.034889 , 0.017417 
 672 , 0.045121 , 0.035185 , 0.046345 , 0.052035 , 0.067823 , 0.028172 , 0.041533 , 0.044881 , 0.034902 , 0.017397 
 673 , 0.04518 , 0.035234 , 0.046421 , 0.052151 , 0.067963 , 0.028167 , 0.041565 , 0.044889 , 0.034914 , 0.017376 
 674 , 0.04527 , 0.035312 , 0.046533 , 0.052296 , 0.068143 , 0.028204 , 0.041638 , 0.044959 , 0.034974 , 0.017394 
 675 , 0.045444 , 0.035451 , 0.046719 , 0.0525 , 0.068408 , 0.028347 , 0.041815 , 0.045174 , 0.035141 , 0.017499 
 676 , 0.045612 , 0.035586 , 0.046903 , 0.052703 , 0.068671 , 0.028488 , 0.041988 , 0.045385 , 0.035308 , 0.017606 
 677 , 0.045782 , 0.035718 , 0.047088 , 0.052907 , 0.068934 , 0.028629 , 0.042162 , 0.0456 , 0.035476 , 0.01771 
 678 , 0.046126 , 0.036001 , 0.047465 , 0.053261 , 0.069362 , 0.028991 , 0.042577 , 0.046086 , 0.035869 , 0.017953 
 679 , 0.046482 , 0.03629 , 0.047849 , 0.053626 , 0.069801 , 0.029367 , 0.04301 , 0.04659 , 0.036273 , 0.018204 
 680 , 0.046841 , 0.036586 , 0.048238 , 0.053991 , 0.070244 , 0.029746 , 0.04345 , 0.0471 , 0.036685 , 0.018462 
 681 , 0.047343 , 0.037038 , 0.048819 , 0.054484 , 0.070848 , 0.030337 , 0.044116 , 0.047923 , 0.037371 , 0.018908 
 682 , 0.047946 , 0.037593 , 0.049521 , 0.055061 , 0.071561 , 0.031064 , 0.044924 , 0.048949 , 0.038237 , 0.01948 
 683 , 0.048563 , 0.038164 , 0.05024 , 0.055649 , 0.072289 , 0.031808 , 0.045752 , 0.050002 , 0.039122 , 0.020068 
 684 , 0.049322 , 0.038862 , 0.051127 , 0.056361 , 0.073168 , 0.032754 , 0.046782 , 0.051304 , 0.040223 , 0.020823 
 685 , 0.050415 , 0.039858 , 0.052392 , 0.057345 , 0.074387 , 0.034171 , 0.048271 , 0.053186 , 0.041818 , 0.021974 
 686 , 0.051525 , 0.040874 , 0.053679 , 0.05835 , 0.075628 , 0.035616 , 0.049794 , 0.055107 , 0.043443 , 0.02315 
 687 , 0.052662 , 0.041915 , 0.054998 , 0.059378 , 0.076897 , 0.037093 , 0.051352 , 0.057074 , 0.045105 , 0.024351 
 688 , 0.054287 , 0.043422 , 0.056978 , 0.060899 , 0.078781 , 0.039392 , 0.053651 , 0.059997 , 0.047616 , 0.026214 
 689 , 0.055942 , 0.044956 , 0.058998 , 0.062449 , 0.08071 , 0.041736 , 0.055998 , 0.062978 , 0.050174 , 0.028111 
 690 , 0.057606 , 0.046502 , 0.061028 , 0.064008 , 0.082645 , 0.044095 , 0.058358 , 0.065976 , 0.05275 , 0.030019 
 691 , 0.05959 , 0.048341 , 0.063508 , 0.065862 , 0.085 , 0.047092 , 0.061225 , 0.069601 , 0.055949 , 0.032489 
 692 , 0.061729 , 0.050323 , 0.066221 , 0.067845 , 0.087554 , 0.050436 , 0.064354 , 0.073548 , 0.059476 , 0.035269 
 693 , 0.063844 , 0.052283 , 0.068903 , 0.069809 , 0.090084 , 0.053751 , 0.067453 , 0.077456 , 0.06297 , 0.038019 
 694 , 0.066082 , 0.054375 , 0.071774 , 0.071893 , 0.092764 , 0.057353 , 0.070745 , 0.081612 , 0.06669 , 0.041019 
 695 , 0.068634 , 0.05679 , 0.07511 , 0.074278 , 0.095846 , 0.061688 , 0.074541 , 0.086438 , 0.071002 , 0.044648 
 696 , 0.071156 , 0.059177 , 0.0784 , 0.076634 , 0.098888 , 0.065962 , 0.078291 , 0.091199 , 0.075256 , 0.048228 
 697 , 0.073642 , 0.061535 , 0.081649 , 0.078957 , 0.101897 , 0.070186 , 0.081996 , 0.095903 , 0.079461 , 0.051766 
 698 , 0.076405 , 0.064218 , 0.085415 , 0.081592 , 0.105316 , 0.075287 , 0.086237 , 0.101279 , 0.084353 , 0.056102 
 699 , 0.079131 , 0.066874 , 0.089141 , 0.084192 , 0.108693 , 0.080351 , 0.090434 , 0.106598 , 0.0892 , 0.060409 
 700 , 0.081823 , 0.069495 , 0.092816 , 0.086758 , 0.112021 , 0.08535 , 0.094578 , 0.111851 , 0.093987 , 0.064661 
 701 , 0.084622 , 0.072222 , 0.096676 , 0.089437 , 0.115488 , 0.09076 , 0.098931 , 0.117355 , 0.099045 , 0.069309 
 702 , 0.087455 , 0.074987 , 0.100616 , 0.092158 , 0.119006 , 0.096365 , 0.103377 , 0.122964 , 0.104222 , 0.074148 
 703 , 0.090247 , 0.077712 , 0.104495 , 0.094837 , 0.122473 , 0.101885 , 0.107758 , 0.128493 , 0.109319 , 0.078915 
 704 , 0.093011 , 0.080406 , 0.108352 , 0.097498 , 0.125938 , 0.107468 , 0.112126 , 0.13402 , 0.114405 , 0.083747 
 705 , 0.095764 , 0.083079 , 0.112227 , 0.100163 , 0.129455 , 0.113296 , 0.116551 , 0.139643 , 0.119556 , 0.088817 
 706 , 0.098484 , 0.085718 , 0.116056 , 0.102794 , 0.132925 , 0.119057 , 0.120924 , 0.145194 , 0.124642 , 0.093827 
 707 , 0.101173 , 0.08833 , 0.119842 , 0.105397 , 0.136357 , 0.124754 , 0.125245 , 0.15068 , 0.12967 , 0.098777 
 708 , 0.103683 , 0.090829 , 0.12357 , 0.107872 , 0.139654 , 0.130588 , 0.129565 , 0.156135 , 0.134737 , 0.103968 
 709 , 0.106209 , 0.093342 , 0.127317 , 0.110363 , 0.142979 , 0.136469 , 0.133911 , 0.161637 , 0.13984 , 0.109202 
 710 , 0.108744 , 0.095864 , 0.131082 , 0.11286 , 0.146317 , 0.142372 , 0.138273 , 0.16716 , 0.144969 , 0.114456 
 711 , 0.111165 , 0.098284 , 0.134672 , 0.115242 , 0.149447 , 0.148372 , 0.142561 , 0.172546 , 0.150033 , 0.119846 
 712 , 0.113567 , 0.100692 , 0.138236 , 0.117606 , 0.152509 , 0.154547 , 0.146892 , 0.177955 , 0.155173 , 0.125421 
 713 , 0.116034 , 0.103161 , 0.141898 , 0.120031 , 0.155655 , 0.160888 , 0.151341 , 0.183515 , 0.160455 , 0.131148 
 714 , 0.11852 , 0.105662 , 0.14559 , 0.122476 , 0.158823 , 0.167472 , 0.155912 , 0.189192 , 0.165893 , 0.137176 
 715 , 0.120963 , 0.108153 , 0.149231 , 0.124895 , 0.161948 , 0.174424 , 0.160625 , 0.194946 , 0.17153 , 0.143708 
 716 , 0.123492 , 0.11073 , 0.153001 , 0.127397 , 0.165191 , 0.181624 , 0.165513 , 0.200906 , 0.177374 , 0.150479 
 717 , 0.126116 , 0.113406 , 0.156913 , 0.129993 , 0.168555 , 0.1891 , 0.170583 , 0.20709 , 0.183437 , 0.157507 
 718 , 0.128555 , 0.115903 , 0.160608 , 0.132427 , 0.171766 , 0.196933 , 0.17567 , 0.213245 , 0.189641 , 0.165042 
 719 , 0.131065 , 0.118477 , 0.164414 , 0.134938 , 0.175076 , 0.20499 , 0.180914 , 0.219599 , 0.196025 , 0.172794 
 720 , 0.133636 , 0.121112 , 0.168311 , 0.137508 , 0.178466 , 0.213244 , 0.186282 , 0.226107 , 0.202563 , 0.180738 
 721 , 0.136085 , 0.123536 , 0.17202 , 0.139978 , 0.181719 , 0.221653 , 0.191605 , 0.232578 , 0.209097 , 0.188971 
 722 , 0.138428 , 0.1258 , 0.175564 , 0.142352 , 0.184816 , 0.230033 , 0.196815 , 0.238886 , 0.215507 , 0.197258 
 723 , 0.140778 , 0.128073 , 0.179119 , 0.144732 , 0.187926 , 0.23845 , 0.202048 , 0.24522 , 0.221943 , 0.205583 
 724 , 0.143073 , 0.130292 , 0.182591 , 0.147062 , 0.190978 , 0.246936 , 0.207272 , 0.251515 , 0.228393 , 0.21408 
 725 , 0.145198 , 0.132347 , 0.185815 , 0.149226 , 0.193858 , 0.255422 , 0.212384 , 0.257642 , 0.234763 , 0.2228 
 726 , 0.147297 , 0.134378 , 0.189 , 0.151361 , 0.196708 , 0.263816 , 0.217433 , 0.263718 , 0.241062 , 0.23143 
 727 , 0.149376 , 0.136385 , 0.192154 , 0.153479 , 0.199528 , 0.272132 , 0.222438 , 0.269737 , 0.247304 , 0.239981 
 728 , 0.151255 , 0.138141 , 0.194993 , 0.155375 , 0.202145 , 0.280534 , 0.227248 , 0.275511 , 0.253496 , 0.248747 
 729 , 0.153052 , 0.139822 , 0.197721 , 0.157185 , 0.204643 , 0.288666 , 0.231906 , 0.281064 , 0.259514 , 0.257242 
 730 , 0.154804 , 0.141466 , 0.200388 , 0.158954 , 0.207082 , 0.296601 , 0.236453 , 0.286488 , 0.26539 , 0.265538 
 731 , 0.156396 , 0.142931 , 0.202787 , 0.160579 , 0.209279 , 0.304219 , 0.24069 , 0.291567 , 0.270971 , 0.273705 
 732 , 0.157888 , 0.144287 , 0.205015 , 0.162125 , 0.211338 , 0.311567 , 0.24471 , 0.296402 , 0.276321 , 0.28171 
 733 , 0.15934 , 0.145607 , 0.207187 , 0.163631 , 0.213343 , 0.318724 , 0.248621 , 0.30111 , 0.281534 , 0.289507 
 734 , 0.160693 , 0.14684 , 0.209188 , 0.165031 , 0.21523 , 0.325553 , 0.252366 , 0.305563 , 0.286501 , 0.297049 
 735 , 0.161894 , 0.147954 , 0.21092 , 0.166276 , 0.216953 , 0.331984 , 0.255916 , 0.309683 , 0.291145 , 0.304329 
 736 , 0.163068 , 0.149048 , 0.212619 , 0.167493 , 0.218639 , 0.338298 , 0.2594 , 0.313731 , 0.295696 , 0.311474 
 737 , 0.164217 , 0.150115 , 0.214279 , 0.168682 , 0.22029 , 0.344478 , 0.26281 , 0.317689 , 0.30015 , 0.318472 
 738 , 0.165218 , 0.151035 , 0.215711 , 0.169691 , 0.22171 , 0.350085 , 0.265817 , 0.321134 , 0.304087 , 0.324893 
 739 , 0.166195 , 0.151936 , 0.217116 , 0.170673 , 0.223085 , 0.355592 , 0.268755 , 0.324513 , 0.30796 , 0.331221 
 740 , 0.167161 , 0.152828 , 0.218508 , 0.171645 , 0.224445 , 0.361041 , 0.271663 , 0.327857 , 0.311791 , 0.337484 
 741 , 0.167969 , 0.15357 , 0.219707 , 0.17247 , 0.22562 , 0.365886 , 0.274225 , 0.330849 , 0.315219 , 0.343172 
 742 , 0.168732 , 0.154273 , 0.22085 , 0.173254 , 0.226749 , 0.37053 , 0.276678 , 0.333709 , 0.318505 , 0.348637 
 743 , 0.169496 , 0.154969 , 0.221986 , 0.174033 , 0.227872 , 0.375157 , 0.279119 , 0.336561 , 0.321777 , 0.35408 
 744 , 0.170191 , 0.155602 , 0.223015 , 0.174753 , 0.228899 , 0.379399 , 0.281356 , 0.339199 , 0.324799 , 0.359138 
 745 , 0.170804 , 0.15614 , 0.223896 , 0.175403 , 0.229819 , 0.383079 , 0.283308 , 0.341582 , 0.327482 , 0.363652 
 746 , 0.17143 , 0.156688 , 0.224793 , 0.176067 , 0.230763 , 0.3868 , 0.285291 , 0.344008 , 0.330205 , 0.368214 
 747 , 0.172048 , 0.157224 , 0.225683 , 0.176723 , 0.231694 , 0.390493 , 0.287259 , 0.346421 , 0.332907 , 0.372738 
 748 , 0.172476 , 0.157514 , 0.2263 , 0.17713 , 0.23235 , 0.393363 , 0.288764 , 0.348262 , 0.334936 , 0.376117 
 749 , 0.172902 , 0.157812 , 0.226921 , 0.177534 , 0.232993 , 0.396261 , 0.290268 , 0.350088 , 0.336984 , 0.379532 
 750 , 0.173335 , 0.15811 , 0.227553 , 0.177944 , 0.233647 , 0.399211 , 0.2918 , 0.351946 , 0.339069 , 0.383013 
 751 , 0.173556 , 0.158259 , 0.227959 , 0.178189 , 0.234047 , 0.401338 , 0.292891 , 0.353286 , 0.340551 , 0.385606 
 752 , 0.173737 , 0.158383 , 0.228342 , 0.178426 , 0.234411 , 0.403304 , 0.293908 , 0.354575 , 0.341916 , 0.388043 
 753 , 0.173928 , 0.158513 , 0.228743 , 0.178675 , 0.234796 , 0.405367 , 0.294975 , 0.355933 , 0.343351 , 0.390602 
 754 , 0.174059 , 0.15869 , 0.229 , 0.178843 , 0.23503 , 0.407048 , 0.295895 , 0.357018 , 0.344578 , 0.39282 
 755 , 0.174179 , 0.159019 , 0.229116 , 0.178962 , 0.235145 , 0.408248 , 0.296686 , 0.35779 , 0.345584 , 0.394589 
 756 , 0.174348 , 0.15941 , 0.229284 , 0.179123 , 0.235319 , 0.409629 , 0.297609 , 0.358697 , 0.346742 , 0.396586 
 757 , 0.174534 , 0.159851 , 0.229462 , 0.179308 , 0.235502 , 0.411107 , 0.29861 , 0.359672 , 0.347988 , 0.398733 
 758 , 0.174797 , 0.160434 , 0.229579 , 0.179588 , 0.235653 , 0.412157 , 0.299574 , 0.360447 , 0.349042 , 0.400468 
 759 , 0.175127 , 0.161111 , 0.229767 , 0.179939 , 0.235861 , 0.413414 , 0.300697 , 0.361368 , 0.350316 , 0.402484 
 760 , 0.175484 , 0.161855 , 0.22997 , 0.18032 , 0.236088 , 0.414789 , 0.301926 , 0.362381 , 0.351708 , 0.404691 
 761 , 0.175835 , 0.162208 , 0.230366 , 0.180705 , 0.236545 , 0.416209 , 0.302993 , 0.363531 , 0.35295 , 0.406488 
 762 , 0.176031 , 0.162297 , 0.230666 , 0.180953 , 0.236899 , 0.41735 , 0.303791 , 0.364448 , 0.353836 , 0.407819 
 763 , 0.176226 , 0.162387 , 0.230963 , 0.181201 , 0.237256 , 0.418489 , 0.304587 , 0.36536 , 0.354724 , 0.409146 
 764 , 0.176455 , 0.162332 , 0.231361 , 0.181473 , 0.237735 , 0.419599 , 0.305272 , 0.366353 , 0.355544 , 0.410203 
 765 , 0.176729 , 0.162113 , 0.231871 , 0.181758 , 0.238368 , 0.420642 , 0.305795 , 0.367408 , 0.356239 , 0.410893 
 766 , 0.176993 , 0.161917 , 0.232346 , 0.182024 , 0.238967 , 0.421622 , 0.306285 , 0.368402 , 0.356887 , 0.411554 
 767 , 0.17725 , 0.161755 , 0.232793 , 0.182281 , 0.239524 , 0.422529 , 0.306759 , 0.369318 , 0.357486 , 0.412171 
 768 , 0.177519 , 0.16173 , 0.233151 , 0.182564 , 0.239995 , 0.423269 , 0.307265 , 0.370034 , 0.357959 , 0.412688 
 769 , 0.177728 , 0.161665 , 0.233439 , 0.182804 , 0.240383 , 0.423889 , 0.307684 , 0.370661 , 0.358345 , 0.413103 
 770 , 0.177926 , 0.161605 , 0.233713 , 0.183032 , 0.240752 , 0.424481 , 0.308079 , 0.371253 , 0.358715 , 0.413494 
 771 , 0.178137 , 0.161737 , 0.233938 , 0.183275 , 0.241029 , 0.424951 , 0.308527 , 0.371742 , 0.359092 , 0.413891 
 772 , 0.178388 , 0.161965 , 0.234206 , 0.183545 , 0.241341 , 0.42544 , 0.30908 , 0.372263 , 0.359542 , 0.414357 
 773 , 0.178636 , 0.162191 , 0.234473 , 0.183808 , 0.241649 , 0.425924 , 0.309622 , 0.372773 , 0.359985 , 0.414815 
 774 , 0.178853 , 0.162395 , 0.234658 , 0.184038 , 0.241921 , 0.426273 , 0.310125 , 0.373245 , 0.360418 , 0.415177 
 775 , 0.179033 , 0.162558 , 0.234743 , 0.184232 , 0.242128 , 0.426483 , 0.310543 , 0.373645 , 0.360851 , 0.415443 
 776 , 0.17921 , 0.162714 , 0.23482 , 0.184426 , 0.242332 , 0.426692 , 0.310947 , 0.374029 , 0.361288 , 0.41571 
 777 , 0.179382 , 0.162861 , 0.234911 , 0.184612 , 0.242528 , 0.426906 , 0.311342 , 0.374412 , 0.361714 , 0.415955 
 778 , 0.179538 , 0.162988 , 0.235113 , 0.184783 , 0.242739 , 0.427223 , 0.311737 , 0.374845 , 0.362106 , 0.416138 
 779 , 0.179741 , 0.163154 , 0.235371 , 0.184987 , 0.243008 , 0.42763 , 0.312216 , 0.375361 , 0.362547 , 0.41638 
 780 , 0.179948 , 0.163322 , 0.23563 , 0.185192 , 0.243275 , 0.428042 , 0.3127 , 0.375885 , 0.362995 , 0.416627 
 781 , 0.180129 , 0.163465 , 0.235822 , 0.18536 , 0.243513 , 0.428384 , 0.313076 , 0.376374 , 0.363379 , 0.41689 
 782 , 0.180322 , 0.16362 , 0.236022 , 0.185555 , 0.243794 , 0.428733 , 0.313444 , 0.376909 , 0.363801 , 0.417185 
 783 , 0.180517 , 0.163779 , 0.236224 , 0.185753 , 0.244079 , 0.429084 , 0.313818 , 0.377453 , 0.364226 , 0.417486 
 784 , 0.180695 , 0.163921 , 0.236417 , 0.185943 , 0.244339 , 0.429407 , 0.314261 , 0.377971 , 0.364636 , 0.417758 
 785 , 0.18086 , 0.164059 , 0.236605 , 0.186115 , 0.244549 , 0.429736 , 0.314768 , 0.378479 , 0.365038 , 0.418044 
 786 , 0.181026 , 0.164199 , 0.236793 , 0.186291 , 0.244756 , 0.430085 , 0.315285 , 0.379006 , 0.365448 , 0.418347 
 787 , 0.181192 , 0.16434 , 0.236985 , 0.186467 , 0.244965 , 0.430444 , 0.315784 , 0.379541 , 0.365865 , 0.418668 
 788 , 0.181334 , 0.164473 , 0.237194 , 0.186644 , 0.24518 , 0.430804 , 0.316173 , 0.380045 , 0.366237 , 0.419035 
 789 , 0.181486 , 0.164606 , 0.237408 , 0.186837 , 0.245406 , 0.431162 , 0.316568 , 0.380541 , 0.366604 , 0.419407 
 790 , 0.181642 , 0.164744 , 0.237629 , 0.187029 , 0.245634 , 0.431527 , 0.316974 , 0.381049 , 0.366977 , 0.419787 
 791 , 0.181844 , 0.16485 , 0.237823 , 0.187224 , 0.245858 , 0.431933 , 0.317362 , 0.381518 , 0.367345 , 0.420046 
 792 , 0.182097 , 0.165007 , 0.238081 , 0.187463 , 0.24616 , 0.432441 , 0.317862 , 0.382093 , 0.367838 , 0.420385 
 793 , 0.182352 , 0.165167 , 0.238344 , 0.187705 , 0.24647 , 0.432958 , 0.318371 , 0.38268 , 0.368343 , 0.42073 
 794 , 0.182584 , 0.165325 , 0.23861 , 0.187946 , 0.246774 , 0.433402 , 0.318879 , 0.383254 , 0.368841 , 0.421046 
 795 , 0.182775 , 0.165455 , 0.238836 , 0.188169 , 0.247034 , 0.433745 , 0.319322 , 0.383747 , 0.369277 , 0.421267 
 796 , 0.182969 , 0.165578 , 0.239057 , 0.188389 , 0.247283 , 0.434084 , 0.319758 , 0.384233 , 0.369701 , 0.421475 
 797 , 0.183166 , 0.1657 , 0.23928 , 0.18861 , 0.247538 , 0.43442 , 0.32018 , 0.384728 , 0.370117 , 0.421682 
 798 , 0.183372 , 0.165843 , 0.239535 , 0.188838 , 0.247817 , 0.434786 , 0.320594 , 0.385286 , 0.370541 , 0.42195 
 799 , 0.183591 , 0.166009 , 0.239836 , 0.1891 , 0.248138 , 0.435224 , 0.321069 , 0.385928 , 0.371028 , 0.422292 
 800 , 0.183814 , 0.166181 , 0.240143 , 0.189365 , 0.248466 , 0.43567 , 0.321555 , 0.386584 , 0.371526 , 0.422642 
 801 , 0.184016 , 0.166293 , 0.240418 , 0.189571 , 0.248757 , 0.436066 , 0.322005 , 0.38712 , 0.371982 , 0.42291 
 802 , 0.184245 , 0.166427 , 0.2407 , 0.189802 , 0.249083 , 0.43649 , 0.322472 , 0.387656 , 0.37245 , 0.423236 
 803 , 0.184485 , 0.166567 , 0.240988 , 0.190041 , 0.249415 , 0.436923 , 0.322947 , 0.388203 , 0.372931 , 0.423568 
 804 , 0.18465 , 0.166662 , 0.241204 , 0.190238 , 0.249704 , 0.437227 , 0.323331 , 0.388676 , 0.373346 , 0.423806 
 805 , 0.184806 , 0.166762 , 0.24145 , 0.19044 , 0.24999 , 0.43755 , 0.32374 , 0.389182 , 0.37381 , 0.424021 
 806 , 0.184976 , 0.166874 , 0.241723 , 0.190658 , 0.250297 , 0.437912 , 0.324188 , 0.389724 , 0.374311 , 0.424253 
 807 , 0.185152 , 0.167011 , 0.241987 , 0.190869 , 0.25057 , 0.438264 , 0.324634 , 0.390278 , 0.374783 , 0.424503 
 808 , 0.185326 , 0.167209 , 0.242198 , 0.191055 , 0.250771 , 0.438594 , 0.325034 , 0.390868 , 0.375156 , 0.42478 
 809 , 0.185518 , 0.167421 , 0.242418 , 0.191256 , 0.251011 , 0.438959 , 0.325438 , 0.391524 , 0.375551 , 0.425077 
 810 , 0.185723 , 0.167644 , 0.242651 , 0.191466 , 0.251261 , 0.43934 , 0.325865 , 0.392213 , 0.37597 , 0.425393 
 811 , 0.185927 , 0.167915 , 0.242851 , 0.191663 , 0.251478 , 0.439652 , 0.326292 , 0.392677 , 0.376386 , 0.425692 
 812 , 0.186144 , 0.168212 , 0.243089 , 0.191894 , 0.251709 , 0.440004 , 0.326772 , 0.39318 , 0.376855 , 0.426085 
 813 , 0.186377 , 0.168526 , 0.243341 , 0.192136 , 0.251956 , 0.440373 , 0.327285 , 0.393712 , 0.377352 , 0.426508 
 814 , 0.186596 , 0.168786 , 0.243609 , 0.192404 , 0.252227 , 0.440834 , 0.327799 , 0.39431 , 0.377879 , 0.426976 
 815 , 0.186844 , 0.169044 , 0.243904 , 0.192724 , 0.252551 , 0.441383 , 0.328408 , 0.394941 , 0.378484 , 0.427519 
 816 , 0.187113 , 0.169318 , 0.244214 , 0.193065 , 0.252892 , 0.44196 , 0.329066 , 0.3956 , 0.379121 , 0.428093 
 817 , 0.187409 , 0.169576 , 0.24456 , 0.193411 , 0.253277 , 0.442563 , 0.329755 , 0.396287 , 0.37977 , 0.428643 
 818 , 0.18772 , 0.169778 , 0.244933 , 0.193714 , 0.25369 , 0.443148 , 0.330405 , 0.396954 , 0.380325 , 0.429048 
 819 , 0.188011 , 0.169973 , 0.245294 , 0.193988 , 0.254083 , 0.443715 , 0.331015 , 0.397603 , 0.380834 , 0.429404 
 820 , 0.18831 , 0.17017 , 0.245663 , 0.194266 , 0.254489 , 0.444295 , 0.331639 , 0.398271 , 0.381359 , 0.429773 
 821 , 0.188666 , 0.17042 , 0.246095 , 0.194598 , 0.254955 , 0.444962 , 0.332241 , 0.398989 , 0.382047 , 0.43019 
 822 , 0.188957 , 0.170593 , 0.246444 , 0.194882 , 0.255338 , 0.44546 , 0.332749 , 0.399616 , 0.382624 , 0.430446 
 823 , 0.189253 , 0.170762 , 0.246794 , 0.195168 , 0.255726 , 0.445961 , 0.33326 , 0.400246 , 0.383201 , 0.430705 
 824 , 0.189568 , 0.170922 , 0.247128 , 0.195478 , 0.256124 , 0.446456 , 0.333792 , 0.400891 , 0.38379 , 0.430983 
 825 , 0.18993 , 0.171113 , 0.24749 , 0.195801 , 0.256585 , 0.447031 , 0.334347 , 0.401599 , 0.384454 , 0.431375 
 826 , 0.190296 , 0.171312 , 0.247858 , 0.196129 , 0.257057 , 0.447624 , 0.334907 , 0.402311 , 0.385127 , 0.431781 
 827 , 0.190655 , 0.171523 , 0.248217 , 0.196442 , 0.25751 , 0.448225 , 0.335467 , 0.403008 , 0.385757 , 0.432173 
 828 , 0.191001 , 0.171782 , 0.248573 , 0.196781 , 0.257939 , 0.448863 , 0.336063 , 0.40366 , 0.386326 , 0.43254 
 829 , 0.191354 , 0.172061 , 0.248938 , 0.197148 , 0.258367 , 0.449513 , 0.336684 , 0.4043 , 0.386905 , 0.432898 
 830 , 0.191708 , 0.172345 , 0.24931 , 0.197515 , 0.258797 , 0.450161 , 0.337308 , 0.404943 , 0.38749 , 0.433257 
 831 , 0.192072 , 0.172635 , 0.24975 , 0.197919 , 0.259268 , 0.450786 , 0.337955 , 0.405616 , 0.388152 , 0.433656 
 832 , 0.192413 , 0.172895 , 0.250199 , 0.198271 , 0.259722 , 0.451404 , 0.338579 , 0.406298 , 0.388794 , 0.434041 
 833 , 0.192755 , 0.173153 , 0.250646 , 0.198627 , 0.260175 , 0.452021 , 0.339197 , 0.406974 , 0.38943 , 0.43442 
 834 , 0.193094 , 0.173402 , 0.251081 , 0.198978 , 0.260669 , 0.452704 , 0.339835 , 0.407686 , 0.390031 , 0.434806 
 835 , 0.193456 , 0.173664 , 0.251475 , 0.199356 , 0.261213 , 0.453417 , 0.34051 , 0.408427 , 0.390638 , 0.435296 
 836 , 0.193821 , 0.173922 , 0.251866 , 0.199736 , 0.261757 , 0.454128 , 0.341182 , 0.409161 , 0.391247 , 0.435789 
 837 , 0.194175 , 0.174175 , 0.252263 , 0.200094 , 0.262279 , 0.454821 , 0.341838 , 0.409867 , 0.391829 , 0.436281 
 838 , 0.194513 , 0.174431 , 0.252694 , 0.200454 , 0.262775 , 0.455518 , 0.342485 , 0.410578 , 0.392434 , 0.436767 
 839 , 0.194853 , 0.174693 , 0.253138 , 0.200824 , 0.263264 , 0.456222 , 0.34314 , 0.411313 , 0.393075 , 0.437248 
 840 , 0.195193 , 0.174954 , 0.253575 , 0.201184 , 0.263746 , 0.456911 , 0.343781 , 0.412046 , 0.39372 , 0.437727 
 841 , 0.195517 , 0.175221 , 0.253965 , 0.201502 , 0.264179 , 0.457532 , 0.344355 , 0.412748 , 0.394371 , 0.438197 
 842 , 0.195852 , 0.17548 , 0.254412 , 0.201827 , 0.264661 , 0.458182 , 0.344948 , 0.41344 , 0.394991 , 0.438689 
 843 , 0.196186 , 0.17574 , 0.25486 , 0.202155 , 0.265144 , 0.458839 , 0.345547 , 0.414142 , 0.395613 , 0.439182 
 844 , 0.196488 , 0.175975 , 0.255286 , 0.202509 , 0.265614 , 0.45947 , 0.346147 , 0.414771 , 0.3962 , 0.439637 
 845 , 0.196851 , 0.176246 , 0.255664 , 0.202888 , 0.266024 , 0.46012 , 0.346741 , 0.41542 , 0.396815 , 0.440059 
 846 , 0.197223 , 0.176525 , 0.256047 , 0.203274 , 0.266437 , 0.460787 , 0.34735 , 0.416087 , 0.397447 , 0.44049 
 847 , 0.19761 , 0.176819 , 0.256413 , 0.203639 , 0.266834 , 0.46142 , 0.347911 , 0.416731 , 0.398078 , 0.440883 
 848 , 0.197991 , 0.177139 , 0.256782 , 0.204008 , 0.267268 , 0.462044 , 0.348474 , 0.417401 , 0.398741 , 0.441304 
 849 , 0.198378 , 0.17747 , 0.257172 , 0.204397 , 0.267751 , 0.4627 , 0.349075 , 0.418108 , 0.39944 , 0.441772 
 850 , 0.198765 , 0.177794 , 0.257574 , 0.204793 , 0.268238 , 0.463358 , 0.349687 , 0.418844 , 0.400148 , 0.442247 
 851 , 0.19911 , 0.178078 , 0.258005 , 0.205161 , 0.268713 , 0.463988 , 0.350297 , 0.419604 , 0.400835 , 0.442702 
 852 , 0.19944 , 0.17836 , 0.258458 , 0.205514 , 0.269192 , 0.464608 , 0.350896 , 0.420356 , 0.401533 , 0.443148 
 853 , 0.199778 , 0.178648 , 0.258923 , 0.205876 , 0.269678 , 0.465243 , 0.35151 , 0.421121 , 0.402245 , 0.443608 
 854 , 0.200188 , 0.178872 , 0.259346 , 0.206242 , 0.270175 , 0.465907 , 0.35211 , 0.4219 , 0.402957 , 0.444068 
 855 , 0.200682 , 0.179104 , 0.259793 , 0.206674 , 0.270759 , 0.466702 , 0.352783 , 0.422793 , 0.403758 , 0.444589 
 856 , 0.201182 , 0.179337 , 0.26025 , 0.207117 , 0.271353 , 0.467509 , 0.353468 , 0.4237 , 0.404571 , 0.445123 
 857 , 0.201595 , 0.179566 , 0.260688 , 0.207571 , 0.271924 , 0.468272 , 0.354106 , 0.424621 , 0.405308 , 0.445652 
 858 , 0.201909 , 0.179774 , 0.261101 , 0.207998 , 0.27241 , 0.469006 , 0.354686 , 0.425542 , 0.405938 , 0.446123 
 859 , 0.202209 , 0.179976 , 0.261516 , 0.208408 , 0.272869 , 0.469756 , 0.355266 , 0.426473 , 0.406558 , 0.446579 
 860 , 0.202517 , 0.180189 , 0.261926 , 0.208795 , 0.273324 , 0.470499 , 0.355852 , 0.427366 , 0.40718 , 0.447032 
 861 , 0.202877 , 0.180447 , 0.262353 , 0.20914 , 0.273796 , 0.471238 , 0.356484 , 0.428153 , 0.407863 , 0.447556 
 862 , 0.203316 , 0.180772 , 0.262852 , 0.209561 , 0.274359 , 0.472041 , 0.357199 , 0.429005 , 0.40869 , 0.448235 
 863 , 0.203766 , 0.181104 , 0.263363 , 0.209996 , 0.274934 , 0.472864 , 0.357931 , 0.429879 , 0.40954 , 0.448937 
 864 , 0.204221 , 0.18148 , 0.263889 , 0.210473 , 0.275509 , 0.473649 , 0.358617 , 0.430718 , 0.410365 , 0.449584 
 865 , 0.204574 , 0.181793 , 0.264357 , 0.210845 , 0.276001 , 0.474359 , 0.359184 , 0.43138 , 0.410961 , 0.450066 
 866 , 0.204932 , 0.182116 , 0.264839 , 0.211225 , 0.276503 , 0.475089 , 0.359768 , 0.432058 , 0.411569 , 0.450558 
 867 , 0.205249 , 0.182397 , 0.26529 , 0.21159 , 0.276968 , 0.475798 , 0.360355 , 0.432697 , 0.41214 , 0.451093 
 868 , 0.205588 , 0.182665 , 0.265713 , 0.212017 , 0.277438 , 0.476425 , 0.361026 , 0.43341 , 0.412769 , 0.451639 
 869 , 0.205951 , 0.182943 , 0.266139 , 0.212482 , 0.27793 , 0.477042 , 0.361745 , 0.434175 , 0.413444 , 0.452194 
 870 , 0.206324 , 0.183222 , 0.26656 , 0.21293 , 0.278414 , 0.477691 , 0.362448 , 0.434946 , 0.414107 , 0.452715 
 871 , 0.206716 , 0.183515 , 0.266967 , 0.21333 , 0.278887 , 0.478455 , 0.363099 , 0.435703 , 0.41474 , 0.453218 
 872 , 0.207121 , 0.18384 , 0.267393 , 0.213719 , 0.279378 , 0.479311 , 0.36375 , 0.43646 , 0.415386 , 0.453795 
 873 , 0.207532 , 0.184171 , 0.267825 , 0.214113 , 0.279878 , 0.480177 , 0.364409 , 0.437229 , 0.416049 , 0.454375 
 874 , 0.20788 , 0.184412 , 0.268278 , 0.214457 , 0.280331 , 0.480848 , 0.364961 , 0.437868 , 0.416676 , 0.454812 
 875 , 0.208197 , 0.184631 , 0.268751 , 0.214769 , 0.280771 , 0.481505 , 0.365458 , 0.438512 , 0.417326 , 0.455185 
 876 , 0.208524 , 0.184858 , 0.269235 , 0.215087 , 0.281219 , 0.482176 , 0.365964 , 0.439171 , 0.417992 , 0.455565 
 877 , 0.208867 , 0.185148 , 0.269734 , 0.215445 , 0.281698 , 0.482853 , 0.36654 , 0.439922 , 0.41872 , 0.456038 
 878 , 0.209265 , 0.185488 , 0.270273 , 0.215878 , 0.282263 , 0.483521 , 0.367219 , 0.440769 , 0.419478 , 0.456606 
 879 , 0.209683 , 0.185843 , 0.270838 , 0.216338 , 0.282862 , 0.484204 , 0.367935 , 0.441651 , 0.420254 , 0.457204 
 880 , 0.210115 , 0.186199 , 0.271397 , 0.216806 , 0.283473 , 0.484906 , 0.368654 , 0.442543 , 0.420989 , 0.457818 
 881 , 0.210515 , 0.186513 , 0.271894 , 0.217247 , 0.283996 , 0.48564 , 0.369306 , 0.443336 , 0.421584 , 0.458376 
 882 , 0.21088 , 0.186791 , 0.272344 , 0.217655 , 0.284434 , 0.486401 , 0.369903 , 0.444045 , 0.42211 , 0.458872 
 883 , 0.211245 , 0.187073 , 0.272814 , 0.218077 , 0.284885 , 0.487183 , 0.370518 , 0.444767 , 0.422652 , 0.459379 
 884 , 0.211542 , 0.187295 , 0.273377 , 0.218529 , 0.285349 , 0.487957 , 0.371131 , 0.445465 , 0.423227 , 0.45988 
 885 , 0.211859 , 0.187525 , 0.273959 , 0.21901 , 0.285911 , 0.488721 , 0.371841 , 0.446248 , 0.423877 , 0.460435 
 886 , 0.212186 , 0.187761 , 0.274559 , 0.219504 , 0.286495 , 0.489509 , 0.372576 , 0.44706 , 0.424554 , 0.461008 
 887 , 0.212475 , 0.187997 , 0.274953 , 0.219847 , 0.286937 , 0.490129 , 0.3732 , 0.447755 , 0.425078 , 0.46152 
 888 , 0.212783 , 0.188228 , 0.27526 , 0.220091 , 0.28731 , 0.490607 , 0.373703 , 0.44843 , 0.425569 , 0.461913 
 889 , 0.213108 , 0.188474 , 0.275573 , 0.220339 , 0.287693 , 0.491088 , 0.37421 , 0.449133 , 0.426082 , 0.462309 
 890 , 0.21342 , 0.188694 , 0.275871 , 0.220573 , 0.288034 , 0.491455 , 0.374685 , 0.449776 , 0.426573 , 0.462681 
 891 , 0.213696 , 0.188906 , 0.276184 , 0.220826 , 0.288362 , 0.491723 , 0.375163 , 0.450305 , 0.427 , 0.463058 
 892 , 0.213981 , 0.18914 , 0.276544 , 0.221117 , 0.288738 , 0.492021 , 0.375697 , 0.45084 , 0.427425 , 0.463487 
 893 , 0.214274 , 0.189413 , 0.276929 , 0.221435 , 0.289138 , 0.492345 , 0.376263 , 0.451405 , 0.427873 , 0.463927 
 894 , 0.214546 , 0.189763 , 0.277347 , 0.221771 , 0.289512 , 0.492702 , 0.376854 , 0.451992 , 0.428323 , 0.464346 
 895 , 0.214831 , 0.19013 , 0.277849 , 0.222109 , 0.28984 , 0.49311 , 0.377492 , 0.452655 , 0.4288 , 0.464883 
 896 , 0.215139 , 0.190531 , 0.278394 , 0.222478 , 0.290199 , 0.493551 , 0.378182 , 0.453372 , 0.429315 , 0.465459 
 897 , 0.215565 , 0.190933 , 0.278944 , 0.22284 , 0.2906 , 0.494213 , 0.378988 , 0.454089 , 0.42993 , 0.466159 
 898 , 0.21591 , 0.191279 , 0.279305 , 0.223214 , 0.290859 , 0.494684 , 0.379592 , 0.454646 , 0.430489 , 0.466616 
 899 , 0.216265 , 0.191636 , 0.279663 , 0.223608 , 0.291116 , 0.495161 , 0.3802 , 0.455212 , 0.431066 , 0.467064 
 900 , 0.216588 , 0.191916 , 0.280106 , 0.224071 , 0.291504 , 0.495784 , 0.380734 , 0.455946 , 0.431808 , 0.467553 
 901 , 0.216895 , 0.192121 , 0.280616 , 0.224482 , 0.292046 , 0.49653 , 0.381307 , 0.456859 , 0.43261 , 0.468153 
 902 , 0.217211 , 0.192317 , 0.281139 , 0.224839 , 0.292649 , 0.497307 , 0.381956 , 0.457834 , 0.433393 , 0.468817 
 903 , 0.21753 , 0.192543 , 0.281667 , 0.225206 , 0.293238 , 0.498113 , 0.382617 , 0.458831 , 0.434148 , 0.469514 
 904 , 0.217813 , 0.192812 , 0.282143 , 0.225591 , 0.2937 , 0.498883 , 0.383171 , 0.45976 , 0.434791 , 0.470129 
 905 , 0.218018 , 0.193062 , 0.282572 , 0.226002 , 0.294024 , 0.499517 , 0.383496 , 0.460541 , 0.435433 , 0.470492 
 906 , 0.218229 , 0.193319 , 0.283022 , 0.226431 , 0.294359 , 0.500173 , 0.38383 , 0.461346 , 0.4361 , 0.470869 
 907 , 0.218552 , 0.193594 , 0.283311 , 0.226737 , 0.294698 , 0.500664 , 0.384162 , 0.461929 , 0.436591 , 0.471103 
 908 , 0.218985 , 0.193832 , 0.283607 , 0.227025 , 0.295182 , 0.50116 , 0.384669 , 0.462503 , 0.4371 , 0.47155 
 909 , 0.219435 , 0.194081 , 0.283917 , 0.22732 , 0.295687 , 0.501676 , 0.3852 , 0.4631 , 0.437634 , 0.472018 
 910 , 0.219828 , 0.194331 , 0.284326 , 0.227714 , 0.296191 , 0.502188 , 0.385825 , 0.463709 , 0.438205 , 0.472537 
 911 , 0.220076 , 0.194549 , 0.284771 , 0.228103 , 0.296629 , 0.502746 , 0.386431 , 0.464291 , 0.438652 , 0.472898 
 912 , 0.220271 , 0.194757 , 0.285218 , 0.228478 , 0.297046 , 0.503337 , 0.387017 , 0.464866 , 0.439041 , 0.473182 
 913 , 0.220561 , 0.194998 , 0.285737 , 0.228911 , 0.297551 , 0.504108 , 0.387656 , 0.465566 , 0.439504 , 0.47355 
 914 , 0.22106 , 0.19529 , 0.286304 , 0.22945 , 0.29821 , 0.505115 , 0.38837 , 0.466443 , 0.440121 , 0.474062 
 915 , 0.221657 , 0.195587 , 0.286795 , 0.230022 , 0.298901 , 0.506058 , 0.389118 , 0.467295 , 0.440804 , 0.474574 
 916 , 0.22225 , 0.195875 , 0.287294 , 0.230591 , 0.299601 , 0.507002 , 0.389866 , 0.468152 , 0.441487 , 0.47508 
 917 , 0.222743 , 0.196009 , 0.287827 , 0.231021 , 0.300338 , 0.507865 , 0.390612 , 0.468928 , 0.442079 , 0.47546 
 918 , 0.223039 , 0.196034 , 0.288339 , 0.231304 , 0.300915 , 0.508486 , 0.391184 , 0.469561 , 0.442499 , 0.475691 
 919 , 0.223341 , 0.196056 , 0.288859 , 0.231592 , 0.301493 , 0.509114 , 0.391754 , 0.470204 , 0.442925 , 0.47592 
 920 , 0.223482 , 0.196042 , 0.289247 , 0.23182 , 0.301785 , 0.50941 , 0.392103 , 0.470599 , 0.443309 , 0.475935 
 921 , 0.223673 , 0.196168 , 0.289713 , 0.232155 , 0.302148 , 0.509814 , 0.392595 , 0.471192 , 0.443817 , 0.476207 
 922 , 0.223908 , 0.196351 , 0.29024 , 0.232548 , 0.302578 , 0.510302 , 0.393177 , 0.471894 , 0.444391 , 0.476603 
 923 , 0.224079 , 0.196515 , 0.290569 , 0.232822 , 0.302853 , 0.510543 , 0.393564 , 0.47243 , 0.444752 , 0.476944 
 924 , 0.224078 , 0.196469 , 0.290435 , 0.232799 , 0.302705 , 0.510203 , 0.393424 , 0.472369 , 0.444577 , 0.476821 
 925 , 0.22394 , 0.196166 , 0.289989 , 0.232568 , 0.302234 , 0.509465 , 0.392885 , 0.471769 , 0.444017 , 0.476156 
 926 , 0.223758 , 0.195856 , 0.289493 , 0.232292 , 0.301702 , 0.5086 , 0.392275 , 0.471053 , 0.443379 , 0.475363 
 927 , 0.223392 , 0.195717 , 0.288981 , 0.231892 , 0.301104 , 0.507456 , 0.391609 , 0.470056 , 0.442625 , 0.474273 
 928 , 0.222817 , 0.195798 , 0.288622 , 0.231563 , 0.300563 , 0.506173 , 0.391088 , 0.469234 , 0.442035 , 0.473276 
 929 , 0.222115 , 0.195896 , 0.288186 , 0.231159 , 0.299906 , 0.504618 , 0.390455 , 0.468242 , 0.441318 , 0.472065 
 930 , 0.221415 , 0.195979 , 0.287597 , 0.23081 , 0.299171 , 0.503059 , 0.389894 , 0.467056 , 0.440732 , 0.470827 
 931 , 0.220971 , 0.196046 , 0.28694 , 0.230301 , 0.298402 , 0.501454 , 0.389035 , 0.465802 , 0.440086 , 0.469432 
 932 , 0.220505 , 0.196124 , 0.286146 , 0.229656 , 0.297475 , 0.499532 , 0.387939 , 0.464299 , 0.439298 , 0.467729 
 933 , 0.220165 , 0.195931 , 0.285305 , 0.228904 , 0.296773 , 0.497804 , 0.386754 , 0.46322 , 0.438361 , 0.46596 
 934 , 0.219959 , 0.195416 , 0.284455 , 0.22822 , 0.296251 , 0.496486 , 0.385769 , 0.462478 , 0.437386 , 0.464477 
 935 , 0.219728 , 0.194774 , 0.283482 , 0.2276 , 0.295603 , 0.495149 , 0.384908 , 0.46152 , 0.436345 , 0.463086 
 936 , 0.219479 , 0.194079 , 0.282777 , 0.227149 , 0.29498 , 0.494104 , 0.384103 , 0.460639 , 0.435428 , 0.461751 
 937 , 0.219246 , 0.193466 , 0.283092 , 0.227363 , 0.29473 , 0.494253 , 0.38375 , 0.460363 , 0.435112 , 0.460948 
 938 , 0.218868 , 0.193013 , 0.283532 , 0.22774 , 0.294969 , 0.494513 , 0.383505 , 0.460686 , 0.434647 , 0.460006 
 939 , 0.218474 , 0.192546 , 0.283987 , 0.228129 , 0.295214 , 0.494777 , 0.383249 , 0.461014 , 0.434168 , 0.459033 
 940 , 0.218438 , 0.192229 , 0.283812 , 0.228309 , 0.29558 , 0.494813 , 0.382905 , 0.461197 , 0.433269 , 0.458376 
 941 , 0.218058 , 0.191564 , 0.282904 , 0.227774 , 0.295225 , 0.493741 , 0.381747 , 0.460426 , 0.432024 , 0.456927 
 942 , 0.217634 , 0.190857 , 0.281915 , 0.227164 , 0.294792 , 0.492545 , 0.3805 , 0.45955 , 0.430728 , 0.45538 
 943 , 0.217219 , 0.190182 , 0.281104 , 0.226513 , 0.294513 , 0.490885 , 0.379359 , 0.45833 , 0.429247 , 0.453517 
 944 , 0.217043 , 0.189697 , 0.280451 , 0.22613 , 0.294495 , 0.489548 , 0.378695 , 0.457139 , 0.427846 , 0.451924 
 945 , 0.217032 , 0.18933 , 0.279847 , 0.225945 , 0.2946 , 0.48857 , 0.378306 , 0.45607 , 0.426559 , 0.450605 
 946 , 0.21699 , 0.189147 , 0.279369 , 0.225947 , 0.294558 , 0.487587 , 0.377898 , 0.455072 , 0.425679 , 0.449294 
 947 , 0.217001 , 0.189263 , 0.279367 , 0.226311 , 0.294453 , 0.486623 , 0.377565 , 0.454429 , 0.425555 , 0.448135 
 948 , 0.217238 , 0.189357 , 0.279983 , 0.226788 , 0.294766 , 0.485646 , 0.377482 , 0.454291 , 0.425568 , 0.447242 
 949 , 0.217471 , 0.189438 , 0.280554 , 0.227223 , 0.29509 , 0.484688 , 0.377413 , 0.45413 , 0.425533 , 0.446335 
 950 , 0.217687 , 0.189417 , 0.280661 , 0.227195 , 0.295614 , 0.483909 , 0.377507 , 0.453689 , 0.424933 , 0.445278 
 951 , 0.217573 , 0.189508 , 0.280475 , 0.227167 , 0.295581 , 0.48292 , 0.377265 , 0.453133 , 0.424604 , 0.444158 
 952 , 0.217455 , 0.1896 , 0.280287 , 0.227141 , 0.29554 , 0.481945 , 0.37702 , 0.452581 , 0.424282 , 0.443051 
 953 , 0.217491 , 0.189761 , 0.280574 , 0.227529 , 0.295733 , 0.48119 , 0.376883 , 0.45214 , 0.424297 , 0.441996 
 954 , 0.217554 , 0.189759 , 0.280889 , 0.227847 , 0.295892 , 0.480555 , 0.37691 , 0.451385 , 0.424007 , 0.441174 
 955 , 0.217606 , 0.189674 , 0.281155 , 0.228078 , 0.296009 , 0.47995 , 0.376992 , 0.4505 , 0.423549 , 0.44046 
 956 , 0.217798 , 0.189702 , 0.281339 , 0.228262 , 0.296174 , 0.479425 , 0.377097 , 0.449936 , 0.423173 , 0.440025 
 957 , 0.218231 , 0.189981 , 0.281496 , 0.228532 , 0.296563 , 0.479224 , 0.377265 , 0.449847 , 0.423121 , 0.439613 
 958 , 0.218816 , 0.190477 , 0.281729 , 0.228983 , 0.297225 , 0.479417 , 0.377495 , 0.450009 , 0.423448 , 0.438796 
 959 , 0.219422 , 0.190946 , 0.282008 , 0.229442 , 0.297873 , 0.479617 , 0.377743 , 0.450229 , 0.42376 , 0.438013 
 960 , 0.220173 , 0.191362 , 0.282502 , 0.229975 , 0.298553 , 0.479809 , 0.378088 , 0.450721 , 0.424034 , 0.437252 
 961 , 0.220721 , 0.191603 , 0.282843 , 0.230396 , 0.299147 , 0.479385 , 0.378168 , 0.451229 , 0.424176 , 0.436636 
 962 , 0.221235 , 0.19183 , 0.283163 , 0.230791 , 0.299705 , 0.478987 , 0.378241 , 0.451704 , 0.424304 , 0.436059 
 963 , 0.221647 , 0.192001 , 0.283476 , 0.231433 , 0.30042 , 0.479193 , 0.378461 , 0.452275 , 0.425073 , 0.435649 
 964 , 0.222375 , 0.192406 , 0.28444 , 0.232442 , 0.301429 , 0.480666 , 0.379484 , 0.453484 , 0.426649 , 0.436167 
 965 , 0.223146 , 0.192852 , 0.285524 , 0.233489 , 0.302464 , 0.48238 , 0.380661 , 0.454796 , 0.428333 , 0.436887 
 966 , 0.223866 , 0.193182 , 0.286394 , 0.234311 , 0.303424 , 0.483957 , 0.381867 , 0.456088 , 0.429589 , 0.437916 
 967 , 0.224361 , 0.193292 , 0.286765 , 0.234686 , 0.304116 , 0.484825 , 0.382691 , 0.456944 , 0.429929 , 0.438662 
 968 , 0.224635 , 0.193243 , 0.286733 , 0.234721 , 0.304542 , 0.48499 , 0.383048 , 0.457316 , 0.429558 , 0.438863 
 969 , 0.224842 , 0.193199 , 0.286791 , 0.234697 , 0.304916 , 0.485088 , 0.383343 , 0.457595 , 0.429117 , 0.438918 
 970 , 0.224878 , 0.19316 , 0.287014 , 0.23454 , 0.3052 , 0.485056 , 0.383478 , 0.457617 , 0.42858 , 0.438647 
 971 , 0.224782 , 0.193105 , 0.28704 , 0.234368 , 0.305429 , 0.485025 , 0.38335 , 0.457338 , 0.428437 , 0.438317 
 972 , 0.224685 , 0.193054 , 0.287066 , 0.2342 , 0.30565 , 0.484993 , 0.383219 , 0.45706 , 0.428304 , 0.437991 
 973 , 0.224575 , 0.193153 , 0.287021 , 0.234142 , 0.305745 , 0.485096 , 0.383075 , 0.457015 , 0.428639 , 0.437803 
 974 , 0.224673 , 0.193196 , 0.287235 , 0.234243 , 0.305915 , 0.485017 , 0.383154 , 0.457354 , 0.428706 , 0.437733 
 975 , 0.224807 , 0.193232 , 0.287493 , 0.234366 , 0.306097 , 0.484909 , 0.383262 , 0.457749 , 0.428731 , 0.437677 
 976 , 0.224987 , 0.19324 , 0.287862 , 0.234627 , 0.306378 , 0.484932 , 0.383521 , 0.45822 , 0.428822 , 0.437801 
 977 , 0.225182 , 0.19334 , 0.288284 , 0.234996 , 0.306779 , 0.48533 , 0.384124 , 0.458726 , 0.429179 , 0.438109 
 978 , 0.22537 , 0.19352 , 0.288719 , 0.235401 , 0.307242 , 0.485976 , 0.384941 , 0.459236 , 0.429712 , 0.438505 
 979 , 0.225669 , 0.193767 , 0.289161 , 0.235897 , 0.307752 , 0.486702 , 0.385735 , 0.459668 , 0.430319 , 0.438864 
 980 , 0.226099 , 0.194073 , 0.289655 , 0.236474 , 0.308271 , 0.487464 , 0.386332 , 0.460067 , 0.430912 , 0.439167 
 981 , 0.226493 , 0.194275 , 0.290241 , 0.23696 , 0.308651 , 0.488064 , 0.386503 , 0.460657 , 0.431232 , 0.439441 
 982 , 0.226902 , 0.19448 , 0.290809 , 0.237425 , 0.309051 , 0.488665 , 0.3867 , 0.461273 , 0.43158 , 0.439755 
 983 , 0.227445 , 0.194731 , 0.291254 , 0.237746 , 0.309657 , 0.489289 , 0.387085 , 0.462044 , 0.432154 , 0.440381 
 984 , 0.228041 , 0.195151 , 0.29153 , 0.238105 , 0.310399 , 0.490042 , 0.387824 , 0.462569 , 0.433168 , 0.440975 
 985 , 0.228637 , 0.195577 , 0.291797 , 0.238463 , 0.311139 , 0.4908 , 0.388579 , 0.463081 , 0.434197 , 0.441565 
 986 , 0.229164 , 0.195843 , 0.292208 , 0.23876 , 0.311672 , 0.491461 , 0.389295 , 0.46371 , 0.435061 , 0.442164 
 987 , 0.229616 , 0.195934 , 0.292569 , 0.238989 , 0.311957 , 0.491605 , 0.389689 , 0.464206 , 0.435577 , 0.442693 
 988 , 0.230038 , 0.195959 , 0.292891 , 0.239194 , 0.312146 , 0.4915 , 0.389928 , 0.464625 , 0.435935 , 0.443189 
 989 , 0.230306 , 0.196031 , 0.29317 , 0.239438 , 0.312253 , 0.491397 , 0.389996 , 0.465069 , 0.436417 , 0.443584 
 990 , 0.230396 , 0.196178 , 0.293473 , 0.239714 , 0.312388 , 0.491638 , 0.389994 , 0.465528 , 0.437081 , 0.443867 
 991 , 0.230414 , 0.196365 , 0.2939 , 0.239991 , 0.312684 , 0.492474 , 0.390139 , 0.465984 , 0.4379 , 0.444121 
 992 , 0.230422 , 0.196538 , 0.294267 , 0.240227 , 0.312996 , 0.493347 , 0.390349 , 0.466421 , 0.438606 , 0.444403 
 993 , 0.230402 , 0.196636 , 0.294418 , 0.240322 , 0.313342 , 0.494248 , 0.390741 , 0.466764 , 0.438896 , 0.444742 
 994 , 0.23034 , 0.19658 , 0.294436 , 0.240229 , 0.31337 , 0.494573 , 0.390698 , 0.466912 , 0.438593 , 0.444795 
 995 , 0.230275 , 0.196521 , 0.29445 , 0.240127 , 0.313395 , 0.494905 , 0.390655 , 0.467067 , 0.43828 , 0.444848 
 996 , 0.230233 , 0.196601 , 0.294763 , 0.240206 , 0.313551 , 0.495153 , 0.390708 , 0.467224 , 0.437782 , 0.444978 
 997 , 0.230408 , 0.196902 , 0.295121 , 0.240703 , 0.314036 , 0.495751 , 0.391501 , 0.467881 , 0.437991 , 0.445559 
 998 , 0.230653 , 0.197277 , 0.295504 , 0.241345 , 0.314636 , 0.49647 , 0.392558 , 0.46871 , 0.438431 , 0.446305 
 999 , 0.230743 , 0.197545 , 0.295622 , 0.241852 , 0.314937 , 0.497156 , 0.393387 , 0.469555 , 0.439029 , 0.447087 
 1000 , 0.230595 , 0.197635 , 0.29547 , 0.24196 , 0.314905 , 0.497555 , 0.393776 , 0.470171 , 0.439392 , 0.447705 
 1001 , 0.230273 , 0.197571 , 0.295153 , 0.241682 , 0.314666 , 0.497646 , 0.393791 , 0.470512 , 0.439385 , 0.44811 
 1002 , 0.230078 , 0.197491 , 0.294798 , 0.241328 , 0.314447 , 0.497667 , 0.393785 , 0.470722 , 0.439339 , 0.44836 
 1003 , 0.230124 , 0.197357 , 0.294393 , 0.240906 , 0.314258 , 0.497527 , 0.393706 , 0.470654 , 0.439215 , 0.448215 
 1004 , 0.230126 , 0.197146 , 0.294 , 0.240778 , 0.313969 , 0.497238 , 0.393397 , 0.470419 , 0.439032 , 0.447576 
 1005 , 0.230139 , 0.196935 , 0.293642 , 0.240674 , 0.313672 , 0.496938 , 0.393079 , 0.470157 , 0.438866 , 0.446919 
 1006 , 0.230266 , 0.196789 , 0.293858 , 0.24091 , 0.313405 , 0.496643 , 0.392837 , 0.469704 , 0.439015 , 0.446385 
 1007 , 0.230871 , 0.196863 , 0.2945 , 0.241213 , 0.313706 , 0.496923 , 0.393396 , 0.469775 , 0.439184 , 0.446759 
 1008 , 0.23158 , 0.196976 , 0.295231 , 0.241541 , 0.314111 , 0.497307 , 0.394111 , 0.46993 , 0.439359 , 0.44729 
 1009 , 0.232047 , 0.196924 , 0.295716 , 0.241715 , 0.314518 , 0.497723 , 0.394968 , 0.4704 , 0.43924 , 0.447856 
 1010 , 0.232044 , 0.196671 , 0.29583 , 0.241664 , 0.314598 , 0.497958 , 0.395325 , 0.470454 , 0.439132 , 0.448121 
 1011 , 0.231739 , 0.196295 , 0.295712 , 0.241476 , 0.314433 , 0.49804 , 0.395274 , 0.470133 , 0.439085 , 0.448145 
 1012 , 0.231371 , 0.195915 , 0.295438 , 0.241195 , 0.314161 , 0.49798 , 0.394908 , 0.46952 , 0.438911 , 0.447972 
 1013 , 0.231103 , 0.195632 , 0.295076 , 0.240939 , 0.313724 , 0.497696 , 0.394368 , 0.468877 , 0.438757 , 0.447663 
 1014 , 0.231239 , 0.195608 , 0.294908 , 0.241004 , 0.313151 , 0.497208 , 0.394255 , 0.468954 , 0.439004 , 0.447566 
 1015 , 0.231308 , 0.195574 , 0.294783 , 0.241036 , 0.312547 , 0.496702 , 0.394181 , 0.46909 , 0.439379 , 0.447509 
 1016 , 0.231085 , 0.195512 , 0.294867 , 0.240939 , 0.311888 , 0.49618 , 0.394279 , 0.469471 , 0.440227 , 0.447633 
 1017 , 0.230393 , 0.195198 , 0.29505 , 0.240445 , 0.311595 , 0.496423 , 0.393998 , 0.469109 , 0.440552 , 0.447909 
 1018 , 0.229656 , 0.19486 , 0.295244 , 0.239921 , 0.311298 , 0.496693 , 0.393692 , 0.468713 , 0.440878 , 0.448201 
 1019 , 0.229048 , 0.194675 , 0.294744 , 0.23919 , 0.311126 , 0.496852 , 0.393081 , 0.468195 , 0.440257 , 0.448081 
 1020 , 0.228546 , 0.194694 , 0.294022 , 0.238593 , 0.311127 , 0.496548 , 0.392523 , 0.468007 , 0.439539 , 0.447503 
 1021 , 0.228069 , 0.194806 , 0.293203 , 0.238048 , 0.311204 , 0.49602 , 0.391988 , 0.467973 , 0.438785 , 0.446706 
 1022 , 0.227598 , 0.194797 , 0.292468 , 0.2378 , 0.311252 , 0.495201 , 0.391307 , 0.467802 , 0.437782 , 0.44583 
 1023 , 0.227259 , 0.194785 , 0.292111 , 0.237932 , 0.311413 , 0.49482 , 0.390839 , 0.467857 , 0.437159 , 0.445473 
 1024 , 0.227145 , 0.194889 , 0.292269 , 0.238389 , 0.311788 , 0.495455 , 0.390857 , 0.46842 , 0.437399 , 0.446023 
 1025 , 0.227099 , 0.194926 , 0.292486 , 0.238851 , 0.312162 , 0.496207 , 0.391009 , 0.469031 , 0.437778 , 0.44669 
 1026 , 0.227194 , 0.194771 , 0.29272 , 0.239211 , 0.312393 , 0.496954 , 0.391339 , 0.46953 , 0.438227 , 0.447391 
 1027 , 0.227345 , 0.194037 , 0.292105 , 0.238808 , 0.311601 , 0.495719 , 0.390853 , 0.468507 , 0.436917 , 0.44665 
 1028 , 0.22749 , 0.193265 , 0.291433 , 0.238334 , 0.310731 , 0.49437 , 0.39031 , 0.467375 , 0.435519 , 0.445819 
 1029 , 0.227424 , 0.192422 , 0.290343 , 0.237132 , 0.309199 , 0.492167 , 0.389261 , 0.465342 , 0.433775 , 0.444193 
 1030 , 0.227002 , 0.1916 , 0.289192 , 0.236036 , 0.307923 , 0.490741 , 0.388281 , 0.464041 , 0.432245 , 0.443286 
 1031 , 0.226461 , 0.190749 , 0.287967 , 0.234921 , 0.306661 , 0.489454 , 0.387275 , 0.46288 , 0.430704 , 0.442533 
 1032 , 0.225338 , 0.189745 , 0.287187 , 0.234016 , 0.305419 , 0.488335 , 0.386018 , 0.461826 , 0.429772 , 0.441635 
 1033 , 0.224271 , 0.188902 , 0.287051 , 0.233338 , 0.304551 , 0.487511 , 0.384831 , 0.461256 , 0.429346 , 0.440587 
 1034 , 0.223427 , 0.188263 , 0.287443 , 0.232808 , 0.304041 , 0.486932 , 0.383779 , 0.461145 , 0.429255 , 0.439404 
 1035 , 0.222834 , 0.187549 , 0.287584 , 0.232187 , 0.303639 , 0.486305 , 0.382719 , 0.460858 , 0.428501 , 0.438445 
 1036 , 0.222518 , 0.186814 , 0.287375 , 0.231529 , 0.303489 , 0.485726 , 0.381857 , 0.460466 , 0.427182 , 0.438175 
 1037 , 0.222165 , 0.186274 , 0.286882 , 0.231131 , 0.303858 , 0.485526 , 0.381773 , 0.460431 , 0.426516 , 0.439615 
 1038 , 0.22181 , 0.18572 , 0.286273 , 0.230585 , 0.304161 , 0.485208 , 0.381616 , 0.46026 , 0.425755 , 0.440952 
 1039 , 0.221536 , 0.18523 , 0.285268 , 0.229495 , 0.304127 , 0.484424 , 0.381177 , 0.459547 , 0.42473 , 0.441564 
 1040 , 0.220942 , 0.183932 , 0.283346 , 0.2279 , 0.302331 , 0.481331 , 0.379103 , 0.456329 , 0.422111 , 0.438641 
 1041 , 0.220283 , 0.182497 , 0.281239 , 0.226174 , 0.300275 , 0.47787 , 0.376767 , 0.452713 , 0.41921 , 0.435244 
 1042 , 0.219065 , 0.181274 , 0.279701 , 0.225529 , 0.298202 , 0.474613 , 0.374456 , 0.449551 , 0.418204 , 0.431365 
 1043 , 0.217706 , 0.180318 , 0.279319 , 0.225244 , 0.296773 , 0.473189 , 0.372819 , 0.447413 , 0.418405 , 0.42887 
 1044 , 0.216263 , 0.179487 , 0.279622 , 0.225112 , 0.295708 , 0.472871 , 0.371553 , 0.44583 , 0.419252 , 0.427202 
 1045 , 0.214941 , 0.178662 , 0.27924 , 0.224599 , 0.294378 , 0.472372 , 0.370389 , 0.444578 , 0.419277 , 0.42609 
 1046 , 0.213665 , 0.177821 , 0.277651 , 0.223608 , 0.29271 , 0.470589 , 0.368714 , 0.44307 , 0.418361 , 0.424795 
 1047 , 0.212322 , 0.176939 , 0.274465 , 0.222114 , 0.290668 , 0.466418 , 0.365841 , 0.4406 , 0.416565 , 0.422398 
 1048 , 0.210637 , 0.175868 , 0.271199 , 0.220343 , 0.288599 , 0.461722 , 0.362489 , 0.43784 , 0.414023 , 0.41965 
 1049 , 0.208361 , 0.174496 , 0.268029 , 0.218129 , 0.28661 , 0.456304 , 0.358455 , 0.43471 , 0.410093 , 0.416431 
 1050 , 0.206354 , 0.173661 , 0.266689 , 0.216561 , 0.284412 , 0.453287 , 0.357184 , 0.432946 , 0.406741 , 0.415173 
 1051 , 0.204257 , 0.172746 , 0.265278 , 0.214932 , 0.282057 , 0.450104 , 0.355844 , 0.43105 , 0.403179 , 0.413793 
 1052 , 0.202584 , 0.17138 , 0.26408 , 0.213929 , 0.279193 , 0.447062 , 0.354791 , 0.428727 , 0.399536 , 0.411782 
 1053 , 0.200516 , 0.169445 , 0.262067 , 0.212404 , 0.276706 , 0.444699 , 0.352654 , 0.427099 , 0.39564 , 0.408777 
 1054 , 0.198219 , 0.167221 , 0.259677 , 0.210621 , 0.274246 , 0.44247 , 0.350025 , 0.425648 , 0.39149 , 0.40528 
 1055 , 0.196034 , 0.164974 , 0.256618 , 0.207675 , 0.27202 , 0.440266 , 0.347098 , 0.423682 , 0.387248 , 0.401861 
 1056 , 0.19449 , 0.162823 , 0.253655 , 0.204774 , 0.269993 , 0.437721 , 0.344039 , 0.420784 , 0.383276 , 0.398448 
 1057 , 0.193687 , 0.160783 , 0.251029 , 0.202339 , 0.268105 , 0.434709 , 0.340906 , 0.416896 , 0.379621 , 0.394988 
 1058 , 0.192373 , 0.159192 , 0.248912 , 0.200281 , 0.266141 , 0.431377 , 0.337652 , 0.412596 , 0.376531 , 0.391147 
 1059 , 0.190312 , 0.15816 , 0.247157 , 0.198401 , 0.264068 , 0.427396 , 0.334278 , 0.407854 , 0.373894 , 0.386909 
 1060 , 0.187222 , 0.157236 , 0.244183 , 0.195114 , 0.261667 , 0.421659 , 0.330742 , 0.402896 , 0.370075 , 0.382488 
 1061 , 0.18414 , 0.156222 , 0.240817 , 0.191836 , 0.258985 , 0.415593 , 0.327149 , 0.397729 , 0.366004 , 0.378037 
 1062 , 0.18166 , 0.155085 , 0.236489 , 0.18915 , 0.255713 , 0.409293 , 0.324048 , 0.392708 , 0.361704 , 0.374344 
 1063 , 0.178907 , 0.153415 , 0.233366 , 0.187665 , 0.252414 , 0.405125 , 0.321253 , 0.389326 , 0.357736 , 0.370244 
 1064 , 0.175995 , 0.151587 , 0.230264 , 0.186274 , 0.248948 , 0.401052 , 0.318353 , 0.386003 , 0.35362 , 0.365894 
 1065 , 0.173753 , 0.147886 , 0.22795 , 0.183142 , 0.244705 , 0.396283 , 0.313854 , 0.381038 , 0.348377 , 0.359917 
 1066 , 0.17279 , 0.144143 , 0.226035 , 0.180057 , 0.240863 , 0.391982 , 0.309592 , 0.374851 , 0.344015 , 0.355924 
 1067 , 0.172709 , 0.140407 , 0.224301 , 0.177034 , 0.23726 , 0.387937 , 0.305491 , 0.367735 , 0.340253 , 0.353381 
 1068 , 0.171568 , 0.136622 , 0.222332 , 0.174374 , 0.233885 , 0.384194 , 0.301087 , 0.360682 , 0.337083 , 0.349721 
 1069 , 0.169251 , 0.132908 , 0.220146 , 0.171933 , 0.230857 , 0.380149 , 0.296359 , 0.354294 , 0.334138 , 0.34495 
 1070 , 0.165636 , 0.129441 , 0.217821 , 0.16952 , 0.228384 , 0.375017 , 0.29132 , 0.34946 , 0.330964 , 0.339134 
 1071 , 0.162059 , 0.126682 , 0.214106 , 0.167227 , 0.22605 , 0.369647 , 0.286333 , 0.344867 , 0.327189 , 0.3337 
 1072 , 0.158721 , 0.125382 , 0.208001 , 0.165286 , 0.224104 , 0.364125 , 0.281681 , 0.340991 , 0.322514 , 0.329276 
 1073 , 0.157584 , 0.125453 , 0.204366 , 0.16401 , 0.221993 , 0.361919 , 0.279056 , 0.339084 , 0.321295 , 0.326198 
 1074 , 0.156312 , 0.125465 , 0.200844 , 0.162617 , 0.219718 , 0.359469 , 0.276332 , 0.33705 , 0.31994 , 0.322972 
 1075 , 0.154161 , 0.124837 , 0.200866 , 0.160506 , 0.216491 , 0.355358 , 0.27381 , 0.334614 , 0.317749 , 0.319558 
 1076 , 0.150019 , 0.122473 , 0.198412 , 0.156969 , 0.211881 , 0.348542 , 0.269981 , 0.329707 , 0.311124 , 0.314562 
 1077 , 0.144953 , 0.119316 , 0.1948 , 0.152728 , 0.206534 , 0.340345 , 0.26542 , 0.323549 , 0.30246 , 0.308684 
 1078 , 0.140408 , 0.115139 , 0.190084 , 0.148526 , 0.200421 , 0.332825 , 0.260173 , 0.317738 , 0.293534 , 0.302056 
 1079 , 0.136284 , 0.110843 , 0.185005 , 0.14452 , 0.19436 , 0.325081 , 0.254407 , 0.311894 , 0.28515 , 0.294347 
 1080 , 0.132573 , 0.106754 , 0.179867 , 0.140798 , 0.188671 , 0.316896 , 0.248228 , 0.305967 , 0.277646 , 0.285527 
 1081 , 0.129168 , 0.102901 , 0.174004 , 0.136212 , 0.184053 , 0.308016 , 0.24116 , 0.298695 , 0.268987 , 0.276695 
 1082 , 0.126236 , 0.099484 , 0.16777 , 0.131169 , 0.180722 , 0.299293 , 0.233525 , 0.290577 , 0.259635 , 0.268496 
 1083 , 0.124428 , 0.097315 , 0.163325 , 0.12823 , 0.179047 , 0.295473 , 0.227443 , 0.285012 , 0.25253 , 0.264201 
 1084 , 0.12208 , 0.095326 , 0.159165 , 0.125626 , 0.177362 , 0.2914 , 0.221441 , 0.27917 , 0.245831 , 0.259603 
 1085 , 0.11819 , 0.094167 , 0.156339 , 0.124538 , 0.175878 , 0.287057 , 0.216225 , 0.273003 , 0.241119 , 0.254523 
 1086 , 0.113565 , 0.092636 , 0.153189 , 0.121217 , 0.173376 , 0.278161 , 0.21058 , 0.26573 , 0.235916 , 0.247897 
 1087 , 0.108674 , 0.090947 , 0.149808 , 0.1174 , 0.170524 , 0.268232 , 0.204611 , 0.257954 , 0.230356 , 0.240724 
 1088 , 0.104497 , 0.087686 , 0.144952 , 0.112114 , 0.164848 , 0.258691 , 0.199756 , 0.250308 , 0.224124 , 0.23417 
 1089 , 0.101376 , 0.08521 , 0.141053 , 0.108201 , 0.160219 , 0.253897 , 0.196655 , 0.245509 , 0.21913 , 0.22932 
 1090 , 0.099001 , 0.083349 , 0.137885 , 0.105308 , 0.156428 , 0.252687 , 0.194854 , 0.242838 , 0.215061 , 0.225712 
 1091 , 0.096779 , 0.080745 , 0.135533 , 0.102047 , 0.152041 , 0.250577 , 0.19164 , 0.23831 , 0.20877 , 0.219897 
 1092 , 0.094167 , 0.077068 , 0.133141 , 0.098111 , 0.146967 , 0.245529 , 0.18682 , 0.231162 , 0.200847 , 0.212274 
 1093 , 0.090354 , 0.07165 , 0.129572 , 0.092906 , 0.140842 , 0.234018 , 0.179605 , 0.219649 , 0.191486 , 0.202736 
 1094 , 0.086069 , 0.067406 , 0.125407 , 0.088202 , 0.134382 , 0.221618 , 0.171656 , 0.208016 , 0.183743 , 0.192806 
 1095 , 0.081185 , 0.064898 , 0.120467 , 0.084321 , 0.12758 , 0.208121 , 0.162807 , 0.196423 , 0.178622 , 0.182513 
 1096 , 0.079323 , 0.065603 , 0.118942 , 0.083596 , 0.124047 , 0.206079 , 0.159021 , 0.19382 , 0.178022 , 0.179028 
 1097 , 0.077286 , 0.066021 , 0.116868 , 0.082597 , 0.12027 , 0.203552 , 0.154921 , 0.190876 , 0.176754 , 0.175252 
 1098 , 0.075431 , 0.064832 , 0.112336 , 0.080708 , 0.116716 , 0.201132 , 0.150907 , 0.188966 , 0.172352 , 0.172753 
 1099 , 0.076046 , 0.06537 , 0.111385 , 0.081469 , 0.117469 , 0.203231 , 0.153487 , 0.191315 , 0.17439 , 0.17564 
 1100 , 0.077513 , 0.066495 , 0.111488 , 0.083158 , 0.119734 , 0.20681 , 0.158599 , 0.19513 , 0.178798 , 0.180524 
 1101 , 0.079109 , 0.064937 , 0.113366 , 0.08482 , 0.12161 , 0.208202 , 0.162251 , 0.197542 , 0.182148 , 0.182589 
 1102 , 0.078832 , 0.061208 , 0.112778 , 0.083793 , 0.120608 , 0.204266 , 0.160696 , 0.195637 , 0.181081 , 0.179954 
 1103 , 0.076172 , 0.055688 , 0.108673 , 0.079518 , 0.116129 , 0.19448 , 0.153047 , 0.188808 , 0.174785 , 0.172278 
 1104 , 0.07231 , 0.050775 , 0.103723 , 0.074607 , 0.111005 , 0.185627 , 0.14525 , 0.182071 , 0.16895 , 0.1656 
 1105 , 0.067915 , 0.046655 , 0.098857 , 0.069991 , 0.105975 , 0.178758 , 0.138261 , 0.176412 , 0.164425 , 0.160435 
 1106 , 0.066 , 0.044147 , 0.0983 , 0.069818 , 0.104467 , 0.178967 , 0.136574 , 0.176512 , 0.165246 , 0.159241 
 1107 , 0.064106 , 0.041696 , 0.097034 , 0.069208 , 0.102822 , 0.178194 , 0.133863 , 0.175374 , 0.162916 , 0.157364 
 1108 , 0.063531 , 0.040548 , 0.095273 , 0.068705 , 0.102354 , 0.176874 , 0.13035 , 0.172628 , 0.153811 , 0.155256 
 1109 , 0.063545 , 0.039625 , 0.094139 , 0.067844 , 0.102757 , 0.17738 , 0.127061 , 0.17237 , 0.146113 , 0.155508 
 1110 , 0.063113 , 0.038338 , 0.092215 , 0.066292 , 0.102556 , 0.176761 , 0.122704 , 0.17108 , 0.136641 , 0.154932 
 1111 , 0.061772 , 0.03929 , 0.090119 , 0.065548 , 0.102674 , 0.174163 , 0.119091 , 0.167697 , 0.133449 , 0.148944 
 1112 , 0.059859 , 0.040167 , 0.087343 , 0.06453 , 0.10241 , 0.170393 , 0.115888 , 0.163462 , 0.129015 , 0.142173 
 1113 , 0.057403 , 0.040922 , 0.083845 , 0.063136 , 0.10167 , 0.165353 , 0.112441 , 0.158116 , 0.123365 , 0.134282 
 1114 , 0.05391 , 0.039227 , 0.077111 , 0.058978 , 0.097948 , 0.15946 , 0.108415 , 0.152799 , 0.118712 , 0.127546 
 1115 , 0.05026 , 0.036691 , 0.069411 , 0.053811 , 0.093418 , 0.154242 , 0.104268 , 0.148402 , 0.115163 , 0.1218 
 1116 , 0.046984 , 0.034318 , 0.062005 , 0.04867 , 0.089435 , 0.15072 , 0.100178 , 0.145548 , 0.112814 , 0.116834 
 1117 , 0.043506 , 0.030767 , 0.057584 , 0.04354 , 0.08439 , 0.143683 , 0.094507 , 0.137874 , 0.105698 , 0.109463 
 1118 , 0.040199 , 0.026062 , 0.057565 , 0.038915 , 0.078706 , 0.13336 , 0.08758 , 0.125262 , 0.093466 , 0.100052 
 1119 , 0.036821 , 0.021338 , 0.057468 , 0.034231 , 0.073411 , 0.122059 , 0.080548 , 0.111167 , 0.080217 , 0.090203 
 1120 , 0.032646 , 0.016339 , 0.057315 , 0.029452 , 0.067876 , 0.110569 , 0.073076 , 0.097039 , 0.068197 , 0.079914 
 1121 , 0.02583 , 0.011217 , 0.058042 , 0.025279 , 0.063659 , 0.101151 , 0.065704 , 0.085169 , 0.063428 , 0.070166 
 1122 , 0.018883 , 0.00593 , 0.059018 , 0.021072 , 0.059277 , 0.09181 , 0.058282 , 0.073464 , 0.059097 , 0.060232 
 1123 , 0.011702 , 0.000488 , 0.059928 , 0.016711 , 0.054609 , 0.082068 , 0.050575 , 0.06139 , 0.054631 , 0.049932 
 1124 , 0.363194 , 0.357447 , 0.370826 , 0.359933 , 0.367653 , 0.371974 , 0.373648 , 0.371952 , 0.367829 , 0.366659 
 1125 , 0.432919 , 0.427719 , 0.432815 , 0.428486 , 0.430071 , 0.430167 , 0.437842 , 0.4342 , 0.430875 , 0.429477 
 1126 , 0.462735 , 0.457225 , 0.458533 , 0.458106 , 0.456537 , 0.45526 , 0.464859 , 0.460952 , 0.457481 , 0.456163 
 1127 , 0.472078 , 0.466054 , 0.466264 , 0.467681 , 0.46494 , 0.463401 , 0.473116 , 0.469547 , 0.465844 , 0.464423 
 1128 , 0.474611 , 0.468188 , 0.468072 , 0.470458 , 0.467612 , 0.465824 , 0.475144 , 0.472006 , 0.468261 , 0.466736 
 1129 , 0.475475 , 0.46925 , 0.468474 , 0.471159 , 0.470224 , 0.466584 , 0.475555 , 0.472611 , 0.469747 , 0.468315 
 1130 , 0.42864 , 0.423851 , 0.421456 , 0.423851 , 0.613027 , 0.419061 , 0.42864 , 0.426245 , 0.423851 , 0.421456 
