WSG1_00009.spu,WSG1_00008.spu,WSG1_00007.spu,WSG1_00006.spu,WSG1_00005.spu,
Wavelength,WSG1_00030.spu,WSG1_00031.spu,WSG1_00032.spu,WSG1_00033.spu,WSG1_00034.spu
  (nm),7/30/2018 ,7/30/2018 ,7/30/2018 ,7/30/2018 ,7/30/2018 
  time  ,15:49 PM,16:04 PM,16:15 PM,16:30 PM,16:41 PM
temp C,SW,SW,SW,SW,SW
,,,,,
 310 , 0 , 0 , 0 , 0 , 0 
 311 , 0 , 0 , 0 , 0 , 0 
 312 , 0 , 0 , 0 , 0 , 0 
 313 , 0 , 0 , 0 , 0 , 0 
 314 , 0 , 0 , 0 , 0 , 0 
 315 , 0 , 0 , 0 , 0 , 0 
 316 , 0 , 0 , 0 , 0 , 0 
 317 , 0 , 0 , 0 , 0 , 0 
 318 , 0 , 0 , 0 , 0 , 0 
 319 , 0 , 0 , 0 , 0 , 0 
 320 , 0 , 0 , 0 , 0 , 0 
 321 , 0 , 0 , 0 , 0 , 0 
 322 , 0 , 0 , 0 , 0 , 0 
 323 , 0 , 0 , 0 , 0 , 0 
 324 , 0 , 0 , 0 , 0 , 0 
 325 , 0 , 0 , 0 , 0 , 0 
 326 , 0 , 0 , 0 , 0 , 0 
 327 , 0 , 0 , 0 , 0 , 0 
 328 , 0 , 0 , 0 , 0 , 0 
 329 , 0 , 0 , 0 , 0 , 0 
 330 , 0 , 0 , 0 , 0 , 0 
 331 , 0 , 0 , 0 , 0 , 0 
 332 , 0 , 0 , 0 , 0 , 0 
 333 , 0 , 0 , 0 , 0 , 0 
 334 , 0 , 0 , 0 , 0 , 0 
 335 , 0 , 0 , 0 , 0 , 0 
 336 , 0 , 0 , 0 , 0 , 0 
 337 , 0 , 0 , 0 , 0 , 0 
 338 , 0 , 0 , 0 , 0 , 0 
 339 , 0 , 0 , 0 , 0 , 0 
 340 , 0 , 0 , 0 , 0 , 0 
 341 , 0 , 0 , 0 , 0 , 0 
 342 , 0.000349 , 0 , 0 , 0.000766 , 0 
 343 , 0.001064 , 0 , 0 , 0.002325 , 0 
 344 , 0.001709 , 0 , 0 , 0.003714 , 0 
 345 , 0.002354 , 0.000085 , 0.000094 , 0.004961 , 0.000086 
 346 , 0.003666 , 0.001208 , 0.001335 , 0.006078 , 0.001214 
 347 , 0.004794 , 0.002193 , 0.00241 , 0.007028 , 0.002186 
 348 , 0.005775 , 0.003064 , 0.003351 , 0.007845 , 0.00303 
 349 , 0.00633 , 0.003772 , 0.003905 , 0.008465 , 0.003603 
 350 , 0.006685 , 0.004368 , 0.004278 , 0.008972 , 0.004033 
 351 , 0.006987 , 0.004896 , 0.004604 , 0.009421 , 0.004407 
 352 , 0.007257 , 0.005312 , 0.004963 , 0.009815 , 0.004746 
 353 , 0.007521 , 0.00558 , 0.00544 , 0.010164 , 0.005082 
 354 , 0.007768 , 0.005822 , 0.005885 , 0.010485 , 0.005393 
 355 , 0.007999 , 0.006042 , 0.006301 , 0.010781 , 0.005682 
 356 , 0.008326 , 0.00638 , 0.006536 , 0.011151 , 0.005866 
 357 , 0.008643 , 0.00671 , 0.006746 , 0.011507 , 0.006037 
 358 , 0.008944 , 0.007026 , 0.006943 , 0.011844 , 0.006198 
 359 , 0.009234 , 0.007312 , 0.007249 , 0.012205 , 0.006609 
 360 , 0.009498 , 0.007559 , 0.007621 , 0.012564 , 0.007173 
 361 , 0.009733 , 0.007782 , 0.007967 , 0.012892 , 0.007694 
 362 , 0.009961 , 0.007989 , 0.008275 , 0.013186 , 0.008094 
 363 , 0.010247 , 0.00821 , 0.008512 , 0.013443 , 0.008153 
 364 , 0.010513 , 0.008417 , 0.008736 , 0.013685 , 0.008206 
 365 , 0.010762 , 0.008611 , 0.008947 , 0.01391 , 0.008255 
 366 , 0.010902 , 0.008717 , 0.009036 , 0.013977 , 0.008432 
 367 , 0.011018 , 0.008804 , 0.009098 , 0.014009 , 0.008633 
 368 , 0.01113 , 0.008888 , 0.009158 , 0.01404 , 0.008828 
 369 , 0.011201 , 0.00894 , 0.009183 , 0.014037 , 0.008891 
 370 , 0.011222 , 0.008956 , 0.00917 , 0.013994 , 0.008795 
 371 , 0.011245 , 0.008974 , 0.009162 , 0.013956 , 0.008696 
 372 , 0.011277 , 0.009 , 0.00916 , 0.013928 , 0.008617 
 373 , 0.0114 , 0.00908 , 0.009191 , 0.013938 , 0.008786 
 374 , 0.011529 , 0.009161 , 0.009224 , 0.013966 , 0.008959 
 375 , 0.011662 , 0.009243 , 0.00926 , 0.014009 , 0.009135 
 376 , 0.011729 , 0.009226 , 0.009274 , 0.01409 , 0.009162 
 377 , 0.011769 , 0.009173 , 0.009287 , 0.014176 , 0.009128 
 378 , 0.011809 , 0.009124 , 0.009304 , 0.014249 , 0.009094 
 379 , 0.011829 , 0.009058 , 0.009272 , 0.014288 , 0.00904 
 380 , 0.011809 , 0.00895 , 0.009126 , 0.014265 , 0.008952 
 381 , 0.011795 , 0.008837 , 0.008977 , 0.014243 , 0.008867 
 382 , 0.011782 , 0.00872 , 0.008823 , 0.014222 , 0.008782 
 383 , 0.011973 , 0.008865 , 0.009032 , 0.014371 , 0.008967 
 384 , 0.012163 , 0.009017 , 0.009252 , 0.014521 , 0.009155 
 385 , 0.012345 , 0.009166 , 0.009469 , 0.014665 , 0.00934 
 386 , 0.012679 , 0.009495 , 0.009737 , 0.015 , 0.009646 
 387 , 0.013097 , 0.009928 , 0.010027 , 0.015443 , 0.010018 
 388 , 0.013489 , 0.010335 , 0.010299 , 0.015858 , 0.010366 
 389 , 0.013822 , 0.010706 , 0.010537 , 0.016207 , 0.010674 
 390 , 0.014008 , 0.010992 , 0.010693 , 0.016391 , 0.010896 
 391 , 0.014183 , 0.011271 , 0.01084 , 0.016567 , 0.011106 
 392 , 0.014355 , 0.011533 , 0.010986 , 0.016735 , 0.011309 
 393 , 0.014664 , 0.011854 , 0.011314 , 0.017074 , 0.011607 
 394 , 0.014971 , 0.01216 , 0.011646 , 0.017414 , 0.011894 
 395 , 0.015252 , 0.012441 , 0.011956 , 0.017729 , 0.012163 
 396 , 0.015693 , 0.012807 , 0.012333 , 0.018164 , 0.01257 
 397 , 0.016257 , 0.013232 , 0.012754 , 0.018682 , 0.013088 
 398 , 0.016741 , 0.0136 , 0.013112 , 0.019128 , 0.013532 
 399 , 0.017163 , 0.013926 , 0.013441 , 0.019516 , 0.01391 
 400 , 0.017561 , 0.014285 , 0.013834 , 0.019836 , 0.014168 
 401 , 0.017907 , 0.014599 , 0.014186 , 0.020115 , 0.014401 
 402 , 0.018211 , 0.014875 , 0.014495 , 0.020368 , 0.014604 
 403 , 0.01847 , 0.01511 , 0.014736 , 0.020632 , 0.014865 
 404 , 0.018702 , 0.01532 , 0.014947 , 0.020893 , 0.015131 
 405 , 0.018916 , 0.015511 , 0.015139 , 0.021135 , 0.015385 
 406 , 0.019132 , 0.015683 , 0.015307 , 0.021351 , 0.015598 
 407 , 0.019355 , 0.015826 , 0.015435 , 0.021526 , 0.015771 
 408 , 0.019569 , 0.015956 , 0.015555 , 0.021696 , 0.015931 
 409 , 0.019762 , 0.016085 , 0.015668 , 0.02185 , 0.016078 
 410 , 0.020056 , 0.016326 , 0.01592 , 0.022146 , 0.016319 
 411 , 0.020325 , 0.016554 , 0.016153 , 0.022417 , 0.016548 
 412 , 0.020578 , 0.016768 , 0.016365 , 0.022671 , 0.016755 
 413 , 0.020835 , 0.016973 , 0.016557 , 0.022917 , 0.016961 
 414 , 0.021085 , 0.017161 , 0.01673 , 0.023155 , 0.017148 
 415 , 0.021327 , 0.017346 , 0.016889 , 0.023378 , 0.017327 
 416 , 0.021566 , 0.01754 , 0.017055 , 0.023592 , 0.017521 
 417 , 0.021803 , 0.017774 , 0.017243 , 0.023824 , 0.017754 
 418 , 0.022037 , 0.018 , 0.017422 , 0.024046 , 0.01798 
 419 , 0.022256 , 0.018217 , 0.017593 , 0.024253 , 0.018192 
 420 , 0.022604 , 0.018479 , 0.017877 , 0.024569 , 0.018498 
 421 , 0.022956 , 0.018733 , 0.018162 , 0.024889 , 0.018798 
 422 , 0.023287 , 0.01898 , 0.01844 , 0.0252 , 0.01909 
 423 , 0.023616 , 0.019224 , 0.018681 , 0.025473 , 0.019368 
 424 , 0.02394 , 0.019475 , 0.018897 , 0.025719 , 0.019632 
 425 , 0.024257 , 0.019713 , 0.019106 , 0.025965 , 0.019891 
 426 , 0.024581 , 0.019956 , 0.019313 , 0.026217 , 0.020155 
 427 , 0.024968 , 0.020201 , 0.019535 , 0.026526 , 0.020447 
 428 , 0.02535 , 0.020446 , 0.019743 , 0.026822 , 0.020733 
 429 , 0.025726 , 0.020684 , 0.019958 , 0.027124 , 0.02102 
 430 , 0.026155 , 0.02099 , 0.020289 , 0.027497 , 0.021401 
 431 , 0.026581 , 0.021306 , 0.020636 , 0.027881 , 0.021794 
 432 , 0.026998 , 0.021615 , 0.020976 , 0.028256 , 0.022172 
 433 , 0.027431 , 0.021916 , 0.021295 , 0.028623 , 0.02255 
 434 , 0.027882 , 0.022218 , 0.021595 , 0.029003 , 0.022922 
 435 , 0.02831 , 0.022511 , 0.021872 , 0.02936 , 0.023279 
 436 , 0.028724 , 0.022788 , 0.022147 , 0.029715 , 0.023621 
 437 , 0.029254 , 0.023169 , 0.022511 , 0.030174 , 0.024034 
 438 , 0.029765 , 0.02354 , 0.022858 , 0.030614 , 0.02443 
 439 , 0.030262 , 0.023895 , 0.023189 , 0.031045 , 0.024817 
 440 , 0.030771 , 0.024244 , 0.023528 , 0.031452 , 0.025242 
 441 , 0.03128 , 0.024582 , 0.02387 , 0.031845 , 0.025683 
 442 , 0.031775 , 0.024913 , 0.024197 , 0.032229 , 0.026111 
 443 , 0.032265 , 0.025238 , 0.024519 , 0.032613 , 0.026519 
 444 , 0.032739 , 0.02557 , 0.024834 , 0.033003 , 0.026912 
 445 , 0.033206 , 0.025894 , 0.025143 , 0.033392 , 0.027291 
 446 , 0.033666 , 0.026219 , 0.025443 , 0.033773 , 0.027669 
 447 , 0.034118 , 0.026513 , 0.025721 , 0.034132 , 0.02804 
 448 , 0.034559 , 0.02681 , 0.025988 , 0.034487 , 0.028405 
 449 , 0.035001 , 0.027107 , 0.026262 , 0.034835 , 0.02877 
 450 , 0.03543 , 0.027388 , 0.026519 , 0.035184 , 0.029127 
 451 , 0.035843 , 0.02766 , 0.026782 , 0.035524 , 0.029481 
 452 , 0.036263 , 0.027933 , 0.027046 , 0.035863 , 0.029828 
 453 , 0.036661 , 0.028207 , 0.027305 , 0.036202 , 0.030164 
 454 , 0.037017 , 0.028493 , 0.027553 , 0.036529 , 0.030458 
 455 , 0.037374 , 0.028771 , 0.027803 , 0.036864 , 0.030753 
 456 , 0.037738 , 0.029058 , 0.02806 , 0.037199 , 0.031055 
 457 , 0.038042 , 0.029253 , 0.028254 , 0.037459 , 0.031308 
 458 , 0.038338 , 0.029435 , 0.028451 , 0.037718 , 0.031569 
 459 , 0.038641 , 0.029624 , 0.028647 , 0.037978 , 0.031823 
 460 , 0.038924 , 0.029823 , 0.028832 , 0.038225 , 0.032067 
 461 , 0.039181 , 0.030049 , 0.029014 , 0.03846 , 0.032309 
 462 , 0.039439 , 0.030268 , 0.029189 , 0.038702 , 0.032542 
 463 , 0.039691 , 0.030487 , 0.029371 , 0.03894 , 0.032777 
 464 , 0.03991 , 0.030658 , 0.029527 , 0.039151 , 0.032971 
 465 , 0.040128 , 0.03083 , 0.029691 , 0.039362 , 0.033158 
 466 , 0.040348 , 0.031002 , 0.029848 , 0.039581 , 0.033353 
 467 , 0.040576 , 0.031171 , 0.03001 , 0.039795 , 0.033544 
 468 , 0.040794 , 0.031327 , 0.030166 , 0.040012 , 0.033731 
 469 , 0.041019 , 0.031491 , 0.030329 , 0.040223 , 0.033924 
 470 , 0.041246 , 0.031674 , 0.030484 , 0.04045 , 0.03412 
 471 , 0.041461 , 0.031871 , 0.030631 , 0.04068 , 0.034316 
 472 , 0.041683 , 0.032076 , 0.030785 , 0.04091 , 0.034505 
 473 , 0.041901 , 0.032272 , 0.03093 , 0.041143 , 0.034699 
 474 , 0.042068 , 0.032414 , 0.031082 , 0.041311 , 0.034853 
 475 , 0.042238 , 0.032564 , 0.031218 , 0.041474 , 0.035015 
 476 , 0.0424 , 0.032706 , 0.031362 , 0.041644 , 0.03517 
 477 , 0.042592 , 0.032863 , 0.031527 , 0.041844 , 0.035346 
 478 , 0.042791 , 0.03302 , 0.0317 , 0.042058 , 0.035537 
 479 , 0.042989 , 0.033184 , 0.031865 , 0.042272 , 0.03572 
 480 , 0.043177 , 0.033329 , 0.032024 , 0.04246 , 0.035887 
 481 , 0.043341 , 0.033459 , 0.032149 , 0.042603 , 0.036015 
 482 , 0.043511 , 0.03359 , 0.032274 , 0.042737 , 0.036142 
 483 , 0.043681 , 0.033719 , 0.032398 , 0.042879 , 0.036262 
 484 , 0.043781 , 0.033797 , 0.032477 , 0.042988 , 0.036365 
 485 , 0.043891 , 0.033878 , 0.032553 , 0.043106 , 0.036457 
 486 , 0.043992 , 0.033958 , 0.032634 , 0.043215 , 0.036555 
 487 , 0.044113 , 0.034063 , 0.032716 , 0.043325 , 0.03667 
 488 , 0.044247 , 0.034168 , 0.032805 , 0.043433 , 0.036795 
 489 , 0.044373 , 0.034281 , 0.032894 , 0.043533 , 0.036912 
 490 , 0.044525 , 0.03442 , 0.033005 , 0.043669 , 0.037059 
 491 , 0.044746 , 0.03464 , 0.033168 , 0.043872 , 0.037239 
 492 , 0.044959 , 0.034846 , 0.033332 , 0.044069 , 0.037418 
 493 , 0.045166 , 0.035052 , 0.033489 , 0.04426 , 0.037591 
 494 , 0.045306 , 0.035182 , 0.033618 , 0.044416 , 0.03772 
 495 , 0.045436 , 0.035312 , 0.033732 , 0.044562 , 0.037841 
 496 , 0.045565 , 0.035434 , 0.033846 , 0.044709 , 0.037962 
 497 , 0.045737 , 0.035604 , 0.033986 , 0.044841 , 0.038098 
 498 , 0.04594 , 0.035794 , 0.034139 , 0.044951 , 0.038233 
 499 , 0.046135 , 0.035983 , 0.034291 , 0.045053 , 0.03836 
 500 , 0.046341 , 0.036174 , 0.034447 , 0.045174 , 0.038503 
 501 , 0.046571 , 0.036365 , 0.034628 , 0.045338 , 0.038666 
 502 , 0.046801 , 0.036555 , 0.034804 , 0.045504 , 0.038823 
 503 , 0.047024 , 0.036746 , 0.034972 , 0.045663 , 0.03898 
 504 , 0.047314 , 0.036998 , 0.035231 , 0.04591 , 0.039204 
 505 , 0.04761 , 0.037258 , 0.035496 , 0.046171 , 0.039437 
 506 , 0.047893 , 0.037511 , 0.035754 , 0.046418 , 0.039664 
 507 , 0.048205 , 0.037793 , 0.036027 , 0.046653 , 0.039901 
 508 , 0.048538 , 0.038105 , 0.036308 , 0.046875 , 0.040142 
 509 , 0.048863 , 0.038409 , 0.036589 , 0.047097 , 0.040376 
 510 , 0.049195 , 0.03871 , 0.036871 , 0.047316 , 0.040615 
 511 , 0.049582 , 0.039031 , 0.037192 , 0.047569 , 0.040877 
 512 , 0.049972 , 0.039353 , 0.037506 , 0.047826 , 0.041133 
 513 , 0.05035 , 0.039668 , 0.037821 , 0.048076 , 0.041388 
 514 , 0.050774 , 0.040037 , 0.038201 , 0.048357 , 0.04168 
 515 , 0.051209 , 0.040418 , 0.038599 , 0.048647 , 0.041977 
 516 , 0.051644 , 0.0408 , 0.038991 , 0.04893 , 0.042268 
 517 , 0.05213 , 0.041226 , 0.039416 , 0.04926 , 0.042614 
 518 , 0.052678 , 0.041705 , 0.039877 , 0.049634 , 0.043008 
 519 , 0.053221 , 0.042177 , 0.040325 , 0.050002 , 0.043402 
 520 , 0.053755 , 0.042645 , 0.040777 , 0.050376 , 0.043792 
 521 , 0.054331 , 0.043143 , 0.041279 , 0.050784 , 0.044184 
 522 , 0.054899 , 0.043632 , 0.041764 , 0.051182 , 0.04458 
 523 , 0.055453 , 0.044108 , 0.042248 , 0.051572 , 0.044963 
 524 , 0.056076 , 0.044626 , 0.042754 , 0.052012 , 0.045423 
 525 , 0.056728 , 0.045153 , 0.043274 , 0.052471 , 0.045918 
 526 , 0.057373 , 0.045665 , 0.043786 , 0.052922 , 0.046399 
 527 , 0.057986 , 0.046171 , 0.044285 , 0.053353 , 0.046853 
 528 , 0.058572 , 0.046668 , 0.044795 , 0.053795 , 0.047269 
 529 , 0.059149 , 0.047164 , 0.04529 , 0.054229 , 0.047677 
 530 , 0.059722 , 0.047648 , 0.045774 , 0.05465 , 0.048087 
 531 , 0.06034 , 0.048148 , 0.046265 , 0.055112 , 0.048554 
 532 , 0.060946 , 0.048644 , 0.046747 , 0.055569 , 0.049017 
 533 , 0.061545 , 0.049127 , 0.047214 , 0.056024 , 0.04948 
 534 , 0.062067 , 0.049566 , 0.04765 , 0.056427 , 0.049892 
 535 , 0.062555 , 0.049978 , 0.048076 , 0.056819 , 0.050292 
 536 , 0.063035 , 0.050391 , 0.048495 , 0.057203 , 0.050684 
 537 , 0.063512 , 0.050796 , 0.048899 , 0.057574 , 0.051062 
 538 , 0.063963 , 0.051165 , 0.049266 , 0.057914 , 0.051425 
 539 , 0.064415 , 0.051541 , 0.049641 , 0.058253 , 0.051787 
 540 , 0.064866 , 0.051909 , 0.050009 , 0.058584 , 0.052142 
 541 , 0.065353 , 0.052309 , 0.050416 , 0.058966 , 0.052528 
 542 , 0.065851 , 0.052718 , 0.050832 , 0.059358 , 0.052923 
 543 , 0.066342 , 0.053119 , 0.051248 , 0.059749 , 0.053311 
 544 , 0.066848 , 0.053543 , 0.05165 , 0.060155 , 0.053706 
 545 , 0.067358 , 0.053976 , 0.052045 , 0.06057 , 0.054094 
 546 , 0.067869 , 0.054401 , 0.052432 , 0.060986 , 0.054483 
 547 , 0.068352 , 0.054803 , 0.052811 , 0.061372 , 0.054863 
 548 , 0.068771 , 0.05516 , 0.05316 , 0.061725 , 0.055213 
 549 , 0.069196 , 0.055523 , 0.053514 , 0.062076 , 0.05556 
 550 , 0.069612 , 0.055878 , 0.053869 , 0.062419 , 0.055908 
 551 , 0.07001 , 0.056208 , 0.054205 , 0.062755 , 0.056223 
 552 , 0.070407 , 0.056546 , 0.054544 , 0.063086 , 0.056546 
 553 , 0.070804 , 0.056876 , 0.054882 , 0.063418 , 0.056861 
 554 , 0.071128 , 0.057152 , 0.05515 , 0.063705 , 0.057136 
 555 , 0.071395 , 0.057392 , 0.055376 , 0.063957 , 0.057369 
 556 , 0.071663 , 0.057626 , 0.055596 , 0.06421 , 0.05761 
 557 , 0.071918 , 0.05786 , 0.055809 , 0.06445 , 0.057837 
 558 , 0.072133 , 0.058048 , 0.055977 , 0.064658 , 0.058017 
 559 , 0.072346 , 0.058234 , 0.056143 , 0.064864 , 0.058202 
 560 , 0.072566 , 0.058428 , 0.05631 , 0.065071 , 0.058389 
 561 , 0.072673 , 0.058532 , 0.056414 , 0.065216 , 0.058517 
 562 , 0.072767 , 0.058626 , 0.056517 , 0.065361 , 0.058642 
 563 , 0.072853 , 0.058728 , 0.056612 , 0.065505 , 0.058759 
 564 , 0.07293 , 0.058797 , 0.056674 , 0.065625 , 0.058859 
 565 , 0.073004 , 0.058861 , 0.05672 , 0.06573 , 0.058955 
 566 , 0.073077 , 0.058925 , 0.056764 , 0.065834 , 0.059049 
 567 , 0.073131 , 0.058978 , 0.056806 , 0.065942 , 0.059125 
 568 , 0.073133 , 0.058981 , 0.056794 , 0.066034 , 0.059158 
 569 , 0.073132 , 0.058993 , 0.056793 , 0.066132 , 0.059193 
 570 , 0.073136 , 0.059004 , 0.056782 , 0.066227 , 0.059233 
 571 , 0.073144 , 0.059021 , 0.056779 , 0.066319 , 0.059288 
 572 , 0.07315 , 0.059033 , 0.05678 , 0.066398 , 0.059336 
 573 , 0.073151 , 0.059047 , 0.056768 , 0.06648 , 0.059387 
 574 , 0.073145 , 0.059064 , 0.056767 , 0.066555 , 0.059424 
 575 , 0.073139 , 0.059071 , 0.056757 , 0.066631 , 0.059452 
 576 , 0.073127 , 0.05908 , 0.05675 , 0.066708 , 0.059481 
 577 , 0.07312 , 0.059092 , 0.056753 , 0.066789 , 0.05952 
 578 , 0.073137 , 0.059121 , 0.056769 , 0.066883 , 0.05957 
 579 , 0.073151 , 0.059154 , 0.05679 , 0.06698 , 0.05963 
 580 , 0.073167 , 0.059176 , 0.056807 , 0.067072 , 0.059679 
 581 , 0.073167 , 0.059203 , 0.056817 , 0.067152 , 0.059712 
 582 , 0.073149 , 0.059226 , 0.056819 , 0.06722 , 0.05974 
 583 , 0.073134 , 0.059244 , 0.056824 , 0.067283 , 0.059764 
 584 , 0.073123 , 0.059273 , 0.056835 , 0.067352 , 0.059792 
 585 , 0.073105 , 0.059298 , 0.056834 , 0.0674 , 0.059809 
 586 , 0.073091 , 0.059327 , 0.056839 , 0.067453 , 0.05983 
 587 , 0.073073 , 0.05936 , 0.056847 , 0.067509 , 0.059848 
 588 , 0.073098 , 0.059406 , 0.0569 , 0.067562 , 0.059894 
 589 , 0.073131 , 0.059457 , 0.056957 , 0.06762 , 0.059939 
 590 , 0.073165 , 0.059502 , 0.057007 , 0.067678 , 0.059984 
 591 , 0.073281 , 0.059637 , 0.057136 , 0.067796 , 0.060097 
 592 , 0.073424 , 0.059785 , 0.057277 , 0.067938 , 0.060232 
 593 , 0.073569 , 0.059944 , 0.057421 , 0.068076 , 0.06037 
 594 , 0.073709 , 0.060096 , 0.057563 , 0.068216 , 0.060501 
 595 , 0.073801 , 0.06022 , 0.057685 , 0.068318 , 0.060604 
 596 , 0.0739 , 0.060344 , 0.057799 , 0.068427 , 0.060706 
 597 , 0.073997 , 0.060473 , 0.057927 , 0.068534 , 0.060807 
 598 , 0.074149 , 0.060652 , 0.058096 , 0.068667 , 0.060957 
 599 , 0.074292 , 0.060828 , 0.058255 , 0.068799 , 0.061097 
 600 , 0.074437 , 0.061012 , 0.058423 , 0.068932 , 0.061237 
 601 , 0.074529 , 0.061136 , 0.058552 , 0.069011 , 0.061332 
 602 , 0.074595 , 0.061218 , 0.058668 , 0.069072 , 0.0614 
 603 , 0.074655 , 0.061308 , 0.058784 , 0.069134 , 0.061468 
 604 , 0.074713 , 0.061403 , 0.058884 , 0.069207 , 0.061534 
 605 , 0.074785 , 0.061499 , 0.05895 , 0.0693 , 0.061609 
 606 , 0.07485 , 0.061595 , 0.059016 , 0.069399 , 0.061676 
 607 , 0.074915 , 0.061692 , 0.059082 , 0.069491 , 0.061743 
 608 , 0.074954 , 0.061767 , 0.059143 , 0.069567 , 0.061811 
 609 , 0.074989 , 0.061841 , 0.059203 , 0.069639 , 0.061885 
 610 , 0.075023 , 0.061915 , 0.059263 , 0.069711 , 0.061952 
 611 , 0.075038 , 0.061963 , 0.059277 , 0.069782 , 0.062007 
 612 , 0.075044 , 0.061999 , 0.059272 , 0.069838 , 0.06205 
 613 , 0.075049 , 0.062027 , 0.059267 , 0.0699 , 0.062085 
 614 , 0.075064 , 0.062066 , 0.059268 , 0.069983 , 0.062132 
 615 , 0.075107 , 0.062097 , 0.059282 , 0.070086 , 0.062184 
 616 , 0.075147 , 0.062131 , 0.059292 , 0.070193 , 0.062233 
 617 , 0.075191 , 0.06217 , 0.059307 , 0.070304 , 0.062286 
 618 , 0.075209 , 0.062205 , 0.059335 , 0.070405 , 0.062328 
 619 , 0.075218 , 0.062242 , 0.059356 , 0.070497 , 0.062364 
 620 , 0.075233 , 0.062277 , 0.059382 , 0.070594 , 0.062406 
 621 , 0.075292 , 0.062332 , 0.059429 , 0.070712 , 0.062476 
 622 , 0.075365 , 0.062403 , 0.059484 , 0.070837 , 0.06256 
 623 , 0.075444 , 0.062464 , 0.059537 , 0.070968 , 0.06265 
 624 , 0.075535 , 0.062558 , 0.059607 , 0.07111 , 0.062757 
 625 , 0.075663 , 0.062686 , 0.059718 , 0.071271 , 0.062914 
 626 , 0.075793 , 0.062816 , 0.059829 , 0.071441 , 0.063065 
 627 , 0.075922 , 0.062945 , 0.059933 , 0.071603 , 0.063215 
 628 , 0.076037 , 0.063054 , 0.060041 , 0.071761 , 0.063317 
 629 , 0.07615 , 0.063167 , 0.060143 , 0.071915 , 0.063408 
 630 , 0.076263 , 0.063279 , 0.060244 , 0.072068 , 0.063506 
 631 , 0.076384 , 0.063403 , 0.060331 , 0.072203 , 0.063622 
 632 , 0.076497 , 0.063527 , 0.060408 , 0.07232 , 0.063738 
 633 , 0.076611 , 0.06365 , 0.060484 , 0.072444 , 0.063854 
 634 , 0.076706 , 0.063758 , 0.060545 , 0.072564 , 0.063976 
 635 , 0.076774 , 0.063813 , 0.060575 , 0.072684 , 0.064088 
 636 , 0.076839 , 0.063864 , 0.060606 , 0.072807 , 0.064202 
 637 , 0.076904 , 0.063922 , 0.060637 , 0.072924 , 0.064315 
 638 , 0.076904 , 0.063912 , 0.06059 , 0.072977 , 0.064369 
 639 , 0.0769 , 0.063893 , 0.060541 , 0.073034 , 0.064414 
 640 , 0.076896 , 0.063874 , 0.060492 , 0.073091 , 0.064466 
 641 , 0.076824 , 0.063794 , 0.060399 , 0.073097 , 0.064479 
 642 , 0.076721 , 0.063686 , 0.060287 , 0.073082 , 0.064477 
 643 , 0.076618 , 0.063578 , 0.060169 , 0.073061 , 0.064469 
 644 , 0.076502 , 0.06347 , 0.060049 , 0.073046 , 0.064462 
 645 , 0.076353 , 0.063362 , 0.059913 , 0.073026 , 0.064454 
 646 , 0.076215 , 0.063253 , 0.059771 , 0.07301 , 0.06444 
 647 , 0.076064 , 0.063145 , 0.059629 , 0.072996 , 0.064434 
 648 , 0.075955 , 0.06302 , 0.059505 , 0.072982 , 0.064432 
 649 , 0.075834 , 0.062884 , 0.059386 , 0.072971 , 0.064426 
 650 , 0.075713 , 0.062748 , 0.059261 , 0.072961 , 0.064421 
 651 , 0.075638 , 0.062663 , 0.059173 , 0.072984 , 0.064444 
 652 , 0.075592 , 0.062616 , 0.059108 , 0.073016 , 0.064484 
 653 , 0.075547 , 0.062561 , 0.05903 , 0.073055 , 0.064524 
 654 , 0.075497 , 0.062492 , 0.058949 , 0.073085 , 0.064553 
 655 , 0.075417 , 0.062385 , 0.05883 , 0.073121 , 0.064581 
 656 , 0.075338 , 0.062288 , 0.058718 , 0.073156 , 0.064599 
 657 , 0.075265 , 0.062183 , 0.058605 , 0.07319 , 0.064624 
 658 , 0.075211 , 0.062091 , 0.058494 , 0.073255 , 0.064675 
 659 , 0.075159 , 0.061999 , 0.058376 , 0.073312 , 0.064724 
 660 , 0.075109 , 0.061908 , 0.058258 , 0.07337 , 0.06478 
 661 , 0.075025 , 0.061781 , 0.058119 , 0.073401 , 0.064816 
 662 , 0.074918 , 0.061664 , 0.057989 , 0.073444 , 0.064847 
 663 , 0.074819 , 0.061554 , 0.057851 , 0.07348 , 0.064886 
 664 , 0.074722 , 0.06143 , 0.057726 , 0.073525 , 0.064921 
 665 , 0.074623 , 0.061291 , 0.057612 , 0.073596 , 0.064962 
 666 , 0.07453 , 0.061149 , 0.057511 , 0.073667 , 0.065008 
 667 , 0.074437 , 0.061007 , 0.057403 , 0.073738 , 0.065046 
 668 , 0.074432 , 0.060949 , 0.057339 , 0.073817 , 0.06511 
 669 , 0.074435 , 0.060893 , 0.057269 , 0.073891 , 0.065168 
 670 , 0.07443 , 0.060843 , 0.057206 , 0.073957 , 0.065226 
 671 , 0.074492 , 0.060846 , 0.057215 , 0.074075 , 0.065347 
 672 , 0.074598 , 0.060902 , 0.057284 , 0.07423 , 0.065515 
 673 , 0.07471 , 0.060958 , 0.057352 , 0.074385 , 0.065677 
 674 , 0.074846 , 0.061047 , 0.057452 , 0.074556 , 0.065852 
 675 , 0.075052 , 0.061244 , 0.05763 , 0.074761 , 0.066058 
 676 , 0.075262 , 0.061441 , 0.057808 , 0.074963 , 0.066269 
 677 , 0.07548 , 0.06163 , 0.057994 , 0.075173 , 0.066474 
 678 , 0.07578 , 0.061951 , 0.058303 , 0.07542 , 0.066711 
 679 , 0.076096 , 0.06227 , 0.058616 , 0.075675 , 0.066957 
 680 , 0.076414 , 0.0626 , 0.05894 , 0.075933 , 0.067207 
 681 , 0.076853 , 0.063096 , 0.059412 , 0.076226 , 0.067517 
 682 , 0.077374 , 0.063713 , 0.059983 , 0.076565 , 0.067877 
 683 , 0.077912 , 0.064347 , 0.060563 , 0.076912 , 0.068245 
 684 , 0.078554 , 0.065083 , 0.06126 , 0.077315 , 0.068664 
 685 , 0.079454 , 0.066088 , 0.062234 , 0.077861 , 0.069206 
 686 , 0.080366 , 0.067118 , 0.063233 , 0.078424 , 0.069762 
 687 , 0.081306 , 0.06816 , 0.06425 , 0.079002 , 0.070326 
 688 , 0.082718 , 0.069712 , 0.065746 , 0.079852 , 0.071202 
 689 , 0.084155 , 0.071284 , 0.067262 , 0.080723 , 0.072089 
 690 , 0.085591 , 0.072857 , 0.068786 , 0.081597 , 0.072987 
 691 , 0.087352 , 0.074704 , 0.070588 , 0.082653 , 0.074053 
 692 , 0.089286 , 0.076693 , 0.072541 , 0.083816 , 0.075214 
 693 , 0.091195 , 0.078664 , 0.074469 , 0.084964 , 0.076367 
 694 , 0.093204 , 0.0807 , 0.076478 , 0.086161 , 0.07758 
 695 , 0.095474 , 0.08295 , 0.078712 , 0.087501 , 0.078956 
 696 , 0.097717 , 0.085164 , 0.080916 , 0.088817 , 0.080313 
 697 , 0.099924 , 0.08735 , 0.083092 , 0.090122 , 0.081653 
 698 , 0.102447 , 0.089804 , 0.085569 , 0.091628 , 0.083212 
 699 , 0.104945 , 0.092234 , 0.088025 , 0.093129 , 0.084749 
 700 , 0.107409 , 0.094632 , 0.090448 , 0.094609 , 0.086265 
 701 , 0.110021 , 0.09713 , 0.092981 , 0.096187 , 0.087905 
 702 , 0.1127 , 0.099661 , 0.095572 , 0.09782 , 0.089605 
 703 , 0.115333 , 0.102161 , 0.098117 , 0.099428 , 0.091273 
 704 , 0.117949 , 0.104624 , 0.100645 , 0.101048 , 0.092956 
 705 , 0.120573 , 0.10708 , 0.103152 , 0.102743 , 0.094717 
 706 , 0.123175 , 0.109501 , 0.105635 , 0.10442 , 0.09645 
 707 , 0.12574 , 0.111895 , 0.108089 , 0.106076 , 0.098168 
 708 , 0.128201 , 0.114158 , 0.110418 , 0.10763 , 0.099811 
 709 , 0.130682 , 0.116425 , 0.112767 , 0.109204 , 0.101462 
 710 , 0.133165 , 0.118704 , 0.115127 , 0.110782 , 0.103124 
 711 , 0.135459 , 0.120835 , 0.117337 , 0.112262 , 0.104708 
 712 , 0.137706 , 0.122973 , 0.119528 , 0.113749 , 0.10631 
 713 , 0.140003 , 0.125156 , 0.121778 , 0.115271 , 0.107946 
 714 , 0.142328 , 0.127345 , 0.124053 , 0.116805 , 0.109609 
 715 , 0.144643 , 0.129481 , 0.12632 , 0.118317 , 0.111289 
 716 , 0.147049 , 0.131687 , 0.128682 , 0.119883 , 0.113036 
 717 , 0.14955 , 0.133981 , 0.131123 , 0.121517 , 0.114849 
 718 , 0.151929 , 0.136187 , 0.133474 , 0.123172 , 0.116647 
 719 , 0.154351 , 0.138435 , 0.135869 , 0.12486 , 0.118478 
 720 , 0.15683 , 0.14074 , 0.138321 , 0.126585 , 0.120353 
 721 , 0.159214 , 0.14297 , 0.140703 , 0.128269 , 0.122199 
 722 , 0.161537 , 0.145148 , 0.14304 , 0.129928 , 0.12402 
 723 , 0.16387 , 0.147336 , 0.14538 , 0.131597 , 0.125852 
 724 , 0.166188 , 0.149523 , 0.147708 , 0.133265 , 0.127671 
 725 , 0.168412 , 0.151649 , 0.149966 , 0.134914 , 0.129424 
 726 , 0.17062 , 0.153747 , 0.152191 , 0.136531 , 0.131159 
 727 , 0.172807 , 0.155832 , 0.154412 , 0.138143 , 0.132882 
 728 , 0.174872 , 0.157793 , 0.156506 , 0.139683 , 0.134554 
 729 , 0.176884 , 0.159703 , 0.158528 , 0.141183 , 0.136184 
 730 , 0.178854 , 0.16157 , 0.160515 , 0.142647 , 0.137779 
 731 , 0.180726 , 0.163335 , 0.16238 , 0.144056 , 0.139295 
 732 , 0.182498 , 0.16501 , 0.164168 , 0.145403 , 0.140749 
 733 , 0.184225 , 0.166648 , 0.165926 , 0.14672 , 0.142174 
 734 , 0.185866 , 0.168209 , 0.167614 , 0.147979 , 0.143529 
 735 , 0.187407 , 0.169684 , 0.169231 , 0.149159 , 0.144812 
 736 , 0.188929 , 0.171148 , 0.170825 , 0.150331 , 0.146079 
 737 , 0.19042 , 0.172581 , 0.172394 , 0.151477 , 0.147318 
 738 , 0.191706 , 0.173858 , 0.173735 , 0.152499 , 0.148424 
 739 , 0.192991 , 0.175121 , 0.175056 , 0.153523 , 0.149548 
 740 , 0.19427 , 0.17637 , 0.17637 , 0.154532 , 0.150659 
 741 , 0.19545 , 0.177485 , 0.177536 , 0.155433 , 0.151661 
 742 , 0.196596 , 0.178617 , 0.178741 , 0.156355 , 0.152642 
 743 , 0.197744 , 0.179751 , 0.179948 , 0.157277 , 0.153617 
 744 , 0.198826 , 0.180845 , 0.181072 , 0.158186 , 0.154544 
 745 , 0.19982 , 0.181857 , 0.182034 , 0.159035 , 0.155376 
 746 , 0.200824 , 0.182878 , 0.182996 , 0.159882 , 0.156218 
 747 , 0.201832 , 0.183891 , 0.183957 , 0.160727 , 0.157056 
 748 , 0.202689 , 0.184794 , 0.184787 , 0.161402 , 0.157755 
 749 , 0.203553 , 0.18571 , 0.185628 , 0.162094 , 0.158472 
 750 , 0.204439 , 0.186654 , 0.18649 , 0.162799 , 0.159209 
 751 , 0.205087 , 0.187383 , 0.187127 , 0.163366 , 0.159757 
 752 , 0.205688 , 0.188074 , 0.187719 , 0.163917 , 0.160272 
 753 , 0.206325 , 0.1888 , 0.188346 , 0.164492 , 0.16081 
 754 , 0.206841 , 0.189353 , 0.188865 , 0.164904 , 0.161262 
 755 , 0.207175 , 0.189655 , 0.1892 , 0.165065 , 0.161579 
 756 , 0.207544 , 0.18999 , 0.189587 , 0.165246 , 0.161934 
 757 , 0.207957 , 0.190374 , 0.190007 , 0.165451 , 0.162331 
 758 , 0.208458 , 0.190832 , 0.190489 , 0.165685 , 0.162806 
 759 , 0.208995 , 0.191319 , 0.190988 , 0.16593 , 0.163294 
 760 , 0.209572 , 0.191857 , 0.191531 , 0.166197 , 0.163838 
 761 , 0.210485 , 0.192808 , 0.19239 , 0.166898 , 0.164579 
 762 , 0.211399 , 0.193798 , 0.193279 , 0.167646 , 0.165304 
 763 , 0.212303 , 0.194789 , 0.194159 , 0.168385 , 0.166028 
 764 , 0.213289 , 0.1959 , 0.195132 , 0.169272 , 0.166814 
 765 , 0.214284 , 0.197087 , 0.19613 , 0.170266 , 0.167593 
 766 , 0.215195 , 0.198171 , 0.197035 , 0.171185 , 0.168306 
 767 , 0.216056 , 0.199184 , 0.19789 , 0.17204 , 0.168977 
 768 , 0.216918 , 0.200147 , 0.198753 , 0.172853 , 0.169641 
 769 , 0.217712 , 0.20105 , 0.199575 , 0.173605 , 0.170253 
 770 , 0.218472 , 0.201903 , 0.200353 , 0.174321 , 0.170836 
 771 , 0.219134 , 0.202663 , 0.201043 , 0.174904 , 0.17138 
 772 , 0.219825 , 0.203458 , 0.201758 , 0.175497 , 0.171974 
 773 , 0.220501 , 0.20424 , 0.202467 , 0.176077 , 0.172547 
 774 , 0.22109 , 0.204923 , 0.203108 , 0.176591 , 0.173068 
 775 , 0.221579 , 0.205501 , 0.20367 , 0.177032 , 0.173532 
 776 , 0.222072 , 0.206063 , 0.204235 , 0.177457 , 0.173989 
 777 , 0.222565 , 0.206628 , 0.204796 , 0.177896 , 0.174442 
 778 , 0.223119 , 0.207233 , 0.205345 , 0.178337 , 0.174898 
 779 , 0.223687 , 0.207875 , 0.205914 , 0.178799 , 0.175372 
 780 , 0.22426 , 0.208529 , 0.206479 , 0.179265 , 0.175849 
 781 , 0.224792 , 0.209161 , 0.206978 , 0.179698 , 0.176277 
 782 , 0.225299 , 0.209778 , 0.207469 , 0.180117 , 0.176681 
 783 , 0.225821 , 0.210411 , 0.20796 , 0.180553 , 0.177093 
 784 , 0.226327 , 0.211033 , 0.208437 , 0.180968 , 0.177512 
 785 , 0.226841 , 0.21163 , 0.208899 , 0.181375 , 0.177925 
 786 , 0.22736 , 0.212249 , 0.209369 , 0.18179 , 0.17835 
 787 , 0.227893 , 0.212858 , 0.209853 , 0.182213 , 0.178782 
 788 , 0.228391 , 0.213426 , 0.210328 , 0.182645 , 0.179176 
 789 , 0.228892 , 0.213995 , 0.210795 , 0.183068 , 0.179592 
 790 , 0.229413 , 0.214585 , 0.211276 , 0.183503 , 0.180021 
 791 , 0.229924 , 0.215181 , 0.211806 , 0.183933 , 0.180463 
 792 , 0.230415 , 0.21579 , 0.21233 , 0.184362 , 0.180886 
 793 , 0.230927 , 0.216404 , 0.212875 , 0.184796 , 0.181315 
 794 , 0.231503 , 0.217059 , 0.213408 , 0.185265 , 0.18174 
 795 , 0.232128 , 0.217728 , 0.21393 , 0.185735 , 0.182165 
 796 , 0.232763 , 0.218404 , 0.214449 , 0.186224 , 0.182591 
 797 , 0.233381 , 0.219077 , 0.214973 , 0.186703 , 0.183031 
 798 , 0.233909 , 0.219706 , 0.215477 , 0.187126 , 0.183477 
 799 , 0.234438 , 0.220327 , 0.215995 , 0.187555 , 0.183929 
 800 , 0.234983 , 0.220965 , 0.216523 , 0.187985 , 0.184382 
 801 , 0.235463 , 0.221572 , 0.21696 , 0.188391 , 0.184737 
 802 , 0.235888 , 0.222136 , 0.217348 , 0.188759 , 0.185056 
 803 , 0.236318 , 0.222722 , 0.217749 , 0.189132 , 0.185386 
 804 , 0.236684 , 0.223219 , 0.218093 , 0.18945 , 0.185699 
 805 , 0.23709 , 0.223737 , 0.218465 , 0.189803 , 0.186036 
 806 , 0.237538 , 0.224292 , 0.218869 , 0.19018 , 0.186398 
 807 , 0.237951 , 0.224798 , 0.219237 , 0.190512 , 0.186725 
 808 , 0.238281 , 0.2252 , 0.219517 , 0.190738 , 0.186976 
 809 , 0.238647 , 0.225648 , 0.219851 , 0.191003 , 0.187261 
 810 , 0.239034 , 0.226115 , 0.220211 , 0.19128 , 0.187559 
 811 , 0.239354 , 0.226536 , 0.220527 , 0.191535 , 0.187864 
 812 , 0.239635 , 0.226941 , 0.22078 , 0.191748 , 0.188137 
 813 , 0.239941 , 0.227369 , 0.221039 , 0.191977 , 0.188433 
 814 , 0.240394 , 0.227875 , 0.221392 , 0.1923 , 0.188758 
 815 , 0.24085 , 0.228366 , 0.221762 , 0.192631 , 0.189069 
 816 , 0.241307 , 0.228855 , 0.222136 , 0.192968 , 0.18938 
 817 , 0.241798 , 0.229434 , 0.222573 , 0.19336 , 0.189747 
 818 , 0.242334 , 0.230136 , 0.223082 , 0.193819 , 0.190182 
 819 , 0.242892 , 0.230832 , 0.223579 , 0.194281 , 0.19061 
 820 , 0.243452 , 0.231549 , 0.224089 , 0.194752 , 0.191046 
 821 , 0.244043 , 0.232215 , 0.224712 , 0.195239 , 0.19156 
 822 , 0.244563 , 0.232843 , 0.225301 , 0.195697 , 0.192059 
 823 , 0.245082 , 0.233469 , 0.225889 , 0.196163 , 0.192558 
 824 , 0.245606 , 0.234115 , 0.22645 , 0.196633 , 0.193009 
 825 , 0.24617 , 0.234727 , 0.22697 , 0.197068 , 0.193398 
 826 , 0.246749 , 0.235343 , 0.227493 , 0.197492 , 0.193784 
 827 , 0.247316 , 0.235932 , 0.227987 , 0.197892 , 0.19414 
 828 , 0.247822 , 0.236478 , 0.228447 , 0.198275 , 0.194472 
 829 , 0.248266 , 0.237044 , 0.228907 , 0.198655 , 0.194807 
 830 , 0.248719 , 0.237612 , 0.229364 , 0.199044 , 0.195152 
 831 , 0.249298 , 0.23831 , 0.229894 , 0.199493 , 0.19554 
 832 , 0.249911 , 0.23899 , 0.230421 , 0.199962 , 0.195921 
 833 , 0.250523 , 0.239669 , 0.230948 , 0.200423 , 0.196293 
 834 , 0.251128 , 0.240397 , 0.231547 , 0.200973 , 0.196747 
 835 , 0.251765 , 0.241139 , 0.232161 , 0.20151 , 0.197192 
 836 , 0.252399 , 0.241871 , 0.232773 , 0.202033 , 0.197631 
 837 , 0.252978 , 0.242539 , 0.233324 , 0.202505 , 0.198028 
 838 , 0.253461 , 0.243106 , 0.233785 , 0.202919 , 0.198368 
 839 , 0.253915 , 0.243666 , 0.234243 , 0.20333 , 0.198713 
 840 , 0.254372 , 0.244221 , 0.234699 , 0.20373 , 0.199051 
 841 , 0.25487 , 0.244769 , 0.235155 , 0.204129 , 0.199385 
 842 , 0.255388 , 0.245354 , 0.235642 , 0.204538 , 0.199728 
 843 , 0.255923 , 0.245941 , 0.236123 , 0.204958 , 0.200077 
 844 , 0.256398 , 0.246509 , 0.236534 , 0.205295 , 0.200425 
 845 , 0.256876 , 0.247041 , 0.236957 , 0.205627 , 0.200799 
 846 , 0.257364 , 0.247586 , 0.237387 , 0.205974 , 0.20119 
 847 , 0.257793 , 0.248059 , 0.237805 , 0.206298 , 0.20152 
 848 , 0.258179 , 0.248506 , 0.238229 , 0.206597 , 0.201812 
 849 , 0.25858 , 0.24899 , 0.238673 , 0.206908 , 0.202093 
 850 , 0.259012 , 0.249494 , 0.239127 , 0.207231 , 0.202391 
 851 , 0.259503 , 0.250051 , 0.239561 , 0.20759 , 0.202722 
 852 , 0.260021 , 0.250616 , 0.239982 , 0.207981 , 0.20306 
 853 , 0.26055 , 0.251185 , 0.240408 , 0.208387 , 0.203405 
 854 , 0.260984 , 0.25169 , 0.240763 , 0.208775 , 0.20367 
 855 , 0.261323 , 0.252187 , 0.241123 , 0.209121 , 0.203909 
 856 , 0.261669 , 0.252683 , 0.241484 , 0.209467 , 0.204157 
 857 , 0.261991 , 0.253179 , 0.24182 , 0.209766 , 0.204376 
 858 , 0.262342 , 0.253652 , 0.242143 , 0.210041 , 0.204586 
 859 , 0.262719 , 0.254115 , 0.242468 , 0.210321 , 0.204797 
 860 , 0.263096 , 0.254555 , 0.242783 , 0.210593 , 0.205011 
 861 , 0.26343 , 0.254931 , 0.243092 , 0.210808 , 0.205218 
 862 , 0.263756 , 0.255348 , 0.243416 , 0.21103 , 0.205425 
 863 , 0.264089 , 0.255772 , 0.24374 , 0.211253 , 0.20564 
 864 , 0.264457 , 0.256173 , 0.244015 , 0.211545 , 0.205842 
 865 , 0.264832 , 0.256554 , 0.244277 , 0.211848 , 0.20604 
 866 , 0.265214 , 0.25695 , 0.244545 , 0.212156 , 0.206235 
 867 , 0.265571 , 0.257422 , 0.244828 , 0.21242 , 0.206462 
 868 , 0.265914 , 0.257934 , 0.245157 , 0.212649 , 0.206725 
 869 , 0.266258 , 0.258458 , 0.245497 , 0.212872 , 0.207009 
 870 , 0.266579 , 0.258945 , 0.2458 , 0.213089 , 0.20728 
 871 , 0.266853 , 0.259346 , 0.246006 , 0.213311 , 0.207532 
 872 , 0.267161 , 0.259733 , 0.246217 , 0.213556 , 0.20779 
 873 , 0.267466 , 0.26014 , 0.24643 , 0.213801 , 0.20804 
 874 , 0.267731 , 0.260502 , 0.246619 , 0.214002 , 0.208226 
 875 , 0.268009 , 0.260868 , 0.246817 , 0.214233 , 0.208402 
 876 , 0.26829 , 0.261245 , 0.247025 , 0.214465 , 0.20857 
 877 , 0.268635 , 0.261633 , 0.247289 , 0.214752 , 0.208732 
 878 , 0.269031 , 0.262071 , 0.247593 , 0.215044 , 0.208912 
 879 , 0.269438 , 0.262527 , 0.247913 , 0.215335 , 0.209106 
 880 , 0.269808 , 0.262984 , 0.248187 , 0.215609 , 0.20929 
 881 , 0.270093 , 0.263414 , 0.248408 , 0.215826 , 0.209436 
 882 , 0.270372 , 0.263858 , 0.248642 , 0.216019 , 0.209575 
 883 , 0.270662 , 0.264312 , 0.248888 , 0.216215 , 0.209731 
 884 , 0.270996 , 0.264831 , 0.249192 , 0.216404 , 0.209973 
 885 , 0.271353 , 0.2654 , 0.249539 , 0.216697 , 0.210243 
 886 , 0.271722 , 0.265998 , 0.249906 , 0.216992 , 0.210522 
 887 , 0.271896 , 0.266337 , 0.250062 , 0.217158 , 0.210636 
 888 , 0.272106 , 0.266646 , 0.25016 , 0.217293 , 0.210771 
 889 , 0.27235 , 0.266977 , 0.250264 , 0.21744 , 0.210925 
 890 , 0.27251 , 0.267213 , 0.250255 , 0.217503 , 0.211019 
 891 , 0.2726 , 0.267388 , 0.250199 , 0.217534 , 0.211065 
 892 , 0.272703 , 0.267608 , 0.250196 , 0.217596 , 0.211129 
 893 , 0.272791 , 0.267815 , 0.250161 , 0.217651 , 0.211171 
 894 , 0.272793 , 0.267925 , 0.250025 , 0.217658 , 0.211109 
 895 , 0.272805 , 0.26803 , 0.249844 , 0.217642 , 0.211013 
 896 , 0.27281 , 0.268152 , 0.249644 , 0.217625 , 0.210906 
 897 , 0.272991 , 0.268488 , 0.249693 , 0.217582 , 0.210896 
 898 , 0.273059 , 0.268721 , 0.249716 , 0.217442 , 0.210848 
 899 , 0.273115 , 0.268963 , 0.249722 , 0.217293 , 0.210791 
 900 , 0.273205 , 0.26929 , 0.249811 , 0.21728 , 0.210846 
 901 , 0.273412 , 0.2698 , 0.250001 , 0.217444 , 0.211013 
 902 , 0.27369 , 0.270412 , 0.250231 , 0.217646 , 0.211217 
 903 , 0.273931 , 0.270947 , 0.250427 , 0.217845 , 0.211385 
 904 , 0.274072 , 0.271247 , 0.25053 , 0.217978 , 0.211446 
 905 , 0.274192 , 0.271486 , 0.250585 , 0.218091 , 0.211473 
 906 , 0.274309 , 0.271739 , 0.250645 , 0.2182 , 0.211513 
 907 , 0.274317 , 0.271799 , 0.250617 , 0.218319 , 0.211637 
 908 , 0.274342 , 0.271861 , 0.250578 , 0.218475 , 0.211789 
 909 , 0.27437 , 0.27192 , 0.250535 , 0.218642 , 0.211951 
 910 , 0.27453 , 0.272131 , 0.250613 , 0.21885 , 0.212049 
 911 , 0.274719 , 0.272405 , 0.250754 , 0.219033 , 0.212098 
 912 , 0.274904 , 0.272676 , 0.250904 , 0.219202 , 0.212148 
 913 , 0.275205 , 0.273072 , 0.251073 , 0.219413 , 0.212232 
 914 , 0.27568 , 0.273645 , 0.251267 , 0.219681 , 0.212368 
 915 , 0.276121 , 0.274155 , 0.251466 , 0.219957 , 0.212485 
 916 , 0.276565 , 0.274669 , 0.25169 , 0.220243 , 0.212635 
 917 , 0.27707 , 0.27526 , 0.252274 , 0.220667 , 0.21312 
 918 , 0.277646 , 0.275978 , 0.252768 , 0.221149 , 0.2136 
 919 , 0.278233 , 0.276692 , 0.253259 , 0.221643 , 0.214085 
 920 , 0.278392 , 0.276855 , 0.253146 , 0.221658 , 0.213998 
 921 , 0.278484 , 0.276916 , 0.253043 , 0.221538 , 0.213835 
 922 , 0.278599 , 0.277007 , 0.25299 , 0.221424 , 0.213692 
 923 , 0.27837 , 0.276787 , 0.252637 , 0.221073 , 0.21327 
 924 , 0.277789 , 0.276234 , 0.251907 , 0.220471 , 0.212523 
 925 , 0.277267 , 0.275689 , 0.251095 , 0.21986 , 0.211698 
 926 , 0.276684 , 0.275011 , 0.250144 , 0.219149 , 0.210783 
 927 , 0.276017 , 0.273924 , 0.248833 , 0.218159 , 0.209736 
 928 , 0.275002 , 0.272508 , 0.247251 , 0.216938 , 0.208485 
 929 , 0.273775 , 0.270796 , 0.245322 , 0.215467 , 0.206975 
 930 , 0.272359 , 0.26929 , 0.243492 , 0.213846 , 0.205593 
 931 , 0.270716 , 0.267672 , 0.241386 , 0.212003 , 0.204069 
 932 , 0.268727 , 0.2657 , 0.238806 , 0.209763 , 0.202216 
 933 , 0.267049 , 0.264124 , 0.236865 , 0.207926 , 0.200693 
 934 , 0.265729 , 0.262894 , 0.235574 , 0.206561 , 0.199529 
 935 , 0.264185 , 0.261383 , 0.234047 , 0.204981 , 0.198188 
 936 , 0.263058 , 0.260277 , 0.232756 , 0.203704 , 0.197121 
 937 , 0.263426 , 0.260621 , 0.23252 , 0.203631 , 0.197129 
 938 , 0.263762 , 0.260861 , 0.232162 , 0.203488 , 0.197072 
 939 , 0.264115 , 0.261109 , 0.231796 , 0.203331 , 0.197025 
 940 , 0.263835 , 0.26091 , 0.231244 , 0.203464 , 0.196839 
 941 , 0.263454 , 0.260538 , 0.230407 , 0.203201 , 0.196404 
 942 , 0.263057 , 0.260139 , 0.229524 , 0.202885 , 0.195942 
 943 , 0.262731 , 0.25937 , 0.228894 , 0.202555 , 0.195386 
 944 , 0.2622 , 0.258695 , 0.228576 , 0.20233 , 0.194848 
 945 , 0.261484 , 0.258191 , 0.22839 , 0.202187 , 0.194342 
 946 , 0.261045 , 0.257804 , 0.228138 , 0.202026 , 0.193863 
 947 , 0.261223 , 0.25749 , 0.227703 , 0.201896 , 0.193464 
 948 , 0.261799 , 0.256887 , 0.22706 , 0.20189 , 0.193145 
 949 , 0.262369 , 0.256338 , 0.22645 , 0.201935 , 0.192889 
 950 , 0.262888 , 0.256406 , 0.226202 , 0.202655 , 0.193301 
 951 , 0.263184 , 0.256354 , 0.226059 , 0.203026 , 0.193485 
 952 , 0.263474 , 0.25631 , 0.225915 , 0.203389 , 0.193669 
 953 , 0.26476 , 0.257124 , 0.226835 , 0.204349 , 0.19471 
 954 , 0.266125 , 0.258151 , 0.227773 , 0.205497 , 0.195905 
 955 , 0.267373 , 0.25914 , 0.228575 , 0.206649 , 0.197029 
 956 , 0.268472 , 0.259824 , 0.229266 , 0.207657 , 0.197874 
 957 , 0.269487 , 0.2604 , 0.229954 , 0.208633 , 0.198495 
 958 , 0.270562 , 0.261264 , 0.230822 , 0.209732 , 0.199199 
 959 , 0.271582 , 0.262154 , 0.231684 , 0.210746 , 0.199893 
 960 , 0.272486 , 0.263234 , 0.232639 , 0.211524 , 0.200652 
 961 , 0.273261 , 0.263648 , 0.233374 , 0.212012 , 0.201272 
 962 , 0.273985 , 0.264034 , 0.234063 , 0.212472 , 0.20185 
 963 , 0.274941 , 0.264752 , 0.235059 , 0.213584 , 0.202756 
 964 , 0.275713 , 0.26552 , 0.235943 , 0.214634 , 0.203463 
 965 , 0.27638 , 0.266265 , 0.23675 , 0.215596 , 0.204083 
 966 , 0.277234 , 0.267055 , 0.2374 , 0.216509 , 0.204574 
 967 , 0.278242 , 0.267882 , 0.237935 , 0.217374 , 0.205121 
 968 , 0.279269 , 0.268675 , 0.238443 , 0.218198 , 0.205782 
 969 , 0.280004 , 0.269297 , 0.238831 , 0.218806 , 0.206413 
 970 , 0.280124 , 0.269588 , 0.238993 , 0.219009 , 0.206978 
 971 , 0.280207 , 0.270064 , 0.239319 , 0.219334 , 0.207477 
 972 , 0.280293 , 0.270534 , 0.239644 , 0.219657 , 0.207959 
 973 , 0.28041 , 0.270787 , 0.239738 , 0.219994 , 0.208141 
 974 , 0.280699 , 0.27088 , 0.239772 , 0.220224 , 0.208321 
 975 , 0.281008 , 0.270943 , 0.239786 , 0.220442 , 0.208505 
 976 , 0.281659 , 0.271408 , 0.240208 , 0.22075 , 0.208967 
 977 , 0.282347 , 0.272056 , 0.240789 , 0.221198 , 0.20958 
 978 , 0.282967 , 0.272722 , 0.241368 , 0.221722 , 0.210217 
 979 , 0.283586 , 0.273359 , 0.242103 , 0.222371 , 0.210775 
 980 , 0.284201 , 0.273939 , 0.24303 , 0.223151 , 0.211161 
 981 , 0.284835 , 0.274467 , 0.243944 , 0.223773 , 0.211421 
 982 , 0.28541 , 0.274957 , 0.24479 , 0.224311 , 0.21162 
 983 , 0.28559 , 0.275208 , 0.245279 , 0.224224 , 0.211422 
 984 , 0.285807 , 0.275508 , 0.245772 , 0.224209 , 0.211358 
 985 , 0.286021 , 0.275799 , 0.246266 , 0.224199 , 0.211285 
 986 , 0.286309 , 0.276212 , 0.246388 , 0.224188 , 0.211295 
 987 , 0.28658 , 0.276595 , 0.246345 , 0.224167 , 0.211295 
 988 , 0.286838 , 0.276949 , 0.246242 , 0.224127 , 0.211272 
 989 , 0.286891 , 0.277207 , 0.246081 , 0.224064 , 0.21119 
 990 , 0.286799 , 0.277481 , 0.245964 , 0.224001 , 0.211072 
 991 , 0.286749 , 0.277919 , 0.246027 , 0.223977 , 0.211006 
 992 , 0.28668 , 0.278337 , 0.246153 , 0.223994 , 0.210978 
 993 , 0.286589 , 0.278637 , 0.246457 , 0.22415 , 0.211075 
 994 , 0.28661 , 0.278942 , 0.246764 , 0.22441 , 0.211126 
 995 , 0.286638 , 0.279255 , 0.247079 , 0.224686 , 0.211184 
 996 , 0.286856 , 0.279484 , 0.247492 , 0.22488 , 0.2112 
 997 , 0.287126 , 0.279734 , 0.247937 , 0.225119 , 0.211286 
 998 , 0.287421 , 0.279982 , 0.248407 , 0.225376 , 0.211385 
 999 , 0.287585 , 0.280298 , 0.248685 , 0.225539 , 0.211144 
 1000 , 0.28763 , 0.28065 , 0.248783 , 0.225605 , 0.210798 
 1001 , 0.287612 , 0.281007 , 0.248805 , 0.225632 , 0.210544 
 1002 , 0.287611 , 0.281384 , 0.248778 , 0.225553 , 0.210327 
 1003 , 0.287706 , 0.281792 , 0.248733 , 0.225323 , 0.210142 
 1004 , 0.287969 , 0.282277 , 0.249057 , 0.225172 , 0.209737 
 1005 , 0.28822 , 0.282765 , 0.249372 , 0.224998 , 0.209318 
 1006 , 0.288117 , 0.282951 , 0.24946 , 0.224576 , 0.208949 
 1007 , 0.287782 , 0.28301 , 0.249229 , 0.224037 , 0.208584 
 1008 , 0.287392 , 0.283055 , 0.24894 , 0.223449 , 0.208213 
 1009 , 0.287076 , 0.282853 , 0.248645 , 0.222964 , 0.207743 
 1010 , 0.286858 , 0.282613 , 0.248366 , 0.222552 , 0.207277 
 1011 , 0.286684 , 0.282379 , 0.248099 , 0.222169 , 0.20683 
 1012 , 0.286435 , 0.282036 , 0.247511 , 0.221726 , 0.206281 
 1013 , 0.286143 , 0.281594 , 0.246595 , 0.221252 , 0.205582 
 1014 , 0.285986 , 0.281224 , 0.245666 , 0.220827 , 0.204745 
 1015 , 0.285932 , 0.280974 , 0.244861 , 0.220414 , 0.203963 
 1016 , 0.286326 , 0.28124 , 0.244671 , 0.22014 , 0.203487 
 1017 , 0.286602 , 0.281457 , 0.244628 , 0.219679 , 0.203234 
 1018 , 0.28688 , 0.281683 , 0.244582 , 0.219184 , 0.202963 
 1019 , 0.28656 , 0.281307 , 0.244909 , 0.218569 , 0.202851 
 1020 , 0.286026 , 0.280829 , 0.2451 , 0.217893 , 0.202602 
 1021 , 0.285388 , 0.280312 , 0.245228 , 0.217171 , 0.202276 
 1022 , 0.28465 , 0.279875 , 0.244849 , 0.216559 , 0.202135 
 1023 , 0.28397 , 0.279507 , 0.244268 , 0.216059 , 0.20226 
 1024 , 0.283455 , 0.27915 , 0.243832 , 0.215598 , 0.202616 
 1025 , 0.282723 , 0.278503 , 0.243226 , 0.215065 , 0.202571 
 1026 , 0.281576 , 0.277256 , 0.242283 , 0.21442 , 0.201619 
 1027 , 0.280189 , 0.275474 , 0.241126 , 0.213746 , 0.200081 
 1028 , 0.278745 , 0.273631 , 0.239919 , 0.212972 , 0.198419 
 1029 , 0.277558 , 0.272351 , 0.239138 , 0.211362 , 0.196214 
 1030 , 0.276408 , 0.271981 , 0.238231 , 0.209445 , 0.194086 
 1031 , 0.275217 , 0.271839 , 0.237249 , 0.207356 , 0.191857 
 1032 , 0.274694 , 0.27225 , 0.235854 , 0.205864 , 0.19035 
 1033 , 0.274457 , 0.272334 , 0.234342 , 0.204714 , 0.189079 
 1034 , 0.274294 , 0.271898 , 0.232811 , 0.203676 , 0.187769 
 1035 , 0.273409 , 0.270595 , 0.230825 , 0.201854 , 0.185919 
 1036 , 0.271656 , 0.268379 , 0.228378 , 0.199106 , 0.183432 
 1037 , 0.269547 , 0.266302 , 0.225915 , 0.196064 , 0.180757 
 1038 , 0.267254 , 0.264268 , 0.2236 , 0.193197 , 0.178056 
 1039 , 0.264695 , 0.2629 , 0.22252 , 0.191741 , 0.175833 
 1040 , 0.261872 , 0.261216 , 0.220818 , 0.189919 , 0.173398 
 1041 , 0.258848 , 0.259392 , 0.218955 , 0.187953 , 0.170788 
 1042 , 0.257443 , 0.258436 , 0.217339 , 0.186728 , 0.169481 
 1043 , 0.25609 , 0.257872 , 0.216034 , 0.185828 , 0.168207 
 1044 , 0.254619 , 0.257482 , 0.214861 , 0.185067 , 0.166832 
 1045 , 0.252612 , 0.255888 , 0.212846 , 0.18305 , 0.164782 
 1046 , 0.250252 , 0.253351 , 0.210173 , 0.180123 , 0.162182 
 1047 , 0.247845 , 0.250396 , 0.207209 , 0.17689 , 0.159333 
 1048 , 0.245437 , 0.247273 , 0.204163 , 0.17405 , 0.156461 
 1049 , 0.243226 , 0.244038 , 0.201188 , 0.172265 , 0.153753 
 1050 , 0.241182 , 0.240529 , 0.197953 , 0.170332 , 0.150961 
 1051 , 0.238875 , 0.236788 , 0.194477 , 0.168126 , 0.147875 
 1052 , 0.234487 , 0.233054 , 0.190533 , 0.163864 , 0.143012 
 1053 , 0.229541 , 0.229245 , 0.185982 , 0.159016 , 0.137909 
 1054 , 0.22414 , 0.225219 , 0.181005 , 0.153721 , 0.132468 
 1055 , 0.220245 , 0.221676 , 0.177434 , 0.149079 , 0.127894 
 1056 , 0.216619 , 0.217997 , 0.174428 , 0.14477 , 0.123355 
 1057 , 0.212685 , 0.213869 , 0.171531 , 0.140534 , 0.118429 
 1058 , 0.2095 , 0.210214 , 0.16805 , 0.137143 , 0.114909 
 1059 , 0.207303 , 0.207194 , 0.163952 , 0.134637 , 0.113052 
 1060 , 0.205419 , 0.204017 , 0.159586 , 0.131114 , 0.111005 
 1061 , 0.202714 , 0.20032 , 0.155063 , 0.126997 , 0.108256 
 1062 , 0.197258 , 0.195297 , 0.150911 , 0.121199 , 0.103138 
 1063 , 0.190328 , 0.189656 , 0.146108 , 0.115117 , 0.097829 
 1064 , 0.182753 , 0.183542 , 0.140859 , 0.108588 , 0.092103 
 1065 , 0.175089 , 0.176986 , 0.133573 , 0.100306 , 0.08567 
 1066 , 0.167516 , 0.169981 , 0.125506 , 0.091425 , 0.078339 
 1067 , 0.159777 , 0.162467 , 0.116778 , 0.081931 , 0.070237 
 1068 , 0.152587 , 0.155083 , 0.106993 , 0.073161 , 0.062755 
 1069 , 0.145514 , 0.147679 , 0.096435 , 0.064747 , 0.055691 
 1070 , 0.13781 , 0.13992 , 0.085343 , 0.055926 , 0.048545 
 1071 , 0.129898 , 0.131951 , 0.075519 , 0.046712 , 0.041062 
 1072 , 0.122081 , 0.124073 , 0.068819 , 0.037351 , 0.033469 
 1073 , 0.113135 , 0.115045 , 0.061429 , 0.027107 , 0.025133 
 1074 , 0.103859 , 0.105606 , 0.053672 , 0.016843 , 0.016699 
 1075 , 0.096593 , 0.097456 , 0.046909 , 0.013962 , 0.013873 
 1076 , 0.089306 , 0.08935 , 0.039862 , 0.010867 , 0.010814 
 1077 , 0.081741 , 0.080916 , 0.03243 , 0.007602 , 0.007575 
 1078 , 0.072942 , 0.069975 , 0.023965 , 0.00534 , 0.00534 
 1079 , 0.063412 , 0.057595 , 0.014757 , 0.003273 , 0.003273 
 1080 , 0.053291 , 0.044212 , 0.004926 , 0.001094 , 0.001094 
 1081 , 0.045545 , 0.034236 , 0 , 0 , 0 
 1082 , 0.040223 , 0.027719 , 0 , 0 , 0 
 1083 , 0.03436 , 0.020974 , 0 , 0 , 0 
 1084 , 0.028279 , 0.014812 , 0 , 0 , 0 
 1085 , 0.022276 , 0.011732 , 0 , 0 , 0 
 1086 , 0.016052 , 0.008387 , 0 , 0 , 0 
 1087 , 0.009423 , 0.004832 , 0 , 0 , 0 
 1088 , 0.006699 , 0.003417 , 0 , 0 , 0 
 1089 , 0.003942 , 0.002012 , 0 , 0 , 0 
 1090 , 0.000984 , 0.000501 , 0 , 0 , 0 
 1091 , 0 , 0 , 0 , 0 , 0 
 1092 , 0 , 0 , 0 , 0 , 0 
 1093 , 0 , 0 , 0 , 0 , 0 
 1094 , 0 , 0 , 0 , 0 , 0 
 1095 , 0 , 0 , 0 , 0 , 0 
 1096 , 0 , 0 , 0 , 0 , 0 
 1097 , 0 , 0 , 0 , 0 , 0 
 1098 , 0 , 0 , 0 , 0 , 0 
 1099 , 0 , 0 , 0 , 0 , 0 
 1100 , 0 , 0 , 0 , 0 , 0 
 1101 , 0 , 0 , 0 , 0 , 0 
 1102 , 0 , 0 , 0 , 0 , 0 
 1103 , 0 , 0 , 0 , 0 , 0 
 1104 , 0 , 0 , 0 , 0 , 0 
 1105 , 0 , 0 , 0 , 0 , 0 
 1106 , 0 , 0 , 0 , 0 , 0 
 1107 , 0 , 0 , 0 , 0 , 0 
 1108 , 0 , 0 , 0 , 0 , 0 
 1109 , 0 , 0 , 0 , 0 , 0 
 1110 , 0 , 0 , 0 , 0 , 0 
 1111 , 0 , 0 , 0 , 0 , 0 
 1112 , 0 , 0 , 0 , 0 , 0 
 1113 , 0 , 0 , 0 , 0 , 0 
 1114 , 0 , 0 , 0 , 0 , 0 
 1115 , 0 , 0 , 0 , 0 , 0 
 1116 , 0 , 0 , 0 , 0 , 0 
 1117 , 0 , 0 , 0 , 0 , 0 
 1118 , 0 , 0 , 0 , 0 , 0 
 1119 , 0 , 0 , 0 , 0 , 0 
 1120 , 0 , 0 , 0 , 0 , 0 
 1121 , 0 , 0 , 0 , 0 , 0 
 1122 , 0 , 0 , 0 , 0 , 0 
 1123 , 0 , 0 , 0 , 0 , 0 
 1124 , 0.882183 , 0.886677 , 0.89737 , 0.897637 , 0.892527 
 1125 , 1.006198 , 1.011814 , 1.022008 , 1.023659 , 1.017694 
 1126 , 1.05236 , 1.059295 , 1.069401 , 1.070442 , 1.064076 
 1127 , 1.062943 , 1.070548 , 1.080606 , 1.08105 , 1.074514 
 1128 , 1.063423 , 1.070831 , 1.081662 , 1.081499 , 1.074942 
 1129 , 1.065818 , 1.06977 , 1.085478 , 1.084356 , 1.078161 
 1130 , 1.308872 , 0.909091 , 1.336254 , 1.336254 , 1.325301 
