WSG1_00031.spu,WSG1_00030.spu,
Wavelength,WSG1_00020.spu,WSG1_00021.spu
  (nm),7/13/2018 ,7/13/2018 
  time  ,:26:53 P,:27:14 P
temp C,SW,SW
,,
 310 , 0 , 0 
 311 , 0 , 0 
 312 , 0 , 0 
 313 , 0 , 0 
 314 , 0 , 0 
 315 , 0 , 0 
 316 , 0 , 0 
 317 , 0 , 0 
 318 , 0 , 0 
 319 , 0 , 0 
 320 , 0 , 0 
 321 , 0 , 0 
 322 , 0 , 0 
 323 , 0 , 0 
 324 , 0 , 0 
 325 , 0 , 0 
 326 , 0 , 0 
 327 , 0 , 0 
 328 , 0 , 0 
 329 , 0 , 0 
 330 , 0 , 0 
 331 , 0 , 0 
 332 , 0 , 0 
 333 , 0 , 0 
 334 , 0 , 0 
 335 , 0 , 0 
 336 , 0 , 0 
 337 , 0 , 0 
 338 , 0 , 0 
 339 , 0.000272 , 0 
 340 , 0.00057 , 0 
 341 , 0.000839 , 0 
 342 , 0.001206 , 0 
 343 , 0.001676 , 0 
 344 , 0.002102 , 0 
 345 , 0.002519 , 0.000011 
 346 , 0.003286 , 0.000156 
 347 , 0.003969 , 0.000283 
 348 , 0.004581 , 0.000394 
 349 , 0.005064 , 0.00077 
 350 , 0.005466 , 0.001211 
 351 , 0.005823 , 0.0016 
 352 , 0.006187 , 0.001945 
 353 , 0.006618 , 0.002259 
 354 , 0.007026 , 0.002558 
 355 , 0.007415 , 0.002842 
 356 , 0.007745 , 0.003072 
 357 , 0.008059 , 0.003291 
 358 , 0.008361 , 0.003501 
 359 , 0.008672 , 0.003757 
 360 , 0.008979 , 0.004033 
 361 , 0.009263 , 0.00429 
 362 , 0.009496 , 0.004511 
 363 , 0.009594 , 0.004656 
 364 , 0.009686 , 0.004794 
 365 , 0.009772 , 0.004925 
 366 , 0.009808 , 0.005075 
 367 , 0.009833 , 0.005225 
 368 , 0.009858 , 0.005372 
 369 , 0.00993 , 0.005452 
 370 , 0.01006 , 0.005452 
 371 , 0.010187 , 0.005446 
 372 , 0.01032 , 0.005447 
 373 , 0.010551 , 0.005613 
 374 , 0.010766 , 0.005775 
 375 , 0.010969 , 0.005935 
 376 , 0.011086 , 0.006063 
 377 , 0.011138 , 0.006166 
 378 , 0.011163 , 0.00626 
 379 , 0.011208 , 0.006343 
 380 , 0.011309 , 0.006406 
 381 , 0.011392 , 0.00646 
 382 , 0.011466 , 0.006508 
 383 , 0.011807 , 0.006751 
 384 , 0.012137 , 0.00699 
 385 , 0.012451 , 0.00722 
 386 , 0.012643 , 0.007394 
 387 , 0.012745 , 0.007523 
 388 , 0.012834 , 0.007645 
 389 , 0.012972 , 0.007813 
 390 , 0.013292 , 0.008165 
 391 , 0.013599 , 0.008502 
 392 , 0.01389 , 0.008827 
 393 , 0.014295 , 0.009213 
 394 , 0.014693 , 0.009583 
 395 , 0.015056 , 0.009922 
 396 , 0.015519 , 0.010383 
 397 , 0.016045 , 0.010927 
 398 , 0.016494 , 0.011394 
 399 , 0.016889 , 0.011805 
 400 , 0.017249 , 0.012191 
 401 , 0.017562 , 0.012533 
 402 , 0.017846 , 0.012839 
 403 , 0.018058 , 0.013062 
 404 , 0.018247 , 0.013254 
 405 , 0.018422 , 0.013438 
 406 , 0.018605 , 0.013644 
 407 , 0.018818 , 0.0139 
 408 , 0.019024 , 0.014144 
 409 , 0.019214 , 0.014376 
 410 , 0.019541 , 0.014697 
 411 , 0.019848 , 0.014999 
 412 , 0.020142 , 0.01528 
 413 , 0.020418 , 0.015567 
 414 , 0.020687 , 0.015843 
 415 , 0.020938 , 0.01611 
 416 , 0.02119 , 0.016378 
 417 , 0.02147 , 0.016667 
 418 , 0.021741 , 0.016942 
 419 , 0.021995 , 0.017209 
 420 , 0.022303 , 0.017497 
 421 , 0.022614 , 0.017784 
 422 , 0.02291 , 0.018057 
 423 , 0.023185 , 0.018331 
 424 , 0.023461 , 0.018609 
 425 , 0.023723 , 0.01888 
 426 , 0.023996 , 0.019142 
 427 , 0.024284 , 0.019402 
 428 , 0.024573 , 0.019649 
 429 , 0.024855 , 0.019896 
 430 , 0.025205 , 0.020222 
 431 , 0.025558 , 0.020554 
 432 , 0.025897 , 0.020878 
 433 , 0.026259 , 0.021198 
 434 , 0.026635 , 0.021503 
 435 , 0.026989 , 0.021794 
 436 , 0.02733 , 0.022077 
 437 , 0.02767 , 0.022369 
 438 , 0.027991 , 0.022656 
 439 , 0.028311 , 0.022929 
 440 , 0.028652 , 0.023203 
 441 , 0.028997 , 0.023477 
 442 , 0.029341 , 0.023738 
 443 , 0.029661 , 0.023997 
 444 , 0.029966 , 0.02425 
 445 , 0.030263 , 0.024497 
 446 , 0.030554 , 0.024736 
 447 , 0.030817 , 0.024974 
 448 , 0.031075 , 0.025198 
 449 , 0.031333 , 0.025428 
 450 , 0.031603 , 0.02565 
 451 , 0.031875 , 0.025881 
 452 , 0.032153 , 0.026103 
 453 , 0.032415 , 0.026313 
 454 , 0.032639 , 0.026485 
 455 , 0.032862 , 0.026662 
 456 , 0.033089 , 0.026831 
 457 , 0.033313 , 0.02702 
 458 , 0.033534 , 0.027199 
 459 , 0.033752 , 0.02739 
 460 , 0.033944 , 0.02757 
 461 , 0.034106 , 0.027751 
 462 , 0.034274 , 0.027931 
 463 , 0.03444 , 0.028115 
 464 , 0.034604 , 0.028269 
 465 , 0.03478 , 0.028427 
 466 , 0.034955 , 0.028591 
 467 , 0.035165 , 0.028757 
 468 , 0.035386 , 0.028924 
 469 , 0.035607 , 0.029098 
 470 , 0.035793 , 0.029255 
 471 , 0.035929 , 0.029396 
 472 , 0.036072 , 0.029538 
 473 , 0.036218 , 0.029685 
 474 , 0.036418 , 0.02984 
 475 , 0.036614 , 0.030003 
 476 , 0.03681 , 0.030159 
 477 , 0.036975 , 0.030306 
 478 , 0.037129 , 0.030443 
 479 , 0.037277 , 0.030579 
 480 , 0.037423 , 0.030707 
 481 , 0.037554 , 0.030818 
 482 , 0.037684 , 0.030929 
 483 , 0.037822 , 0.03104 
 484 , 0.03797 , 0.031189 
 485 , 0.038118 , 0.031332 
 486 , 0.038273 , 0.031474 
 487 , 0.038441 , 0.031625 
 488 , 0.038612 , 0.031772 
 489 , 0.038789 , 0.031912 
 490 , 0.038982 , 0.032059 
 491 , 0.039215 , 0.032235 
 492 , 0.039441 , 0.032399 
 493 , 0.039667 , 0.032563 
 494 , 0.039863 , 0.032733 
 495 , 0.04006 , 0.032899 
 496 , 0.04025 , 0.033059 
 497 , 0.040457 , 0.033236 
 498 , 0.040681 , 0.03343 
 499 , 0.040905 , 0.033623 
 500 , 0.04114 , 0.033824 
 501 , 0.041398 , 0.034053 
 502 , 0.041657 , 0.034281 
 503 , 0.041916 , 0.034504 
 504 , 0.042195 , 0.034713 
 505 , 0.042479 , 0.034916 
 506 , 0.042756 , 0.035114 
 507 , 0.043066 , 0.035351 
 508 , 0.043411 , 0.035623 
 509 , 0.04375 , 0.035894 
 510 , 0.044079 , 0.036161 
 511 , 0.044425 , 0.036436 
 512 , 0.044761 , 0.036717 
 513 , 0.045105 , 0.036992 
 514 , 0.045495 , 0.037297 
 515 , 0.045894 , 0.037613 
 516 , 0.046294 , 0.03793 
 517 , 0.046736 , 0.038287 
 518 , 0.047227 , 0.0387 
 519 , 0.047705 , 0.039108 
 520 , 0.048191 , 0.039519 
 521 , 0.048698 , 0.039957 
 522 , 0.049195 , 0.040392 
 523 , 0.049685 , 0.040821 
 524 , 0.050182 , 0.041244 
 525 , 0.050683 , 0.041667 
 526 , 0.051177 , 0.042083 
 527 , 0.051688 , 0.042523 
 528 , 0.052198 , 0.042972 
 529 , 0.0527 , 0.04342 
 530 , 0.053197 , 0.043857 
 531 , 0.053672 , 0.044296 
 532 , 0.054155 , 0.044732 
 533 , 0.054623 , 0.04516 
 534 , 0.055077 , 0.045573 
 535 , 0.055524 , 0.045967 
 536 , 0.055965 , 0.046368 
 537 , 0.056409 , 0.046757 
 538 , 0.056861 , 0.047141 
 539 , 0.057307 , 0.047525 
 540 , 0.057753 , 0.047904 
 541 , 0.058155 , 0.048273 
 542 , 0.058559 , 0.048651 
 543 , 0.058956 , 0.049022 
 544 , 0.059389 , 0.04941 
 545 , 0.059837 , 0.049801 
 546 , 0.060294 , 0.050191 
 547 , 0.060713 , 0.050557 
 548 , 0.061048 , 0.050851 
 549 , 0.06138 , 0.051144 
 550 , 0.06172 , 0.05143 
 551 , 0.062054 , 0.051726 
 552 , 0.06239 , 0.052025 
 553 , 0.062734 , 0.052324 
 554 , 0.063003 , 0.052566 
 555 , 0.063228 , 0.052769 
 556 , 0.063445 , 0.052966 
 557 , 0.063657 , 0.053154 
 558 , 0.063854 , 0.053288 
 559 , 0.064048 , 0.053428 
 560 , 0.064243 , 0.053568 
 561 , 0.06438 , 0.053658 
 562 , 0.064507 , 0.053746 
 563 , 0.064633 , 0.05384 
 564 , 0.064744 , 0.053921 
 565 , 0.064846 , 0.053993 
 566 , 0.064943 , 0.05407 
 567 , 0.065034 , 0.054134 
 568 , 0.065068 , 0.054147 
 569 , 0.065105 , 0.054153 
 570 , 0.065134 , 0.054168 
 571 , 0.065186 , 0.054199 
 572 , 0.065232 , 0.054224 
 573 , 0.065284 , 0.05425 
 574 , 0.065331 , 0.054286 
 575 , 0.065398 , 0.054323 
 576 , 0.065461 , 0.054366 
 577 , 0.065532 , 0.054408 
 578 , 0.06561 , 0.054441 
 579 , 0.065686 , 0.054472 
 580 , 0.065754 , 0.054504 
 581 , 0.065807 , 0.054527 
 582 , 0.065858 , 0.054555 
 583 , 0.0659 , 0.054584 
 584 , 0.06595 , 0.05463 
 585 , 0.066016 , 0.054677 
 586 , 0.066077 , 0.054733 
 587 , 0.066144 , 0.054784 
 588 , 0.066198 , 0.054846 
 589 , 0.066261 , 0.054915 
 590 , 0.066317 , 0.054978 
 591 , 0.066431 , 0.055073 
 592 , 0.066569 , 0.055178 
 593 , 0.06671 , 0.055293 
 594 , 0.066847 , 0.05541 
 595 , 0.066965 , 0.05554 
 596 , 0.067078 , 0.05567 
 597 , 0.067194 , 0.055805 
 598 , 0.067326 , 0.055937 
 599 , 0.067451 , 0.056067 
 600 , 0.067583 , 0.056205 
 601 , 0.067692 , 0.056317 
 602 , 0.06779 , 0.056426 
 603 , 0.067894 , 0.05653 
 604 , 0.067988 , 0.056628 
 605 , 0.068075 , 0.056715 
 606 , 0.068164 , 0.05681 
 607 , 0.06826 , 0.056898 
 608 , 0.068334 , 0.05698 
 609 , 0.068415 , 0.057056 
 610 , 0.06849 , 0.05714 
 611 , 0.068571 , 0.057237 
 612 , 0.068662 , 0.057351 
 613 , 0.068747 , 0.057458 
 614 , 0.068836 , 0.05756 
 615 , 0.068934 , 0.057652 
 616 , 0.069031 , 0.057736 
 617 , 0.069131 , 0.057824 
 618 , 0.069282 , 0.057917 
 619 , 0.069434 , 0.058003 
 620 , 0.06959 , 0.058089 
 621 , 0.069763 , 0.058204 
 622 , 0.06992 , 0.058329 
 623 , 0.070083 , 0.058454 
 624 , 0.070246 , 0.058579 
 625 , 0.070409 , 0.058681 
 626 , 0.070583 , 0.058793 
 627 , 0.070749 , 0.058899 
 628 , 0.070922 , 0.059051 
 629 , 0.071095 , 0.059201 
 630 , 0.071267 , 0.059352 
 631 , 0.071444 , 0.05952 
 632 , 0.071629 , 0.059707 
 633 , 0.071808 , 0.059887 
 634 , 0.071982 , 0.060066 
 635 , 0.072103 , 0.060228 
 636 , 0.072235 , 0.060391 
 637 , 0.07236 , 0.060549 
 638 , 0.07242 , 0.060681 
 639 , 0.072482 , 0.060809 
 640 , 0.072551 , 0.060937 
 641 , 0.072584 , 0.061039 
 642 , 0.072601 , 0.061138 
 643 , 0.072617 , 0.06123 
 644 , 0.072631 , 0.061328 
 645 , 0.072634 , 0.061433 
 646 , 0.072637 , 0.06154 
 647 , 0.072646 , 0.061648 
 648 , 0.072641 , 0.061723 
 649 , 0.072632 , 0.0618 
 650 , 0.072617 , 0.061879 
 651 , 0.072637 , 0.061965 
 652 , 0.072674 , 0.062052 
 653 , 0.072711 , 0.06214 
 654 , 0.072756 , 0.062236 
 655 , 0.072812 , 0.062363 
 656 , 0.072871 , 0.062485 
 657 , 0.072931 , 0.062615 
 658 , 0.072957 , 0.062735 
 659 , 0.072982 , 0.062853 
 660 , 0.073006 , 0.062972 
 661 , 0.073027 , 0.063088 
 662 , 0.073049 , 0.06319 
 663 , 0.073063 , 0.063292 
 664 , 0.073077 , 0.063401 
 665 , 0.073082 , 0.063503 
 666 , 0.073081 , 0.063605 
 667 , 0.07308 , 0.063713 
 668 , 0.073143 , 0.063853 
 669 , 0.07321 , 0.064003 
 670 , 0.073276 , 0.064152 
 671 , 0.073389 , 0.064332 
 672 , 0.073514 , 0.064516 
 673 , 0.073645 , 0.064705 
 674 , 0.073813 , 0.064902 
 675 , 0.07405 , 0.065136 
 676 , 0.074298 , 0.065377 
 677 , 0.07454 , 0.06561 
 678 , 0.074906 , 0.06592 
 679 , 0.075279 , 0.066241 
 680 , 0.075656 , 0.066565 
 681 , 0.076144 , 0.06693 
 682 , 0.076715 , 0.067332 
 683 , 0.077296 , 0.067742 
 684 , 0.078 , 0.068226 
 685 , 0.078938 , 0.068896 
 686 , 0.079891 , 0.069576 
 687 , 0.080864 , 0.070266 
 688 , 0.082216 , 0.071196 
 689 , 0.083568 , 0.072147 
 690 , 0.084926 , 0.073094 
 691 , 0.0865 , 0.07424 
 692 , 0.088212 , 0.075485 
 693 , 0.089908 , 0.076714 
 694 , 0.091652 , 0.078015 
 695 , 0.093594 , 0.079523 
 696 , 0.095501 , 0.081009 
 697 , 0.097387 , 0.082468 
 698 , 0.099463 , 0.084181 
 699 , 0.101523 , 0.085892 
 700 , 0.103565 , 0.087581 
 701 , 0.105678 , 0.089374 
 702 , 0.107843 , 0.091235 
 703 , 0.109985 , 0.093068 
 704 , 0.112109 , 0.094913 
 705 , 0.114165 , 0.096792 
 706 , 0.116196 , 0.098645 
 707 , 0.118208 , 0.100487 
 708 , 0.120136 , 0.102332 
 709 , 0.122065 , 0.104193 
 710 , 0.124013 , 0.106066 
 711 , 0.125884 , 0.107914 
 712 , 0.127733 , 0.109731 
 713 , 0.129618 , 0.111573 
 714 , 0.131508 , 0.113448 
 715 , 0.133376 , 0.115369 
 716 , 0.13531 , 0.117355 
 717 , 0.13729 , 0.119402 
 718 , 0.139181 , 0.121401 
 719 , 0.141078 , 0.123428 
 720 , 0.143009 , 0.125483 
 721 , 0.144878 , 0.127503 
 722 , 0.146756 , 0.129493 
 723 , 0.148645 , 0.131493 
 724 , 0.150489 , 0.133446 
 725 , 0.152236 , 0.1353 
 726 , 0.153977 , 0.137154 
 727 , 0.155708 , 0.138997 
 728 , 0.15738 , 0.140735 
 729 , 0.159047 , 0.142471 
 730 , 0.160686 , 0.144187 
 731 , 0.162202 , 0.145782 
 732 , 0.163648 , 0.147308 
 733 , 0.165074 , 0.148815 
 734 , 0.166453 , 0.15025 
 735 , 0.167756 , 0.151576 
 736 , 0.169047 , 0.152891 
 737 , 0.170327 , 0.154194 
 738 , 0.171468 , 0.155353 
 739 , 0.172607 , 0.156513 
 740 , 0.17374 , 0.157675 
 741 , 0.17479 , 0.158703 
 742 , 0.175792 , 0.159671 
 743 , 0.176808 , 0.160639 
 744 , 0.17779 , 0.161591 
 745 , 0.178726 , 0.162506 
 746 , 0.179663 , 0.163423 
 747 , 0.180601 , 0.164337 
 748 , 0.181409 , 0.16506 
 749 , 0.182226 , 0.165806 
 750 , 0.183067 , 0.166569 
 751 , 0.183729 , 0.167137 
 752 , 0.184328 , 0.167618 
 753 , 0.184966 , 0.168122 
 754 , 0.185461 , 0.168555 
 755 , 0.185729 , 0.168863 
 756 , 0.18602 , 0.169196 
 757 , 0.186343 , 0.169577 
 758 , 0.186712 , 0.17004 
 759 , 0.187083 , 0.170527 
 760 , 0.187493 , 0.17106 
 761 , 0.188269 , 0.171812 
 762 , 0.189286 , 0.172713 
 763 , 0.190296 , 0.173612 
 764 , 0.191353 , 0.174465 
 765 , 0.192397 , 0.175186 
 766 , 0.193368 , 0.175845 
 767 , 0.194262 , 0.176463 
 768 , 0.19506 , 0.177036 
 769 , 0.195808 , 0.177596 
 770 , 0.196516 , 0.17813 
 771 , 0.197142 , 0.178653 
 772 , 0.197735 , 0.17915 
 773 , 0.198328 , 0.179641 
 774 , 0.198901 , 0.180143 
 775 , 0.199469 , 0.180657 
 776 , 0.200042 , 0.181165 
 777 , 0.200611 , 0.181665 
 778 , 0.201166 , 0.182082 
 779 , 0.201689 , 0.182476 
 780 , 0.20222 , 0.182871 
 781 , 0.202699 , 0.183261 
 782 , 0.203213 , 0.183708 
 783 , 0.203738 , 0.184165 
 784 , 0.204293 , 0.184612 
 785 , 0.204896 , 0.185062 
 786 , 0.205519 , 0.185521 
 787 , 0.206134 , 0.185992 
 788 , 0.206683 , 0.186444 
 789 , 0.207243 , 0.186901 
 790 , 0.207812 , 0.187361 
 791 , 0.208369 , 0.187796 
 792 , 0.20893 , 0.188226 
 793 , 0.209501 , 0.188665 
 794 , 0.21005 , 0.189094 
 795 , 0.210579 , 0.189504 
 796 , 0.211129 , 0.189923 
 797 , 0.211685 , 0.190353 
 798 , 0.212283 , 0.190795 
 799 , 0.212899 , 0.191263 
 800 , 0.213524 , 0.191739 
 801 , 0.21413 , 0.192168 
 802 , 0.214768 , 0.192597 
 803 , 0.215419 , 0.193046 
 804 , 0.21601 , 0.193464 
 805 , 0.216536 , 0.193821 
 806 , 0.217069 , 0.194175 
 807 , 0.217591 , 0.194518 
 808 , 0.218019 , 0.194802 
 809 , 0.218418 , 0.195105 
 810 , 0.218839 , 0.19542 
 811 , 0.219205 , 0.195722 
 812 , 0.219649 , 0.196065 
 813 , 0.220117 , 0.19642 
 814 , 0.220579 , 0.196799 
 815 , 0.221064 , 0.197195 
 816 , 0.221572 , 0.197615 
 817 , 0.222096 , 0.198039 
 818 , 0.22267 , 0.198495 
 819 , 0.223297 , 0.198997 
 820 , 0.223947 , 0.199509 
 821 , 0.224627 , 0.20001 
 822 , 0.225256 , 0.200446 
 823 , 0.225891 , 0.200896 
 824 , 0.226531 , 0.20136 
 825 , 0.227172 , 0.201841 
 826 , 0.227813 , 0.202326 
 827 , 0.22841 , 0.20281 
 828 , 0.228969 , 0.203309 
 829 , 0.229541 , 0.20381 
 830 , 0.230121 , 0.204308 
 831 , 0.230737 , 0.204759 
 832 , 0.231346 , 0.205217 
 833 , 0.231965 , 0.205677 
 834 , 0.232604 , 0.206164 
 835 , 0.233217 , 0.206606 
 836 , 0.233823 , 0.207045 
 837 , 0.234424 , 0.207473 
 838 , 0.235048 , 0.207928 
 839 , 0.235695 , 0.208404 
 840 , 0.236334 , 0.208886 
 841 , 0.236914 , 0.209347 
 842 , 0.237479 , 0.209789 
 843 , 0.238056 , 0.21024 
 844 , 0.238549 , 0.210617 
 845 , 0.239042 , 0.210983 
 846 , 0.239544 , 0.211365 
 847 , 0.240046 , 0.211745 
 848 , 0.240487 , 0.212051 
 849 , 0.240911 , 0.212327 
 850 , 0.241344 , 0.212617 
 851 , 0.241807 , 0.212959 
 852 , 0.242324 , 0.213397 
 853 , 0.242855 , 0.213842 
 854 , 0.243393 , 0.214234 
 855 , 0.243993 , 0.214607 
 856 , 0.244605 , 0.214992 
 857 , 0.245153 , 0.215346 
 858 , 0.245628 , 0.215688 
 859 , 0.246097 , 0.216044 
 860 , 0.246557 , 0.216387 
 861 , 0.246973 , 0.21671 
 862 , 0.247387 , 0.21704 
 863 , 0.247811 , 0.217372 
 864 , 0.248224 , 0.217703 
 865 , 0.248717 , 0.218038 
 866 , 0.249214 , 0.218382 
 867 , 0.249762 , 0.218754 
 868 , 0.250285 , 0.21913 
 869 , 0.25081 , 0.219509 
 870 , 0.251345 , 0.219895 
 871 , 0.251925 , 0.220326 
 872 , 0.252557 , 0.220807 
 873 , 0.25319 , 0.221286 
 874 , 0.253666 , 0.221571 
 875 , 0.254106 , 0.221794 
 876 , 0.254547 , 0.222028 
 877 , 0.255009 , 0.222311 
 878 , 0.255501 , 0.222665 
 879 , 0.256003 , 0.22304 
 880 , 0.256529 , 0.223439 
 881 , 0.257065 , 0.223854 
 882 , 0.257605 , 0.224244 
 883 , 0.258149 , 0.224625 
 884 , 0.258614 , 0.224925 
 885 , 0.259139 , 0.225291 
 886 , 0.259674 , 0.225657 
 887 , 0.260091 , 0.22594 
 888 , 0.260442 , 0.22612 
 889 , 0.260792 , 0.226296 
 890 , 0.261163 , 0.226447 
 891 , 0.261596 , 0.226649 
 892 , 0.262077 , 0.226914 
 893 , 0.262548 , 0.227187 
 894 , 0.262924 , 0.227405 
 895 , 0.263335 , 0.227565 
 896 , 0.263776 , 0.227727 
 897 , 0.264164 , 0.227907 
 898 , 0.264506 , 0.228179 
 899 , 0.264871 , 0.228471 
 900 , 0.265288 , 0.228768 
 901 , 0.265752 , 0.228997 
 902 , 0.266235 , 0.229178 
 903 , 0.26672 , 0.229356 
 904 , 0.267213 , 0.229537 
 905 , 0.267777 , 0.229804 
 906 , 0.268353 , 0.230083 
 907 , 0.268703 , 0.230212 
 908 , 0.269028 , 0.230369 
 909 , 0.269367 , 0.230524 
 910 , 0.269717 , 0.230892 
 911 , 0.270048 , 0.231307 
 912 , 0.270392 , 0.23172 
 913 , 0.270815 , 0.232118 
 914 , 0.271454 , 0.232575 
 915 , 0.272223 , 0.233193 
 916 , 0.272999 , 0.233799 
 917 , 0.273667 , 0.234163 
 918 , 0.274205 , 0.23438 
 919 , 0.274747 , 0.234607 
 920 , 0.275101 , 0.234642 
 921 , 0.275387 , 0.234638 
 922 , 0.275684 , 0.234632 
 923 , 0.275717 , 0.234528 
 924 , 0.275453 , 0.234251 
 925 , 0.275191 , 0.233873 
 926 , 0.274857 , 0.233423 
 927 , 0.274235 , 0.232765 
 928 , 0.273434 , 0.232012 
 929 , 0.272509 , 0.231145 
 930 , 0.271559 , 0.230261 
 931 , 0.270499 , 0.229317 
 932 , 0.269271 , 0.22823 
 933 , 0.268264 , 0.227346 
 934 , 0.267575 , 0.226737 
 935 , 0.266913 , 0.22615 
 936 , 0.266452 , 0.225596 
 937 , 0.266679 , 0.225301 
 938 , 0.267094 , 0.225199 
 939 , 0.26752 , 0.225099 
 940 , 0.267227 , 0.224604 
 941 , 0.267089 , 0.224257 
 942 , 0.266962 , 0.223916 
 943 , 0.266947 , 0.22368 
 944 , 0.26701 , 0.22346 
 945 , 0.26709 , 0.223211 
 946 , 0.267329 , 0.223228 
 947 , 0.267774 , 0.223662 
 948 , 0.268104 , 0.224054 
 949 , 0.268442 , 0.224441 
 950 , 0.268815 , 0.22477 
 951 , 0.269354 , 0.225218 
 952 , 0.269894 , 0.225667 
 953 , 0.270333 , 0.226238 
 954 , 0.270839 , 0.226845 
 955 , 0.271382 , 0.227445 
 956 , 0.271985 , 0.227933 
 957 , 0.272554 , 0.228288 
 958 , 0.272961 , 0.228619 
 959 , 0.273359 , 0.228946 
 960 , 0.273756 , 0.229296 
 961 , 0.274473 , 0.229797 
 962 , 0.275169 , 0.230279 
 963 , 0.276168 , 0.231118 
 964 , 0.277028 , 0.231846 
 965 , 0.277813 , 0.2325 
 966 , 0.278368 , 0.232952 
 967 , 0.278834 , 0.233377 
 968 , 0.279343 , 0.233886 
 969 , 0.279848 , 0.23434 
 970 , 0.280318 , 0.234624 
 971 , 0.280466 , 0.234599 
 972 , 0.280619 , 0.234578 
 973 , 0.280673 , 0.234418 
 974 , 0.280947 , 0.234489 
 975 , 0.281253 , 0.234599 
 976 , 0.281641 , 0.234842 
 977 , 0.28208 , 0.235048 
 978 , 0.282536 , 0.235173 
 979 , 0.283049 , 0.235371 
 980 , 0.283619 , 0.23572 
 981 , 0.284119 , 0.23623 
 982 , 0.28461 , 0.236724 
 983 , 0.28503 , 0.237057 
 984 , 0.285373 , 0.237168 
 985 , 0.285714 , 0.237268 
 986 , 0.286184 , 0.23754 
 987 , 0.286824 , 0.237843 
 988 , 0.287544 , 0.23814 
 989 , 0.288177 , 0.238397 
 990 , 0.288644 , 0.238651 
 991 , 0.288948 , 0.238969 
 992 , 0.289172 , 0.23923 
 993 , 0.289154 , 0.239293 
 994 , 0.2895 , 0.2395 
 995 , 0.289871 , 0.239715 
 996 , 0.290327 , 0.239687 
 997 , 0.290565 , 0.239439 
 998 , 0.290742 , 0.239129 
 999 , 0.290921 , 0.238821 
 1000 , 0.291141 , 0.238546 
 1001 , 0.291438 , 0.238301 
 1002 , 0.291609 , 0.238152 
 1003 , 0.291557 , 0.238176 
 1004 , 0.291384 , 0.238133 
 1005 , 0.291224 , 0.238108 
 1006 , 0.291266 , 0.238217 
 1007 , 0.291188 , 0.238589 
 1008 , 0.291083 , 0.239015 
 1009 , 0.290627 , 0.238685 
 1010 , 0.2901 , 0.237848 
 1011 , 0.289584 , 0.236765 
 1012 , 0.289242 , 0.235795 
 1013 , 0.2891 , 0.235031 
 1014 , 0.289018 , 0.234458 
 1015 , 0.288899 , 0.23396 
 1016 , 0.28864 , 0.233871 
 1017 , 0.288276 , 0.233503 
 1018 , 0.287893 , 0.233104 
 1019 , 0.2874 , 0.232356 
 1020 , 0.287157 , 0.231815 
 1021 , 0.287035 , 0.231362 
 1022 , 0.286946 , 0.230544 
 1023 , 0.28679 , 0.2296 
 1024 , 0.286475 , 0.228793 
 1025 , 0.285983 , 0.228027 
 1026 , 0.285194 , 0.227325 
 1027 , 0.284612 , 0.225888 
 1028 , 0.283994 , 0.224412 
 1029 , 0.2834 , 0.22372 
 1030 , 0.281859 , 0.223085 
 1031 , 0.279992 , 0.222437 
 1032 , 0.278638 , 0.221105 
 1033 , 0.278027 , 0.219497 
 1034 , 0.277991 , 0.217796 
 1035 , 0.277158 , 0.215844 
 1036 , 0.275288 , 0.213734 
 1037 , 0.272884 , 0.211873 
 1038 , 0.270419 , 0.209991 
 1039 , 0.268209 , 0.2085 
 1040 , 0.265923 , 0.206348 
 1041 , 0.263492 , 0.204004 
 1042 , 0.261827 , 0.202129 
 1043 , 0.260449 , 0.200433 
 1044 , 0.259151 , 0.198746 
 1045 , 0.257589 , 0.195654 
 1046 , 0.255777 , 0.191713 
 1047 , 0.253786 , 0.187759 
 1048 , 0.251706 , 0.183766 
 1049 , 0.24953 , 0.179939 
 1050 , 0.24619 , 0.175092 
 1051 , 0.242544 , 0.169987 
 1052 , 0.237152 , 0.165703 
 1053 , 0.232246 , 0.161317 
 1054 , 0.227274 , 0.15668 
 1055 , 0.222479 , 0.152164 
 1056 , 0.217579 , 0.147585 
 1057 , 0.21242 , 0.142814 
 1058 , 0.20756 , 0.138223 
 1059 , 0.203066 , 0.133862 
 1060 , 0.197972 , 0.128989 
 1061 , 0.192743 , 0.123632 
 1062 , 0.188215 , 0.117496 
 1063 , 0.183482 , 0.111104 
 1064 , 0.178399 , 0.104245 
 1065 , 0.172126 , 0.096774 
 1066 , 0.164666 , 0.08845 
 1067 , 0.156222 , 0.079318 
 1068 , 0.1483 , 0.072081 
 1069 , 0.140961 , 0.066088 
 1070 , 0.134123 , 0.060196 
 1071 , 0.12749 , 0.055056 
 1072 , 0.121794 , 0.051809 
 1073 , 0.115754 , 0.048026 
 1074 , 0.109445 , 0.043858 
 1075 , 0.104156 , 0.037384 
 1076 , 0.098122 , 0.030555 
 1077 , 0.091609 , 0.023373 
 1078 , 0.084097 , 0.017614 
 1079 , 0.076282 , 0.01209 
 1080 , 0.068316 , 0.006241 
 1081 , 0.058511 , 0.002801 
 1082 , 0.046786 , 0.001859 
 1083 , 0.034088 , 0.000823 
 1084 , 0.022287 , 0 
 1085 , 0.015274 , 0 
 1086 , 0.008047 , 0 
 1087 , 0.000323 , 0 
 1088 , 0 , 0 
 1089 , 0 , 0 
 1090 , 0 , 0 
 1091 , 0 , 0 
 1092 , 0 , 0 
 1093 , 0 , 0 
 1094 , 0 , 0 
 1095 , 0 , 0 
 1096 , 0 , 0 
 1097 , 0 , 0 
 1098 , 0 , 0 
 1099 , 0 , 0 
 1100 , 0 , 0 
 1101 , 0 , 0 
 1102 , 0 , 0 
 1103 , 0 , 0 
 1104 , 0 , 0 
 1105 , 0 , 0 
 1106 , 0 , 0 
 1107 , 0 , 0 
 1108 , 0 , 0 
 1109 , 0 , 0 
 1110 , 0 , 0 
 1111 , 0 , 0 
 1112 , 0 , 0 
 1113 , 0 , 0 
 1114 , 0 , 0 
 1115 , 0 , 0 
 1116 , 0 , 0 
 1117 , 0 , 0 
 1118 , 0 , 0 
 1119 , 0 , 0 
 1120 , 0 , 0 
 1121 , 0 , 0 
 1122 , 0 , 0 
 1123 , 0 , 0 
 1124 , 0.674601 , 0.694181 
 1125 , 0.752112 , 0.77375 
 1126 , 0.781012 , 0.802732 
 1127 , 0.788792 , 0.810058 
 1128 , 0.790625 , 0.811439 
 1129 , 0.793939 , 0.814829 
 1130 , 1.315615 , 1.348837 
