LMAT_00005.spu,LMAT_00004.spu,LMAT_00003.spu,LMAT_00002.spu,LMAT_00001.spu,
Wavelength,LMAT_00041.spu,LMAT_00042.spu,LMAT_00043.spu,LMAT_00044.spu,LMAT_00045.spu,LMAT_00046.spu,LMAT_00047.spu,LMAT_00048.spu,LMAT_00049.spu,LMAT_00050.spu
  (nm),7/21/2018 ,7/21/2018 ,7/21/2018 ,7/21/2018 ,7/21/2018 ,7/21/2018 ,7/21/2018 ,7/21/2018 ,7/21/2018 ,7/21/2018 
  time  ,:44:04 A,:44:20 A,:44:35 A,:44:52 A,:45:11 A,:45:45 A,:45:59 A,:46:13 A,:46:32 A,:46:45 A
temp C,SW,SW,SW,SW,SW,SW,SW,SW,SW,SW
,,,,,,,,,,
 310 , 0.047904 , 0.045059 , 0.047249 , 0.044473 , 0.038232 , 0.02941 , 0.043679 , 0.044091 , 0.032732 , 0.046117 
 311 , 0.049805 , 0.035353 , 0.047249 , 0.035914 , 0.027334 , 0.019143 , 0.036124 , 0.044738 , 0.0272 , 0.039892 
 312 , 0.042704 , 0.030909 , 0.041101 , 0.034424 , 0.027402 , 0.018996 , 0.031962 , 0.042438 , 0.025912 , 0.037331 
 313 , 0.035666 , 0.027857 , 0.035187 , 0.034066 , 0.028816 , 0.020138 , 0.028891 , 0.040169 , 0.025361 , 0.035642 
 314 , 0.029847 , 0.025317 , 0.03027 , 0.033746 , 0.029983 , 0.021068 , 0.026336 , 0.038238 , 0.024879 , 0.034213 
 315 , 0.025929 , 0.023758 , 0.026691 , 0.034544 , 0.03159 , 0.021051 , 0.02607 , 0.033891 , 0.023196 , 0.031576 
 316 , 0.02369 , 0.023051 , 0.024384 , 0.036213 , 0.033467 , 0.020294 , 0.02762 , 0.02785 , 0.020651 , 0.028114 
 317 , 0.02191 , 0.022467 , 0.022545 , 0.037601 , 0.034995 , 0.019693 , 0.028838 , 0.023033 , 0.01862 , 0.025354 
 318 , 0.020469 , 0.021568 , 0.021453 , 0.037938 , 0.035301 , 0.018951 , 0.02919 , 0.019603 , 0.016977 , 0.023032 
 319 , 0.019453 , 0.017488 , 0.023734 , 0.031893 , 0.028129 , 0.016451 , 0.024518 , 0.020815 , 0.015866 , 0.020707 
 320 , 0.01866 , 0.014299 , 0.025566 , 0.027217 , 0.02258 , 0.014514 , 0.020885 , 0.021748 , 0.014994 , 0.018902 
 321 , 0.018024 , 0.011731 , 0.027078 , 0.023497 , 0.018164 , 0.012968 , 0.017978 , 0.022482 , 0.014293 , 0.017459 
 322 , 0.016912 , 0.012886 , 0.025177 , 0.023534 , 0.018317 , 0.013869 , 0.018068 , 0.021536 , 0.015217 , 0.018214 
 323 , 0.015856 , 0.014862 , 0.022681 , 0.024554 , 0.019671 , 0.01532 , 0.018964 , 0.020292 , 0.016445 , 0.019463 
 324 , 0.015026 , 0.016414 , 0.020712 , 0.025337 , 0.020732 , 0.016517 , 0.01968 , 0.019313 , 0.017437 , 0.020473 
 325 , 0.014739 , 0.016974 , 0.019596 , 0.025707 , 0.021323 , 0.017129 , 0.020067 , 0.018893 , 0.017291 , 0.020555 
 326 , 0.015172 , 0.016222 , 0.019497 , 0.025565 , 0.021335 , 0.016963 , 0.020039 , 0.019195 , 0.015515 , 0.019339 
 327 , 0.015546 , 0.015615 , 0.019423 , 0.025468 , 0.021353 , 0.016816 , 0.020028 , 0.019456 , 0.014073 , 0.018348 
 328 , 0.015873 , 0.015113 , 0.019366 , 0.025399 , 0.021374 , 0.016684 , 0.020025 , 0.019683 , 0.012879 , 0.017525 
 329 , 0.016455 , 0.015142 , 0.020263 , 0.02472 , 0.02078 , 0.016411 , 0.019143 , 0.020262 , 0.01429 , 0.017565 
 330 , 0.016948 , 0.015184 , 0.021055 , 0.024116 , 0.020251 , 0.016166 , 0.018357 , 0.020763 , 0.015583 , 0.017624 
 331 , 0.01735 , 0.015219 , 0.021725 , 0.023584 , 0.019794 , 0.01595 , 0.017666 , 0.021185 , 0.016695 , 0.017673 
 332 , 0.017072 , 0.015362 , 0.021629 , 0.023898 , 0.01981 , 0.015789 , 0.017543 , 0.020504 , 0.016914 , 0.017507 
 333 , 0.016406 , 0.015558 , 0.021087 , 0.02469 , 0.020104 , 0.015667 , 0.017751 , 0.019213 , 0.016602 , 0.017222 
 334 , 0.015827 , 0.015719 , 0.020618 , 0.025381 , 0.02036 , 0.015561 , 0.017938 , 0.018089 , 0.01633 , 0.016979 
 335 , 0.015389 , 0.015658 , 0.020352 , 0.025653 , 0.020402 , 0.015442 , 0.018 , 0.01741 , 0.016059 , 0.016711 
 336 , 0.015297 , 0.01485 , 0.020665 , 0.024628 , 0.019766 , 0.01524 , 0.01766 , 0.017956 , 0.015709 , 0.016285 
 337 , 0.015211 , 0.01415 , 0.020932 , 0.023741 , 0.019214 , 0.015066 , 0.017367 , 0.018431 , 0.015406 , 0.015914 
 338 , 0.01513 , 0.013537 , 0.021163 , 0.022964 , 0.018728 , 0.014914 , 0.017114 , 0.018848 , 0.015141 , 0.015588 
 339 , 0.014543 , 0.013414 , 0.021025 , 0.022554 , 0.018613 , 0.014674 , 0.016779 , 0.018428 , 0.015361 , 0.015829 
 340 , 0.01393 , 0.013388 , 0.020832 , 0.022242 , 0.018567 , 0.014441 , 0.016463 , 0.017908 , 0.015634 , 0.01613 
 341 , 0.013388 , 0.013364 , 0.02065 , 0.021956 , 0.018521 , 0.01423 , 0.016176 , 0.017444 , 0.015869 , 0.016385 
 342 , 0.013181 , 0.013352 , 0.020439 , 0.021832 , 0.018423 , 0.014182 , 0.016156 , 0.01704 , 0.015716 , 0.016328 
 343 , 0.013311 , 0.013351 , 0.0202 , 0.021878 , 0.01827 , 0.0143 , 0.016411 , 0.016694 , 0.015167 , 0.01596 
 344 , 0.013429 , 0.013352 , 0.01999 , 0.02193 , 0.018139 , 0.01441 , 0.016647 , 0.016385 , 0.014681 , 0.015632 
 345 , 0.013537 , 0.013352 , 0.019845 , 0.021961 , 0.018027 , 0.014504 , 0.016824 , 0.01617 , 0.0143 , 0.015369 
 346 , 0.013639 , 0.013338 , 0.020258 , 0.021708 , 0.017971 , 0.014494 , 0.016528 , 0.016715 , 0.014637 , 0.015518 
 347 , 0.013727 , 0.013322 , 0.020627 , 0.021482 , 0.017913 , 0.014487 , 0.01626 , 0.017204 , 0.014934 , 0.015643 
 348 , 0.013803 , 0.013304 , 0.020957 , 0.021278 , 0.017855 , 0.014483 , 0.016017 , 0.017645 , 0.015196 , 0.015749 
 349 , 0.013665 , 0.013316 , 0.02086 , 0.02129 , 0.017823 , 0.014405 , 0.016043 , 0.01769 , 0.015213 , 0.015727 
 350 , 0.013457 , 0.013336 , 0.020612 , 0.021372 , 0.017802 , 0.014302 , 0.016162 , 0.017588 , 0.01514 , 0.015658 
 351 , 0.013269 , 0.013352 , 0.020383 , 0.021439 , 0.017782 , 0.014203 , 0.016268 , 0.017495 , 0.01507 , 0.015594 
 352 , 0.013155 , 0.013316 , 0.02027 , 0.02138 , 0.01771 , 0.014107 , 0.016286 , 0.017412 , 0.01494 , 0.015473 
 353 , 0.013164 , 0.013181 , 0.020363 , 0.021085 , 0.017531 , 0.014009 , 0.016143 , 0.017337 , 0.014684 , 0.01523 
 354 , 0.013173 , 0.013055 , 0.020451 , 0.02081 , 0.017364 , 0.013918 , 0.016008 , 0.017267 , 0.014446 , 0.015003 
 355 , 0.013182 , 0.012937 , 0.020534 , 0.02055 , 0.017207 , 0.013831 , 0.015882 , 0.017202 , 0.014222 , 0.014789 
 356 , 0.013065 , 0.012804 , 0.020629 , 0.020546 , 0.017169 , 0.013678 , 0.015833 , 0.017193 , 0.014174 , 0.014916 
 357 , 0.012946 , 0.012675 , 0.020718 , 0.020553 , 0.017138 , 0.013528 , 0.015788 , 0.017184 , 0.014136 , 0.015053 
 358 , 0.012833 , 0.012552 , 0.020801 , 0.020558 , 0.017107 , 0.013384 , 0.015745 , 0.017173 , 0.014099 , 0.01518 
 359 , 0.012764 , 0.01261 , 0.02083 , 0.020634 , 0.017193 , 0.013439 , 0.015847 , 0.017198 , 0.014145 , 0.015314 
 360 , 0.012728 , 0.01279 , 0.020821 , 0.020756 , 0.01736 , 0.013629 , 0.016049 , 0.01725 , 0.014248 , 0.015451 
 361 , 0.012694 , 0.012958 , 0.020813 , 0.020871 , 0.017516 , 0.013805 , 0.016238 , 0.017302 , 0.014345 , 0.015581 
 362 , 0.012683 , 0.013069 , 0.020817 , 0.020901 , 0.017589 , 0.013906 , 0.016359 , 0.017378 , 0.014406 , 0.015655 
 363 , 0.012752 , 0.012994 , 0.020863 , 0.020624 , 0.017369 , 0.013762 , 0.016252 , 0.017546 , 0.014352 , 0.015532 
 364 , 0.012817 , 0.012924 , 0.020903 , 0.020364 , 0.017163 , 0.013626 , 0.01615 , 0.017704 , 0.014301 , 0.015416 
 365 , 0.012877 , 0.012858 , 0.020937 , 0.020121 , 0.01697 , 0.013499 , 0.016055 , 0.017853 , 0.014254 , 0.015307 
 366 , 0.012855 , 0.012912 , 0.021098 , 0.020308 , 0.017142 , 0.013557 , 0.015998 , 0.017892 , 0.0144 , 0.015457 
 367 , 0.012814 , 0.012989 , 0.021284 , 0.020582 , 0.017389 , 0.013652 , 0.015952 , 0.017908 , 0.014584 , 0.015659 
 368 , 0.012771 , 0.013064 , 0.021463 , 0.020849 , 0.017629 , 0.013744 , 0.015906 , 0.017925 , 0.014764 , 0.015856 
 369 , 0.012772 , 0.013147 , 0.021515 , 0.021013 , 0.017781 , 0.0138 , 0.01589 , 0.017891 , 0.014832 , 0.015916 
 370 , 0.012824 , 0.013242 , 0.021414 , 0.021057 , 0.017827 , 0.013813 , 0.01591 , 0.017796 , 0.014765 , 0.015809 
 371 , 0.012878 , 0.013337 , 0.02132 , 0.021102 , 0.017877 , 0.013825 , 0.015933 , 0.017696 , 0.014704 , 0.015699 
 372 , 0.012922 , 0.013413 , 0.021249 , 0.021133 , 0.017914 , 0.013821 , 0.015949 , 0.017606 , 0.01465 , 0.015598 
 373 , 0.012854 , 0.013246 , 0.021438 , 0.020992 , 0.01776 , 0.013646 , 0.015912 , 0.017664 , 0.014671 , 0.015631 
 374 , 0.012787 , 0.013078 , 0.021618 , 0.020845 , 0.017604 , 0.013468 , 0.015862 , 0.017727 , 0.014687 , 0.015664 
 375 , 0.012722 , 0.012911 , 0.02179 , 0.020692 , 0.017445 , 0.013287 , 0.015803 , 0.017793 , 0.0147 , 0.015695 
 376 , 0.012753 , 0.012973 , 0.022086 , 0.02077 , 0.017576 , 0.013414 , 0.015898 , 0.017889 , 0.014843 , 0.01588 
 377 , 0.012827 , 0.013133 , 0.022426 , 0.020958 , 0.01783 , 0.013674 , 0.016073 , 0.018008 , 0.015043 , 0.016138 
 378 , 0.012905 , 0.013298 , 0.022762 , 0.021161 , 0.01809 , 0.013942 , 0.016263 , 0.018138 , 0.015246 , 0.016405 
 379 , 0.01296 , 0.013443 , 0.022995 , 0.021303 , 0.018261 , 0.014099 , 0.01638 , 0.018237 , 0.01535 , 0.016551 
 380 , 0.012965 , 0.013543 , 0.023024 , 0.021308 , 0.018248 , 0.014021 , 0.016337 , 0.018262 , 0.015252 , 0.016436 
 381 , 0.012972 , 0.013646 , 0.023059 , 0.021315 , 0.018238 , 0.013946 , 0.016297 , 0.018289 , 0.015161 , 0.01632 
 382 , 0.012981 , 0.013753 , 0.023096 , 0.021325 , 0.018231 , 0.013873 , 0.01626 , 0.018318 , 0.015073 , 0.0162 
 383 , 0.013043 , 0.013763 , 0.023257 , 0.021376 , 0.018218 , 0.013863 , 0.016267 , 0.018457 , 0.015262 , 0.016321 
 384 , 0.013109 , 0.013773 , 0.023438 , 0.021443 , 0.018218 , 0.013866 , 0.016282 , 0.01861 , 0.015473 , 0.016465 
 385 , 0.01318 , 0.013789 , 0.023629 , 0.021516 , 0.018228 , 0.013876 , 0.016301 , 0.018769 , 0.015691 , 0.016618 
 386 , 0.013158 , 0.013849 , 0.023772 , 0.021604 , 0.018307 , 0.013955 , 0.016455 , 0.018797 , 0.015834 , 0.016732 
 387 , 0.013075 , 0.013939 , 0.023876 , 0.021699 , 0.018427 , 0.014084 , 0.016696 , 0.018735 , 0.015924 , 0.016816 
 388 , 0.013001 , 0.01403 , 0.023982 , 0.021791 , 0.018548 , 0.014208 , 0.016928 , 0.018684 , 0.016009 , 0.016902 
 389 , 0.012972 , 0.014109 , 0.0241 , 0.021861 , 0.018636 , 0.014285 , 0.017105 , 0.018665 , 0.016114 , 0.016972 
 390 , 0.013091 , 0.014154 , 0.024278 , 0.021841 , 0.018619 , 0.014202 , 0.017129 , 0.018738 , 0.016281 , 0.016994 
 391 , 0.013208 , 0.014203 , 0.024448 , 0.02183 , 0.01861 , 0.014124 , 0.017152 , 0.018815 , 0.016445 , 0.017017 
 392 , 0.013321 , 0.014248 , 0.024617 , 0.021817 , 0.018605 , 0.014049 , 0.017176 , 0.018888 , 0.016608 , 0.017044 
 393 , 0.013371 , 0.014282 , 0.024788 , 0.021948 , 0.018699 , 0.014124 , 0.017312 , 0.018985 , 0.01678 , 0.017153 
 394 , 0.013413 , 0.014314 , 0.024948 , 0.022091 , 0.018812 , 0.01422 , 0.01745 , 0.019081 , 0.016939 , 0.017269 
 395 , 0.013451 , 0.014345 , 0.025098 , 0.02223 , 0.018913 , 0.014316 , 0.017581 , 0.019175 , 0.01709 , 0.017382 
 396 , 0.013526 , 0.014489 , 0.025335 , 0.022403 , 0.019078 , 0.014557 , 0.017747 , 0.019342 , 0.017274 , 0.017489 
 397 , 0.013636 , 0.014728 , 0.025642 , 0.022607 , 0.019284 , 0.014933 , 0.017923 , 0.019565 , 0.017489 , 0.017584 
 398 , 0.013736 , 0.014932 , 0.025905 , 0.022779 , 0.019467 , 0.015256 , 0.018072 , 0.019764 , 0.017669 , 0.017669 
 399 , 0.013819 , 0.015097 , 0.026142 , 0.022925 , 0.019606 , 0.015512 , 0.018192 , 0.01994 , 0.017818 , 0.01775 
 400 , 0.013923 , 0.015113 , 0.02642 , 0.023003 , 0.019643 , 0.015565 , 0.018216 , 0.02015 , 0.017875 , 0.017875 
 401 , 0.014009 , 0.015123 , 0.026663 , 0.023079 , 0.019673 , 0.015613 , 0.018232 , 0.02034 , 0.017934 , 0.017976 
 402 , 0.014094 , 0.015127 , 0.026881 , 0.023141 , 0.019697 , 0.015661 , 0.018246 , 0.020506 , 0.017979 , 0.018072 
 403 , 0.014197 , 0.015284 , 0.027152 , 0.023382 , 0.019877 , 0.015858 , 0.018444 , 0.020722 , 0.018238 , 0.018275 
 404 , 0.014304 , 0.015475 , 0.027429 , 0.023668 , 0.020101 , 0.016102 , 0.018691 , 0.020937 , 0.018564 , 0.018497 
 405 , 0.014401 , 0.015657 , 0.027682 , 0.023943 , 0.020311 , 0.016323 , 0.018926 , 0.021144 , 0.018858 , 0.018714 
 406 , 0.014536 , 0.015847 , 0.027968 , 0.024165 , 0.020516 , 0.01656 , 0.019182 , 0.021375 , 0.019128 , 0.018906 
 407 , 0.014731 , 0.016057 , 0.028306 , 0.024337 , 0.020739 , 0.016809 , 0.019476 , 0.021662 , 0.019367 , 0.019072 
 408 , 0.014917 , 0.016249 , 0.028636 , 0.024499 , 0.020942 , 0.017049 , 0.019759 , 0.021937 , 0.019595 , 0.019234 
 409 , 0.015089 , 0.016434 , 0.028943 , 0.024655 , 0.021142 , 0.017281 , 0.020026 , 0.022194 , 0.019805 , 0.019393 
 410 , 0.015305 , 0.016564 , 0.029384 , 0.024946 , 0.021416 , 0.01756 , 0.020229 , 0.02254 , 0.020134 , 0.019775 
 411 , 0.015513 , 0.016692 , 0.029806 , 0.025218 , 0.021673 , 0.017815 , 0.020413 , 0.02286 , 0.020446 , 0.020141 
 412 , 0.015707 , 0.016805 , 0.030204 , 0.025474 , 0.021914 , 0.018064 , 0.02059 , 0.023165 , 0.020736 , 0.020477 
 413 , 0.015895 , 0.017048 , 0.030581 , 0.025808 , 0.022211 , 0.018388 , 0.020904 , 0.023526 , 0.021058 , 0.020815 
 414 , 0.016073 , 0.017354 , 0.030939 , 0.026158 , 0.022536 , 0.01875 , 0.021279 , 0.023906 , 0.021385 , 0.021132 
 415 , 0.016249 , 0.017642 , 0.031284 , 0.026505 , 0.022848 , 0.019093 , 0.021635 , 0.024275 , 0.0217 , 0.021446 
 416 , 0.016426 , 0.017876 , 0.031633 , 0.026814 , 0.02314 , 0.019417 , 0.02197 , 0.024639 , 0.021995 , 0.02174 
 417 , 0.016645 , 0.01801 , 0.032017 , 0.027081 , 0.023409 , 0.019688 , 0.022293 , 0.02503 , 0.022252 , 0.022012 
 418 , 0.016855 , 0.018133 , 0.032382 , 0.027337 , 0.023668 , 0.019959 , 0.022598 , 0.025395 , 0.022498 , 0.022274 
 419 , 0.017055 , 0.018246 , 0.032736 , 0.027581 , 0.023917 , 0.020211 , 0.022893 , 0.025758 , 0.022743 , 0.022526 
 420 , 0.017221 , 0.018424 , 0.033089 , 0.027886 , 0.024194 , 0.020528 , 0.023217 , 0.026157 , 0.023075 , 0.022892 
 421 , 0.017376 , 0.01859 , 0.03343 , 0.028199 , 0.024474 , 0.02085 , 0.023545 , 0.02655 , 0.023411 , 0.023269 
 422 , 0.017531 , 0.018764 , 0.033761 , 0.028494 , 0.024744 , 0.021154 , 0.023864 , 0.026934 , 0.023729 , 0.023629 
 423 , 0.017717 , 0.018987 , 0.034113 , 0.028822 , 0.025053 , 0.021503 , 0.024212 , 0.027333 , 0.02406 , 0.023959 
 424 , 0.017939 , 0.019254 , 0.034478 , 0.029176 , 0.025391 , 0.021884 , 0.02459 , 0.027743 , 0.024396 , 0.024261 
 425 , 0.018161 , 0.019529 , 0.034843 , 0.029521 , 0.025729 , 0.022257 , 0.02496 , 0.028153 , 0.024724 , 0.024563 
 426 , 0.018378 , 0.019783 , 0.035207 , 0.029857 , 0.026056 , 0.022611 , 0.025336 , 0.028562 , 0.025049 , 0.024862 
 427 , 0.018623 , 0.019988 , 0.035534 , 0.030126 , 0.026337 , 0.022836 , 0.025684 , 0.028956 , 0.025319 , 0.025108 
 428 , 0.018868 , 0.020184 , 0.035869 , 0.030395 , 0.026609 , 0.023061 , 0.026024 , 0.029342 , 0.025591 , 0.025361 
 429 , 0.019106 , 0.020389 , 0.036197 , 0.030664 , 0.026882 , 0.023287 , 0.026372 , 0.029729 , 0.025862 , 0.025607 
 430 , 0.019298 , 0.020622 , 0.036584 , 0.030963 , 0.027228 , 0.023569 , 0.026693 , 0.030131 , 0.026167 , 0.025937 
 431 , 0.019481 , 0.020864 , 0.036975 , 0.031271 , 0.027579 , 0.023861 , 0.027001 , 0.030516 , 0.026475 , 0.026288 
 432 , 0.019646 , 0.021089 , 0.037358 , 0.031562 , 0.027912 , 0.024153 , 0.027293 , 0.030891 , 0.026775 , 0.026622 
 433 , 0.019832 , 0.021282 , 0.037673 , 0.031842 , 0.028231 , 0.024409 , 0.027579 , 0.031223 , 0.027019 , 0.026909 
 434 , 0.020027 , 0.021441 , 0.037895 , 0.032111 , 0.028512 , 0.024634 , 0.027835 , 0.031484 , 0.027182 , 0.027123 
 435 , 0.020213 , 0.021584 , 0.038117 , 0.032363 , 0.028784 , 0.02485 , 0.028082 , 0.031737 , 0.027338 , 0.027329 
 436 , 0.020389 , 0.021726 , 0.038335 , 0.032618 , 0.029041 , 0.025066 , 0.028322 , 0.031992 , 0.027493 , 0.027536 
 437 , 0.020588 , 0.021882 , 0.038662 , 0.032917 , 0.02927 , 0.025301 , 0.02855 , 0.032341 , 0.027738 , 0.02778 
 438 , 0.020766 , 0.022036 , 0.038975 , 0.033202 , 0.029477 , 0.025532 , 0.028766 , 0.032677 , 0.02797 , 0.028012 
 439 , 0.020944 , 0.022189 , 0.039279 , 0.033478 , 0.029692 , 0.025754 , 0.028972 , 0.033012 , 0.028202 , 0.028236 
 440 , 0.021072 , 0.02236 , 0.039533 , 0.033735 , 0.029921 , 0.025954 , 0.029192 , 0.033252 , 0.028429 , 0.028438 
 441 , 0.021178 , 0.022535 , 0.039754 , 0.033981 , 0.030165 , 0.026147 , 0.029402 , 0.033455 , 0.028656 , 0.028631 
 442 , 0.021277 , 0.02271 , 0.039975 , 0.034226 , 0.030401 , 0.026331 , 0.029612 , 0.033657 , 0.028883 , 0.028824 
 443 , 0.021405 , 0.022873 , 0.040199 , 0.034449 , 0.030624 , 0.026494 , 0.02981 , 0.033855 , 0.02908 , 0.029013 
 444 , 0.021567 , 0.022991 , 0.040448 , 0.034634 , 0.030821 , 0.026635 , 0.029999 , 0.034058 , 0.029228 , 0.029202 
 445 , 0.021729 , 0.023109 , 0.04068 , 0.03482 , 0.031009 , 0.026767 , 0.030171 , 0.034261 , 0.029375 , 0.029384 
 446 , 0.021882 , 0.023227 , 0.040912 , 0.035006 , 0.031198 , 0.0269 , 0.030344 , 0.034456 , 0.029523 , 0.029565 
 447 , 0.022013 , 0.02335 , 0.041134 , 0.035195 , 0.031362 , 0.027056 , 0.030516 , 0.034687 , 0.029712 , 0.029763 
 448 , 0.022138 , 0.023465 , 0.041335 , 0.035384 , 0.031521 , 0.02721 , 0.030676 , 0.034911 , 0.029898 , 0.029949 
 449 , 0.022263 , 0.023589 , 0.041545 , 0.035574 , 0.031672 , 0.027364 , 0.030836 , 0.035135 , 0.030092 , 0.030135 
 450 , 0.022386 , 0.023729 , 0.041739 , 0.035775 , 0.031847 , 0.027505 , 0.030985 , 0.035294 , 0.030242 , 0.03031 
 451 , 0.022507 , 0.023884 , 0.041932 , 0.035986 , 0.032034 , 0.02765 , 0.031147 , 0.035412 , 0.03037 , 0.030471 
 452 , 0.022628 , 0.024038 , 0.042132 , 0.036197 , 0.03222 , 0.027787 , 0.0313 , 0.03553 , 0.030506 , 0.030633 
 453 , 0.022739 , 0.024166 , 0.042319 , 0.036372 , 0.032377 , 0.027917 , 0.031439 , 0.035654 , 0.03062 , 0.030772 
 454 , 0.022827 , 0.024229 , 0.042503 , 0.036462 , 0.032466 , 0.02798 , 0.031529 , 0.035795 , 0.030718 , 0.03087 
 455 , 0.022907 , 0.024292 , 0.042678 , 0.036552 , 0.032556 , 0.028052 , 0.031626 , 0.035927 , 0.030807 , 0.030959 
 456 , 0.022995 , 0.024347 , 0.042862 , 0.036643 , 0.032645 , 0.028124 , 0.031716 , 0.036068 , 0.030905 , 0.031048 
 457 , 0.023072 , 0.024433 , 0.043066 , 0.036785 , 0.032777 , 0.02822 , 0.031822 , 0.036201 , 0.031061 , 0.031196 
 458 , 0.023144 , 0.024532 , 0.043269 , 0.036941 , 0.032906 , 0.028321 , 0.031934 , 0.036341 , 0.031231 , 0.031358 
 459 , 0.023226 , 0.024622 , 0.04348 , 0.03709 , 0.033044 , 0.028423 , 0.032045 , 0.036472 , 0.031402 , 0.031512 
 460 , 0.023295 , 0.024702 , 0.04364 , 0.037223 , 0.033171 , 0.028517 , 0.032145 , 0.036562 , 0.031518 , 0.031628 
 461 , 0.02336 , 0.024779 , 0.043764 , 0.037334 , 0.033307 , 0.02861 , 0.032237 , 0.03662 , 0.031583 , 0.03171 
 462 , 0.023426 , 0.024864 , 0.043889 , 0.037454 , 0.033444 , 0.028703 , 0.032329 , 0.036671 , 0.031648 , 0.031785 
 463 , 0.023497 , 0.02493 , 0.044033 , 0.037566 , 0.033564 , 0.028795 , 0.03243 , 0.036738 , 0.03173 , 0.031875 
 464 , 0.023565 , 0.024977 , 0.044237 , 0.037692 , 0.033619 , 0.028861 , 0.032523 , 0.036853 , 0.031865 , 0.031984 
 465 , 0.023642 , 0.025015 , 0.044453 , 0.037819 , 0.033674 , 0.028928 , 0.032627 , 0.036978 , 0.032009 , 0.032104 
 466 , 0.023721 , 0.025064 , 0.044662 , 0.03794 , 0.033731 , 0.028997 , 0.032724 , 0.037096 , 0.032156 , 0.032225 
 467 , 0.023771 , 0.025152 , 0.044856 , 0.038087 , 0.033839 , 0.029081 , 0.032837 , 0.037206 , 0.032293 , 0.032336 
 468 , 0.023817 , 0.025264 , 0.045043 , 0.038239 , 0.033966 , 0.029173 , 0.032952 , 0.037312 , 0.032423 , 0.032458 
 469 , 0.023864 , 0.025378 , 0.045231 , 0.038393 , 0.034087 , 0.029276 , 0.033077 , 0.037419 , 0.032564 , 0.032582 
 470 , 0.023924 , 0.025468 , 0.045422 , 0.03852 , 0.034184 , 0.029368 , 0.033172 , 0.037526 , 0.032683 , 0.032683 
 471 , 0.023996 , 0.025537 , 0.045611 , 0.038633 , 0.034256 , 0.029459 , 0.033258 , 0.037627 , 0.032777 , 0.032759 
 472 , 0.024059 , 0.025614 , 0.045809 , 0.038746 , 0.034328 , 0.029541 , 0.033344 , 0.037727 , 0.032879 , 0.032844 
 473 , 0.024126 , 0.025686 , 0.045996 , 0.038859 , 0.0344 , 0.029633 , 0.033422 , 0.037828 , 0.032982 , 0.03292 
 474 , 0.024204 , 0.025768 , 0.046242 , 0.03897 , 0.034516 , 0.029727 , 0.033509 , 0.037962 , 0.033146 , 0.033067 
 475 , 0.024287 , 0.025856 , 0.046473 , 0.03909 , 0.034631 , 0.029827 , 0.033594 , 0.038106 , 0.03331 , 0.033204 
 476 , 0.024361 , 0.025944 , 0.046713 , 0.0392 , 0.034746 , 0.029927 , 0.033688 , 0.03824 , 0.033466 , 0.033341 
 477 , 0.02442 , 0.026043 , 0.046922 , 0.039368 , 0.034899 , 0.030047 , 0.033793 , 0.038342 , 0.033588 , 0.033463 
 478 , 0.024465 , 0.026155 , 0.047114 , 0.039546 , 0.035065 , 0.030181 , 0.03392 , 0.038446 , 0.033705 , 0.033571 
 479 , 0.024519 , 0.026259 , 0.047306 , 0.039725 , 0.03523 , 0.030314 , 0.034037 , 0.038541 , 0.033813 , 0.033678 
 480 , 0.024582 , 0.026347 , 0.047507 , 0.03988 , 0.03536 , 0.030417 , 0.034144 , 0.038646 , 0.033928 , 0.033793 
 481 , 0.024669 , 0.026392 , 0.04774 , 0.040008 , 0.035442 , 0.030479 , 0.034233 , 0.03879 , 0.034044 , 0.033908 
 482 , 0.024765 , 0.026429 , 0.047975 , 0.040127 , 0.035516 , 0.030543 , 0.034313 , 0.038925 , 0.034169 , 0.034024 
 483 , 0.024853 , 0.026475 , 0.048221 , 0.040247 , 0.035599 , 0.030607 , 0.034403 , 0.039069 , 0.034294 , 0.03414 
 484 , 0.024943 , 0.026649 , 0.048471 , 0.040432 , 0.035786 , 0.030778 , 0.034552 , 0.039243 , 0.034507 , 0.034334 
 485 , 0.025037 , 0.026818 , 0.048721 , 0.040608 , 0.035975 , 0.030942 , 0.034703 , 0.039427 , 0.034721 , 0.034531 
 486 , 0.025132 , 0.026987 , 0.048981 , 0.040794 , 0.036165 , 0.031117 , 0.034855 , 0.039603 , 0.034928 , 0.034737 
 487 , 0.025272 , 0.02718 , 0.049245 , 0.041006 , 0.036364 , 0.031313 , 0.035037 , 0.039779 , 0.035128 , 0.034938 
 488 , 0.025433 , 0.027375 , 0.049522 , 0.041244 , 0.036552 , 0.031523 , 0.035235 , 0.039955 , 0.035317 , 0.035145 
 489 , 0.025593 , 0.027561 , 0.04979 , 0.041473 , 0.036748 , 0.031733 , 0.035442 , 0.040131 , 0.035506 , 0.035352 
 490 , 0.025769 , 0.027751 , 0.05009 , 0.041712 , 0.036953 , 0.031949 , 0.035659 , 0.040355 , 0.035713 , 0.035586 
 491 , 0.025969 , 0.027918 , 0.050441 , 0.041977 , 0.037158 , 0.032168 , 0.035913 , 0.040687 , 0.035976 , 0.035886 
 492 , 0.02617 , 0.028086 , 0.050791 , 0.042242 , 0.037365 , 0.032379 , 0.036159 , 0.041009 , 0.03624 , 0.036195 
 493 , 0.026361 , 0.028254 , 0.051133 , 0.042498 , 0.037562 , 0.032589 , 0.036413 , 0.041322 , 0.036494 , 0.036485 
 494 , 0.02663 , 0.028547 , 0.051513 , 0.042851 , 0.037853 , 0.032945 , 0.036742 , 0.041678 , 0.036841 , 0.036886 
 495 , 0.026892 , 0.028831 , 0.051891 , 0.043207 , 0.038141 , 0.033307 , 0.037078 , 0.042036 , 0.037203 , 0.037292 
 496 , 0.027154 , 0.029124 , 0.052259 , 0.043552 , 0.038428 , 0.033669 , 0.037403 , 0.042385 , 0.037554 , 0.037688 
 497 , 0.027484 , 0.029441 , 0.0527 , 0.043939 , 0.038736 , 0.034084 , 0.037784 , 0.042774 , 0.037927 , 0.038122 
 498 , 0.027872 , 0.02977 , 0.05318 , 0.044354 , 0.039076 , 0.034543 , 0.038206 , 0.043192 , 0.038313 , 0.038579 
 499 , 0.028258 , 0.030098 , 0.053657 , 0.044757 , 0.039405 , 0.034999 , 0.038617 , 0.043607 , 0.038697 , 0.039042 
 500 , 0.028683 , 0.030455 , 0.054146 , 0.045194 , 0.039769 , 0.035474 , 0.039064 , 0.044065 , 0.039117 , 0.03954 
 501 , 0.029226 , 0.030887 , 0.054679 , 0.04572 , 0.040207 , 0.036031 , 0.039609 , 0.044665 , 0.039689 , 0.040181 
 502 , 0.029766 , 0.031317 , 0.055202 , 0.046236 , 0.040643 , 0.036585 , 0.040153 , 0.045271 , 0.040249 , 0.040819 
 503 , 0.030304 , 0.031745 , 0.055723 , 0.046749 , 0.041086 , 0.037128 , 0.040684 , 0.045866 , 0.040807 , 0.041445 
 504 , 0.031013 , 0.032387 , 0.056406 , 0.047515 , 0.041704 , 0.037911 , 0.041443 , 0.046611 , 0.041513 , 0.042305 
 505 , 0.03174 , 0.033057 , 0.057094 , 0.048299 , 0.042337 , 0.038715 , 0.042225 , 0.047363 , 0.042225 , 0.043186 
 506 , 0.032454 , 0.033705 , 0.057778 , 0.049069 , 0.042958 , 0.039514 , 0.042984 , 0.048102 , 0.042924 , 0.044054 
 507 , 0.033284 , 0.034428 , 0.058526 , 0.049883 , 0.043639 , 0.040371 , 0.043811 , 0.048928 , 0.043682 , 0.044989 
 508 , 0.034205 , 0.03519 , 0.059334 , 0.050729 , 0.044369 , 0.041293 , 0.044687 , 0.04982 , 0.044489 , 0.045998 
 509 , 0.03512 , 0.035949 , 0.06012 , 0.051553 , 0.045079 , 0.042201 , 0.045549 , 0.050699 , 0.045284 , 0.046984 
 510 , 0.036072 , 0.036745 , 0.060923 , 0.052412 , 0.045827 , 0.043134 , 0.04644 , 0.051603 , 0.046116 , 0.048008 
 511 , 0.037282 , 0.037758 , 0.061842 , 0.053474 , 0.046756 , 0.044273 , 0.047496 , 0.052683 , 0.047156 , 0.049273 
 512 , 0.038481 , 0.03877 , 0.062749 , 0.054527 , 0.047679 , 0.045405 , 0.048545 , 0.053772 , 0.04818 , 0.050539 
 513 , 0.039675 , 0.039785 , 0.063661 , 0.055575 , 0.048599 , 0.046533 , 0.049589 , 0.054847 , 0.049208 , 0.051791 
 514 , 0.041123 , 0.040996 , 0.064687 , 0.056821 , 0.049691 , 0.047856 , 0.050867 , 0.056077 , 0.050376 , 0.053193 
 515 , 0.042613 , 0.042267 , 0.065745 , 0.058113 , 0.05082 , 0.049214 , 0.052197 , 0.057336 , 0.051572 , 0.054631 
 516 , 0.044109 , 0.043526 , 0.066809 , 0.059403 , 0.051937 , 0.050578 , 0.053525 , 0.058592 , 0.052757 , 0.056059 
 517 , 0.045747 , 0.044921 , 0.067963 , 0.060816 , 0.053172 , 0.052025 , 0.05495 , 0.059981 , 0.054065 , 0.057638 
 518 , 0.047539 , 0.046461 , 0.069211 , 0.062346 , 0.054513 , 0.053545 , 0.056484 , 0.061496 , 0.05549 , 0.059373 
 519 , 0.049321 , 0.047983 , 0.070442 , 0.063867 , 0.055845 , 0.055054 , 0.057992 , 0.062992 , 0.056906 , 0.061089 
 520 , 0.051097 , 0.049507 , 0.071675 , 0.065385 , 0.057177 , 0.056563 , 0.059498 , 0.064485 , 0.058312 , 0.062795 
 521 , 0.053012 , 0.051164 , 0.072937 , 0.067007 , 0.058682 , 0.058229 , 0.061135 , 0.066041 , 0.059783 , 0.064588 
 522 , 0.054897 , 0.052781 , 0.074176 , 0.068592 , 0.060153 , 0.05986 , 0.062731 , 0.067559 , 0.061228 , 0.066342 
 523 , 0.056739 , 0.05438 , 0.075397 , 0.070151 , 0.061599 , 0.061464 , 0.064301 , 0.069052 , 0.062639 , 0.068061 
 524 , 0.058625 , 0.055998 , 0.076648 , 0.071712 , 0.063066 , 0.063049 , 0.065895 , 0.070562 , 0.064098 , 0.069815 
 525 , 0.060495 , 0.057606 , 0.077889 , 0.073253 , 0.064527 , 0.064602 , 0.067466 , 0.072069 , 0.065543 , 0.071556 
 526 , 0.062333 , 0.05919 , 0.079114 , 0.07477 , 0.065963 , 0.06614 , 0.069022 , 0.073551 , 0.066963 , 0.073265 
 527 , 0.064099 , 0.060719 , 0.080294 , 0.076241 , 0.06737 , 0.067605 , 0.070532 , 0.074988 , 0.068337 , 0.074921 
 528 , 0.065788 , 0.062186 , 0.081425 , 0.077671 , 0.06875 , 0.068994 , 0.071991 , 0.07635 , 0.069651 , 0.076468 
 529 , 0.067437 , 0.063629 , 0.082539 , 0.079069 , 0.070098 , 0.070359 , 0.073425 , 0.077696 , 0.070941 , 0.077991 
 530 , 0.069065 , 0.065035 , 0.083633 , 0.080446 , 0.071425 , 0.071695 , 0.074831 , 0.079013 , 0.072209 , 0.079493 
 531 , 0.070518 , 0.066322 , 0.084684 , 0.081721 , 0.072646 , 0.07295 , 0.076175 , 0.080185 , 0.073372 , 0.080919 
 532 , 0.071948 , 0.067595 , 0.085717 , 0.082987 , 0.073858 , 0.074188 , 0.077501 , 0.081347 , 0.074517 , 0.082327 
 533 , 0.073362 , 0.068843 , 0.086742 , 0.084228 , 0.075046 , 0.07541 , 0.078804 , 0.082493 , 0.075647 , 0.08372 
 534 , 0.074572 , 0.06989 , 0.087634 , 0.085276 , 0.076082 , 0.076429 , 0.07989 , 0.083486 , 0.076625 , 0.084877 
 535 , 0.075677 , 0.070834 , 0.088445 , 0.086211 , 0.077044 , 0.07735 , 0.080876 , 0.084393 , 0.077529 , 0.085931 
 536 , 0.076775 , 0.071772 , 0.089258 , 0.087148 , 0.077992 , 0.078256 , 0.081847 , 0.085293 , 0.078417 , 0.086969 
 537 , 0.077796 , 0.072647 , 0.090028 , 0.088034 , 0.078895 , 0.079108 , 0.082783 , 0.086133 , 0.079262 , 0.087965 
 538 , 0.078704 , 0.073416 , 0.090759 , 0.088854 , 0.079721 , 0.079883 , 0.08366 , 0.086881 , 0.080037 , 0.088897 
 539 , 0.079607 , 0.074187 , 0.091492 , 0.089676 , 0.080549 , 0.080651 , 0.084522 , 0.08763 , 0.080806 , 0.089822 
 540 , 0.080511 , 0.074942 , 0.092208 , 0.090483 , 0.08137 , 0.081413 , 0.085386 , 0.088364 , 0.081567 , 0.090741 
 541 , 0.081234 , 0.075592 , 0.092829 , 0.091195 , 0.082094 , 0.082094 , 0.086129 , 0.088976 , 0.082206 , 0.091522 
 542 , 0.081961 , 0.076235 , 0.093439 , 0.091896 , 0.082824 , 0.082772 , 0.086868 , 0.089585 , 0.082841 , 0.092293 
 543 , 0.082672 , 0.07688 , 0.094059 , 0.092598 , 0.083537 , 0.08345 , 0.087601 , 0.090194 , 0.083468 , 0.093056 
 544 , 0.08332 , 0.077445 , 0.094664 , 0.093234 , 0.084187 , 0.08404 , 0.08826 , 0.090773 , 0.084074 , 0.093754 
 545 , 0.083903 , 0.077968 , 0.095249 , 0.093816 , 0.084789 , 0.084598 , 0.088881 , 0.091357 , 0.084667 , 0.094433 
 546 , 0.084493 , 0.078474 , 0.095835 , 0.094397 , 0.08539 , 0.085155 , 0.089502 , 0.091923 , 0.085269 , 0.095103 
 547 , 0.085028 , 0.078957 , 0.096376 , 0.094944 , 0.085946 , 0.085683 , 0.090069 , 0.092454 , 0.085823 , 0.095739 
 548 , 0.085484 , 0.079348 , 0.096862 , 0.095415 , 0.086413 , 0.086167 , 0.090542 , 0.092873 , 0.086273 , 0.096274 
 549 , 0.085929 , 0.079746 , 0.097336 , 0.095894 , 0.086888 , 0.086659 , 0.091004 , 0.093299 , 0.086729 , 0.096809 
 550 , 0.086373 , 0.080143 , 0.09781 , 0.096363 , 0.087353 , 0.087141 , 0.091465 , 0.093715 , 0.087185 , 0.097342 
 551 , 0.086635 , 0.080363 , 0.098197 , 0.096682 , 0.087681 , 0.087468 , 0.091774 , 0.094006 , 0.087503 , 0.097674 
 552 , 0.086898 , 0.080578 , 0.098587 , 0.096987 , 0.088009 , 0.087796 , 0.09208 , 0.094285 , 0.087831 , 0.098 
 553 , 0.087151 , 0.080783 , 0.098986 , 0.0973 , 0.088328 , 0.088114 , 0.092395 , 0.094571 , 0.08815 , 0.098326 
 554 , 0.087222 , 0.080837 , 0.099285 , 0.097476 , 0.088512 , 0.088297 , 0.092542 , 0.094745 , 0.08836 , 0.098524 
 555 , 0.08717 , 0.080781 , 0.099534 , 0.097566 , 0.088599 , 0.088374 , 0.092588 , 0.094835 , 0.088491 , 0.098636 
 556 , 0.087116 , 0.080724 , 0.099784 , 0.097656 , 0.088685 , 0.088451 , 0.092625 , 0.094924 , 0.088622 , 0.098756 
 557 , 0.087 , 0.08062 , 0.100002 , 0.097695 , 0.088719 , 0.088493 , 0.092619 , 0.094962 , 0.08871 , 0.098808 
 558 , 0.086681 , 0.080385 , 0.100098 , 0.097612 , 0.088604 , 0.088431 , 0.09245 , 0.094872 , 0.088631 , 0.098664 
 559 , 0.086356 , 0.080154 , 0.100197 , 0.097514 , 0.088493 , 0.088375 , 0.092276 , 0.094768 , 0.088566 , 0.098524 
 560 , 0.08603 , 0.079913 , 0.100296 , 0.097425 , 0.088372 , 0.088318 , 0.092101 , 0.094672 , 0.0885 , 0.098382 
 561 , 0.085473 , 0.079412 , 0.10025 , 0.097111 , 0.088056 , 0.088028 , 0.091679 , 0.09439 , 0.088229 , 0.097978 
 562 , 0.084876 , 0.078866 , 0.100184 , 0.096768 , 0.087698 , 0.087707 , 0.091215 , 0.094083 , 0.087927 , 0.097526 
 563 , 0.08428 , 0.078321 , 0.100117 , 0.096416 , 0.087341 , 0.087387 , 0.090759 , 0.093775 , 0.087624 , 0.097083 
 564 , 0.083577 , 0.077707 , 0.1 , 0.096013 , 0.086915 , 0.086979 , 0.090198 , 0.093398 , 0.087262 , 0.096571 
 565 , 0.082796 , 0.077041 , 0.09986 , 0.095566 , 0.08645 , 0.086514 , 0.089565 , 0.092972 , 0.086861 , 0.096041 
 566 , 0.082007 , 0.076377 , 0.099718 , 0.095119 , 0.085976 , 0.086058 , 0.088933 , 0.092555 , 0.086451 , 0.095503 
 567 , 0.081184 , 0.075688 , 0.099562 , 0.094648 , 0.085469 , 0.085569 , 0.088285 , 0.092114 , 0.086016 , 0.094913 
 568 , 0.080244 , 0.074915 , 0.099332 , 0.094066 , 0.084854 , 0.085 , 0.087573 , 0.091575 , 0.085464 , 0.094166 
 569 , 0.079292 , 0.074132 , 0.0991 , 0.093495 , 0.084244 , 0.084417 , 0.086856 , 0.091037 , 0.084915 , 0.093413 
 570 , 0.078344 , 0.07336 , 0.098866 , 0.092915 , 0.083626 , 0.083843 , 0.08614 , 0.090491 , 0.084367 , 0.092661 
 571 , 0.077383 , 0.072532 , 0.098588 , 0.092295 , 0.082973 , 0.083207 , 0.085371 , 0.089924 , 0.083793 , 0.09189 
 572 , 0.076415 , 0.071699 , 0.098305 , 0.091676 , 0.082316 , 0.082568 , 0.08458 , 0.08935 , 0.083223 , 0.091119 
 573 , 0.07545 , 0.070859 , 0.09802 , 0.091057 , 0.081652 , 0.08192 , 0.08379 , 0.088766 , 0.082645 , 0.090341 
 574 , 0.074529 , 0.070089 , 0.09777 , 0.090487 , 0.081046 , 0.08134 , 0.083051 , 0.088231 , 0.082124 , 0.089631 
 575 , 0.07367 , 0.06939 , 0.097566 , 0.089992 , 0.080508 , 0.080827 , 0.082372 , 0.087745 , 0.081671 , 0.088997 
 576 , 0.072805 , 0.068692 , 0.097368 , 0.089496 , 0.07997 , 0.080306 , 0.081686 , 0.087258 , 0.081217 , 0.088355 
 577 , 0.071956 , 0.068009 , 0.097175 , 0.089007 , 0.079455 , 0.07979 , 0.081015 , 0.086778 , 0.080768 , 0.08772 
 578 , 0.071268 , 0.067445 , 0.097023 , 0.088646 , 0.079065 , 0.079338 , 0.080471 , 0.086396 , 0.08034 , 0.087152 
 579 , 0.07058 , 0.066879 , 0.096877 , 0.088275 , 0.078673 , 0.078884 , 0.079918 , 0.086004 , 0.079918 , 0.086574 
 580 , 0.069883 , 0.066305 , 0.096729 , 0.087903 , 0.078281 , 0.078429 , 0.079365 , 0.085611 , 0.079488 , 0.085996 
 581 , 0.069328 , 0.065829 , 0.096649 , 0.087615 , 0.077951 , 0.078073 , 0.078904 , 0.085315 , 0.079167 , 0.085534 
 582 , 0.068796 , 0.065372 , 0.096582 , 0.087331 , 0.077627 , 0.077732 , 0.078465 , 0.085043 , 0.078867 , 0.085104 
 583 , 0.068255 , 0.064914 , 0.096512 , 0.087046 , 0.077302 , 0.077389 , 0.078017 , 0.084752 , 0.078567 , 0.084656 
 584 , 0.067772 , 0.064532 , 0.096479 , 0.08682 , 0.077038 , 0.077099 , 0.077623 , 0.084523 , 0.078313 , 0.084287 
 585 , 0.067367 , 0.064257 , 0.096477 , 0.086631 , 0.07682 , 0.076837 , 0.0773 , 0.084324 , 0.078122 , 0.083993 
 586 , 0.066936 , 0.063973 , 0.096467 , 0.086434 , 0.076593 , 0.076567 , 0.076951 , 0.084127 , 0.077922 , 0.08369 
 587 , 0.066521 , 0.063688 , 0.096472 , 0.086244 , 0.076374 , 0.076295 , 0.076618 , 0.083927 , 0.07772 , 0.083385 
 588 , 0.066262 , 0.063477 , 0.096555 , 0.086142 , 0.076219 , 0.076114 , 0.076395 , 0.083795 , 0.077594 , 0.083156 
 589 , 0.065987 , 0.063248 , 0.096637 , 0.08604 , 0.076066 , 0.075926 , 0.076171 , 0.08366 , 0.077462 , 0.082923 
 590 , 0.065698 , 0.063013 , 0.096734 , 0.085934 , 0.075908 , 0.075732 , 0.075935 , 0.083522 , 0.077325 , 0.082686 
 591 , 0.065514 , 0.062889 , 0.096905 , 0.085948 , 0.075881 , 0.075643 , 0.075819 , 0.083491 , 0.077299 , 0.082601 
 592 , 0.06537 , 0.062824 , 0.097113 , 0.086008 , 0.075892 , 0.075574 , 0.075742 , 0.083505 , 0.077316 , 0.082559 
 593 , 0.065229 , 0.062752 , 0.097329 , 0.086064 , 0.075908 , 0.075509 , 0.07566 , 0.083516 , 0.077337 , 0.082531 
 594 , 0.065105 , 0.062712 , 0.097533 , 0.086137 , 0.075941 , 0.075461 , 0.075603 , 0.08353 , 0.077347 , 0.08248 
 595 , 0.065012 , 0.062695 , 0.097687 , 0.086207 , 0.075984 , 0.075414 , 0.075538 , 0.083533 , 0.077312 , 0.082393 
 596 , 0.064911 , 0.062679 , 0.097853 , 0.086289 , 0.076029 , 0.075359 , 0.075475 , 0.08353 , 0.07727 , 0.082297 
 597 , 0.064814 , 0.062667 , 0.098012 , 0.086356 , 0.076068 , 0.075307 , 0.075397 , 0.083538 , 0.07724 , 0.082214 
 598 , 0.06472 , 0.06257 , 0.09819 , 0.086377 , 0.076068 , 0.075226 , 0.075306 , 0.083546 , 0.077241 , 0.082113 
 599 , 0.06463 , 0.062468 , 0.098353 , 0.086397 , 0.076056 , 0.07515 , 0.075213 , 0.083545 , 0.077249 , 0.082002 
 600 , 0.06454 , 0.062376 , 0.098526 , 0.08641 , 0.076045 , 0.075066 , 0.07512 , 0.083545 , 0.077249 , 0.081892 
 601 , 0.06436 , 0.062292 , 0.098658 , 0.086392 , 0.07597 , 0.074972 , 0.074999 , 0.083497 , 0.077247 , 0.081734 
 602 , 0.064132 , 0.062224 , 0.098787 , 0.086371 , 0.075873 , 0.074865 , 0.074856 , 0.083436 , 0.077242 , 0.081563 
 603 , 0.063895 , 0.062146 , 0.098926 , 0.086351 , 0.075767 , 0.074749 , 0.074722 , 0.083376 , 0.077237 , 0.081383 
 604 , 0.063658 , 0.06206 , 0.099043 , 0.086306 , 0.075645 , 0.074625 , 0.074562 , 0.083291 , 0.077207 , 0.081188 
 605 , 0.063388 , 0.061934 , 0.099132 , 0.086209 , 0.075489 , 0.074478 , 0.074378 , 0.083174 , 0.077115 , 0.080944 
 606 , 0.063116 , 0.061797 , 0.099218 , 0.086109 , 0.075322 , 0.074328 , 0.074183 , 0.083046 , 0.07702 , 0.080688 
 607 , 0.062838 , 0.061663 , 0.0993 , 0.086004 , 0.075157 , 0.074172 , 0.073982 , 0.082922 , 0.076929 , 0.080427 
 608 , 0.062445 , 0.06136 , 0.099288 , 0.085732 , 0.074871 , 0.073903 , 0.073668 , 0.082739 , 0.076743 , 0.08008 
 609 , 0.062054 , 0.06105 , 0.099263 , 0.085443 , 0.07458 , 0.073622 , 0.073341 , 0.082558 , 0.076552 , 0.079727 
 610 , 0.061644 , 0.06074 , 0.099246 , 0.085162 , 0.074281 , 0.07334 , 0.073005 , 0.082367 , 0.076361 , 0.079364 
 611 , 0.061217 , 0.06044 , 0.09919 , 0.084923 , 0.074001 , 0.073088 , 0.072709 , 0.082147 , 0.076162 , 0.07901 
 612 , 0.060768 , 0.060127 , 0.099107 , 0.084698 , 0.073731 , 0.072855 , 0.072422 , 0.081916 , 0.075963 , 0.078655 
 613 , 0.060319 , 0.059814 , 0.099022 , 0.084472 , 0.073452 , 0.072622 , 0.072125 , 0.081674 , 0.075753 , 0.078299 
 614 , 0.059868 , 0.059481 , 0.098936 , 0.084228 , 0.073179 , 0.072359 , 0.071818 , 0.081443 , 0.075513 , 0.077929 
 615 , 0.059404 , 0.059116 , 0.098848 , 0.083943 , 0.072888 , 0.072051 , 0.071457 , 0.081208 , 0.075199 , 0.07752 
 616 , 0.058934 , 0.058746 , 0.098754 , 0.083661 , 0.072591 , 0.071738 , 0.071091 , 0.080967 , 0.074889 , 0.077107 
 617 , 0.058464 , 0.058374 , 0.098656 , 0.083368 , 0.0723 , 0.071422 , 0.070723 , 0.080724 , 0.074567 , 0.076691 
 618 , 0.058111 , 0.058084 , 0.098631 , 0.083193 , 0.072118 , 0.071206 , 0.070438 , 0.08061 , 0.074442 , 0.076418 
 619 , 0.057764 , 0.0578 , 0.098598 , 0.083025 , 0.071937 , 0.070983 , 0.070145 , 0.080491 , 0.074319 , 0.076139 
 620 , 0.057408 , 0.057515 , 0.098573 , 0.082855 , 0.071756 , 0.070759 , 0.06986 , 0.080371 , 0.074194 , 0.075859 
 621 , 0.057112 , 0.057307 , 0.098571 , 0.08275 , 0.071645 , 0.070624 , 0.069682 , 0.080262 , 0.074053 , 0.075643 
 622 , 0.056845 , 0.057111 , 0.098549 , 0.082671 , 0.071553 , 0.070525 , 0.069541 , 0.080144 , 0.073885 , 0.075436 
 623 , 0.05657 , 0.056924 , 0.098532 , 0.08259 , 0.071451 , 0.070425 , 0.069407 , 0.080015 , 0.073716 , 0.075229 
 624 , 0.056349 , 0.056755 , 0.098578 , 0.082541 , 0.071379 , 0.070355 , 0.069304 , 0.079954 , 0.073595 , 0.07507 
 625 , 0.056239 , 0.056636 , 0.09873 , 0.082564 , 0.071338 , 0.070324 , 0.069239 , 0.079989 , 0.07356 , 0.075006 
 626 , 0.056122 , 0.056509 , 0.098891 , 0.082589 , 0.071297 , 0.070284 , 0.069175 , 0.080026 , 0.073526 , 0.074944 
 627 , 0.056013 , 0.056382 , 0.099052 , 0.082612 , 0.071256 , 0.070245 , 0.06911 , 0.080061 , 0.07349 , 0.07488 
 628 , 0.055917 , 0.056347 , 0.099149 , 0.08262 , 0.071261 , 0.07026 , 0.069049 , 0.080109 , 0.073499 , 0.074851 
 629 , 0.055825 , 0.056308 , 0.099235 , 0.082611 , 0.071266 , 0.070275 , 0.068995 , 0.080156 , 0.07351 , 0.074817 
 630 , 0.055725 , 0.056259 , 0.09932 , 0.082602 , 0.07127 , 0.070289 , 0.06894 , 0.080194 , 0.07352 , 0.074773 
 631 , 0.055594 , 0.056206 , 0.099385 , 0.082575 , 0.071242 , 0.070246 , 0.068892 , 0.080172 , 0.073453 , 0.074676 
 632 , 0.055446 , 0.056127 , 0.099473 , 0.082553 , 0.07123 , 0.070183 , 0.068856 , 0.080126 , 0.073369 , 0.074565 
 633 , 0.055298 , 0.056057 , 0.099551 , 0.082541 , 0.071209 , 0.070119 , 0.068819 , 0.08009 , 0.073285 , 0.074454 
 634 , 0.055096 , 0.055924 , 0.099579 , 0.082439 , 0.07112 , 0.069953 , 0.068707 , 0.080008 , 0.073159 , 0.074275 
 635 , 0.054797 , 0.055677 , 0.099513 , 0.082152 , 0.070886 , 0.069572 , 0.068449 , 0.079836 , 0.07295 , 0.073934 
 636 , 0.054492 , 0.055431 , 0.099439 , 0.081864 , 0.070649 , 0.069187 , 0.068186 , 0.079662 , 0.072745 , 0.073598 
 637 , 0.054186 , 0.055186 , 0.099364 , 0.081575 , 0.070419 , 0.068811 , 0.067924 , 0.079488 , 0.072532 , 0.073254 
 638 , 0.053726 , 0.054926 , 0.099108 , 0.081176 , 0.070074 , 0.068308 , 0.067525 , 0.079096 , 0.072206 , 0.072788 
 639 , 0.053251 , 0.054661 , 0.098842 , 0.080772 , 0.069718 , 0.067804 , 0.067125 , 0.078692 , 0.071877 , 0.072303 
 640 , 0.052784 , 0.054395 , 0.098575 , 0.080368 , 0.069362 , 0.06729 , 0.066724 , 0.078287 , 0.071548 , 0.071827 
 641 , 0.052219 , 0.053981 , 0.098262 , 0.079821 , 0.068881 , 0.066622 , 0.066229 , 0.077779 , 0.071097 , 0.071219 
 642 , 0.051614 , 0.053483 , 0.097919 , 0.079189 , 0.068318 , 0.065873 , 0.065672 , 0.077207 , 0.070571 , 0.070536 
 643 , 0.050999 , 0.052983 , 0.097576 , 0.078557 , 0.067763 , 0.065115 , 0.065115 , 0.076626 , 0.070053 , 0.069843 
 644 , 0.050383 , 0.052502 , 0.09722 , 0.077934 , 0.067218 , 0.064373 , 0.064539 , 0.076043 , 0.069538 , 0.069179 
 645 , 0.049762 , 0.052068 , 0.096839 , 0.077317 , 0.066705 , 0.063671 , 0.063943 , 0.075458 , 0.069038 , 0.068565 
 646 , 0.049123 , 0.051635 , 0.096455 , 0.076693 , 0.066189 , 0.062965 , 0.063334 , 0.074857 , 0.068525 , 0.067945 
 647 , 0.048484 , 0.051184 , 0.096061 , 0.076059 , 0.065662 , 0.062249 , 0.062724 , 0.074265 , 0.068011 , 0.067316 
 648 , 0.047884 , 0.050765 , 0.09568 , 0.07554 , 0.065205 , 0.06161 , 0.06221 , 0.073698 , 0.067478 , 0.066676 
 649 , 0.047276 , 0.050336 , 0.095292 , 0.075024 , 0.064748 , 0.060973 , 0.061697 , 0.073127 , 0.066945 , 0.066036 
 650 , 0.046667 , 0.049907 , 0.094896 , 0.074499 , 0.064283 , 0.060327 , 0.061174 , 0.072556 , 0.066393 , 0.065377 
 651 , 0.04611 , 0.049485 , 0.094553 , 0.073971 , 0.063848 , 0.059758 , 0.060686 , 0.072072 , 0.06595 , 0.064775 
 652 , 0.045591 , 0.049082 , 0.094257 , 0.073451 , 0.063427 , 0.059229 , 0.06021 , 0.071656 , 0.065566 , 0.064205 
 653 , 0.04507 , 0.048679 , 0.093962 , 0.07293 , 0.063007 , 0.058691 , 0.059734 , 0.071232 , 0.065174 , 0.063626 
 654 , 0.044545 , 0.048266 , 0.093633 , 0.072407 , 0.062581 , 0.058154 , 0.059241 , 0.07079 , 0.064763 , 0.06304 
 655 , 0.044003 , 0.047846 , 0.093236 , 0.07191 , 0.062157 , 0.057599 , 0.058739 , 0.070285 , 0.064322 , 0.062449 
 656 , 0.043473 , 0.047434 , 0.092844 , 0.071412 , 0.061731 , 0.057045 , 0.05823 , 0.069776 , 0.063888 , 0.061846 
 657 , 0.042933 , 0.047022 , 0.09245 , 0.070922 , 0.061312 , 0.056498 , 0.057728 , 0.069276 , 0.063445 , 0.061241 
 658 , 0.042387 , 0.04659 , 0.092031 , 0.070418 , 0.060875 , 0.055886 , 0.057184 , 0.068697 , 0.062932 , 0.060583 
 659 , 0.04184 , 0.046165 , 0.091623 , 0.069918 , 0.060438 , 0.055283 , 0.056651 , 0.068126 , 0.062424 , 0.059926 
 660 , 0.041301 , 0.04574 , 0.091216 , 0.069436 , 0.060011 , 0.054689 , 0.056128 , 0.067556 , 0.061926 , 0.059278 
 661 , 0.040733 , 0.045304 , 0.090802 , 0.068873 , 0.059564 , 0.054013 , 0.055558 , 0.067003 , 0.061417 , 0.05862 
 662 , 0.040151 , 0.044855 , 0.09038 , 0.068275 , 0.059115 , 0.053291 , 0.054968 , 0.066466 , 0.060898 , 0.057959 
 663 , 0.03957 , 0.044406 , 0.089967 , 0.067685 , 0.058666 , 0.052577 , 0.054386 , 0.065929 , 0.060387 , 0.057298 
 664 , 0.039036 , 0.044017 , 0.08957 , 0.067147 , 0.058271 , 0.051921 , 0.053846 , 0.065398 , 0.059914 , 0.056681 
 665 , 0.038592 , 0.043748 , 0.08922 , 0.066758 , 0.057959 , 0.051406 , 0.053414 , 0.064874 , 0.059498 , 0.056146 
 666 , 0.038158 , 0.043478 , 0.088868 , 0.066368 , 0.057658 , 0.050887 , 0.052985 , 0.06435 , 0.059083 , 0.055613 
 667 , 0.037724 , 0.043217 , 0.088524 , 0.065977 , 0.057348 , 0.050366 , 0.052555 , 0.063833 , 0.058668 , 0.055088 
 668 , 0.037477 , 0.043 , 0.088326 , 0.065667 , 0.057108 , 0.049978 , 0.052269 , 0.063492 , 0.058378 , 0.054684 
 669 , 0.037247 , 0.04279 , 0.088143 , 0.065364 , 0.056876 , 0.049606 , 0.052 , 0.063167 , 0.058095 , 0.054287 
 670 , 0.037015 , 0.04258 , 0.087959 , 0.065051 , 0.056633 , 0.049223 , 0.051738 , 0.06283 , 0.05781 , 0.053895 
 671 , 0.036888 , 0.042493 , 0.087883 , 0.064897 , 0.056529 , 0.048975 , 0.051576 , 0.062662 , 0.057692 , 0.053677 
 672 , 0.036816 , 0.042473 , 0.087879 , 0.064835 , 0.056515 , 0.048795 , 0.051493 , 0.062585 , 0.057671 , 0.053583 
 673 , 0.036752 , 0.042453 , 0.087864 , 0.064781 , 0.05649 , 0.048622 , 0.051409 , 0.062515 , 0.05765 , 0.053486 
 674 , 0.036754 , 0.042492 , 0.087917 , 0.064803 , 0.05653 , 0.048564 , 0.051415 , 0.062511 , 0.057676 , 0.053463 
 675 , 0.036911 , 0.042698 , 0.08813 , 0.065029 , 0.056716 , 0.048774 , 0.051599 , 0.062693 , 0.057839 , 0.053637 
 676 , 0.037072 , 0.042898 , 0.088349 , 0.065256 , 0.056894 , 0.048996 , 0.051795 , 0.062874 , 0.058012 , 0.053813 
 677 , 0.037234 , 0.043099 , 0.08856 , 0.065474 , 0.057082 , 0.04921 , 0.051992 , 0.063057 , 0.058177 , 0.05399 
 678 , 0.037734 , 0.043506 , 0.089178 , 0.066025 , 0.057519 , 0.049829 , 0.052536 , 0.063658 , 0.058767 , 0.054601 
 679 , 0.038262 , 0.043936 , 0.089815 , 0.066604 , 0.057973 , 0.050466 , 0.05311 , 0.064273 , 0.059391 , 0.055247 
 680 , 0.038794 , 0.044369 , 0.090467 , 0.067178 , 0.058431 , 0.051118 , 0.053679 , 0.064903 , 0.060012 , 0.055889 
 681 , 0.039683 , 0.045122 , 0.091474 , 0.068163 , 0.059204 , 0.052256 , 0.05465 , 0.065909 , 0.06102 , 0.056997 
 682 , 0.040817 , 0.046104 , 0.092713 , 0.069423 , 0.060168 , 0.053712 , 0.055873 , 0.067167 , 0.062274 , 0.0584 
 683 , 0.041974 , 0.047117 , 0.09399 , 0.070718 , 0.061165 , 0.055204 , 0.057122 , 0.068461 , 0.063563 , 0.059839 
 684 , 0.043436 , 0.048376 , 0.095553 , 0.072314 , 0.062423 , 0.057058 , 0.058692 , 0.070056 , 0.065144 , 0.061621 
 685 , 0.045618 , 0.05023 , 0.097793 , 0.074657 , 0.064332 , 0.059748 , 0.06102 , 0.072398 , 0.067425 , 0.064199 
 686 , 0.047851 , 0.052123 , 0.100098 , 0.07705 , 0.066284 , 0.062517 , 0.063413 , 0.074799 , 0.069764 , 0.066846 
 687 , 0.050129 , 0.054067 , 0.102461 , 0.07951 , 0.068279 , 0.065346 , 0.065854 , 0.077258 , 0.07215 , 0.069553 
 688 , 0.053569 , 0.056928 , 0.105664 , 0.083148 , 0.071272 , 0.069339 , 0.06933 , 0.080775 , 0.075511 , 0.073454 
 689 , 0.057085 , 0.059859 , 0.108958 , 0.08688 , 0.074344 , 0.073413 , 0.072875 , 0.084365 , 0.078942 , 0.077444 
 690 , 0.060622 , 0.062808 , 0.11226 , 0.090625 , 0.077434 , 0.077501 , 0.076442 , 0.087967 , 0.082392 , 0.081449 
 691 , 0.065091 , 0.06658 , 0.116177 , 0.095293 , 0.081374 , 0.08243 , 0.080845 , 0.092296 , 0.086513 , 0.08634 
 692 , 0.070101 , 0.07084 , 0.120461 , 0.1005 , 0.085809 , 0.087835 , 0.085732 , 0.097033 , 0.091033 , 0.091724 
 693 , 0.07504 , 0.07504 , 0.124685 , 0.105645 , 0.090193 , 0.093168 , 0.090568 , 0.101719 , 0.095491 , 0.097046 
 694 , 0.080341 , 0.079564 , 0.129079 , 0.111062 , 0.094858 , 0.098741 , 0.095682 , 0.106613 , 0.100151 , 0.102624 
 695 , 0.08662 , 0.084963 , 0.13396 , 0.117245 , 0.1003 , 0.104972 , 0.101592 , 0.112104 , 0.105393 , 0.108925 
 696 , 0.0928 , 0.090277 , 0.138775 , 0.123336 , 0.105668 , 0.111127 , 0.107418 , 0.117513 , 0.110563 , 0.115133 
 697 , 0.098899 , 0.095519 , 0.143522 , 0.129335 , 0.110957 , 0.117182 , 0.113153 , 0.122853 , 0.115654 , 0.121258 
 698 , 0.106241 , 0.101897 , 0.148864 , 0.136336 , 0.117235 , 0.124028 , 0.119874 , 0.128944 , 0.121522 , 0.128305 
 699 , 0.113543 , 0.108242 , 0.154164 , 0.143287 , 0.12347 , 0.130813 , 0.126558 , 0.134984 , 0.127346 , 0.135307 
 700 , 0.12074 , 0.114497 , 0.159393 , 0.150137 , 0.129617 , 0.13749 , 0.133132 , 0.140938 , 0.133094 , 0.142198 
 701 , 0.128446 , 0.121289 , 0.164768 , 0.157375 , 0.136188 , 0.144393 , 0.140087 , 0.14714 , 0.139106 , 0.149312 
 702 , 0.1364 , 0.128358 , 0.170176 , 0.164814 , 0.142965 , 0.151374 , 0.147226 , 0.153452 , 0.145241 , 0.1565 
 703 , 0.144224 , 0.135313 , 0.175492 , 0.172138 , 0.149621 , 0.158242 , 0.154241 , 0.159657 , 0.15127 , 0.163564 
 704 , 0.152102 , 0.142315 , 0.180756 , 0.17943 , 0.156305 , 0.165047 , 0.161274 , 0.165841 , 0.157295 , 0.170613 
 705 , 0.160344 , 0.149618 , 0.186011 , 0.186848 , 0.163173 , 0.171889 , 0.168522 , 0.172131 , 0.16347 , 0.177787 
 706 , 0.168511 , 0.156825 , 0.191206 , 0.194179 , 0.169955 , 0.178641 , 0.175678 , 0.178354 , 0.169566 , 0.184873 
 707 , 0.17657 , 0.163952 , 0.196342 , 0.201411 , 0.176653 , 0.185318 , 0.182746 , 0.184488 , 0.175593 , 0.191862 
 708 , 0.184793 , 0.171268 , 0.201368 , 0.208623 , 0.183354 , 0.191965 , 0.1899 , 0.190536 , 0.18163 , 0.198824 
 709 , 0.193009 , 0.178585 , 0.206406 , 0.215847 , 0.190091 , 0.198616 , 0.197074 , 0.196597 , 0.187678 , 0.205791 
 710 , 0.20124 , 0.185916 , 0.211468 , 0.223103 , 0.196857 , 0.205286 , 0.204263 , 0.202683 , 0.193733 , 0.212774 
 711 , 0.209545 , 0.193238 , 0.216443 , 0.230231 , 0.203498 , 0.211871 , 0.211496 , 0.208656 , 0.199797 , 0.219686 
 712 , 0.218005 , 0.200647 , 0.221374 , 0.237343 , 0.210125 , 0.218479 , 0.218899 , 0.214699 , 0.20598 , 0.226697 
 713 , 0.22671 , 0.208275 , 0.226446 , 0.244663 , 0.216946 , 0.225281 , 0.226519 , 0.220932 , 0.212342 , 0.233907 
 714 , 0.235657 , 0.216053 , 0.231644 , 0.252129 , 0.22388 , 0.23228 , 0.234368 , 0.227322 , 0.218877 , 0.241342 
 715 , 0.244888 , 0.223924 , 0.236893 , 0.259662 , 0.230794 , 0.239488 , 0.242428 , 0.233807 , 0.225504 , 0.248962 
 716 , 0.25448 , 0.232104 , 0.242336 , 0.267477 , 0.237967 , 0.246976 , 0.250774 , 0.240514 , 0.232376 , 0.256846 
 717 , 0.264476 , 0.240619 , 0.248004 , 0.275599 , 0.245434 , 0.254774 , 0.259462 , 0.247497 , 0.239533 , 0.265046 
 718 , 0.274331 , 0.249019 , 0.253391 , 0.283479 , 0.252797 , 0.262548 , 0.268322 , 0.254488 , 0.246734 , 0.273036 
 719 , 0.284405 , 0.257621 , 0.258951 , 0.291628 , 0.260388 , 0.27055 , 0.277468 , 0.261727 , 0.25418 , 0.281269 
 720 , 0.294751 , 0.266464 , 0.26466 , 0.299992 , 0.268187 , 0.278768 , 0.286863 , 0.269165 , 0.261825 , 0.289735 
 721 , 0.304745 , 0.274883 , 0.269977 , 0.307995 , 0.275658 , 0.286707 , 0.296091 , 0.276432 , 0.26923 , 0.297783 
 722 , 0.314664 , 0.283163 , 0.275135 , 0.31582 , 0.282985 , 0.294553 , 0.305267 , 0.283661 , 0.276522 , 0.305649 
 723 , 0.324659 , 0.291506 , 0.280336 , 0.3237 , 0.29036 , 0.302435 , 0.314493 , 0.290929 , 0.283861 , 0.31356 
 724 , 0.334528 , 0.299659 , 0.285431 , 0.331424 , 0.297616 , 0.310271 , 0.323713 , 0.298174 , 0.291161 , 0.321343 
 725 , 0.34411 , 0.307369 , 0.290325 , 0.338794 , 0.3046 , 0.317923 , 0.332824 , 0.305323 , 0.298331 , 0.328821 
 726 , 0.353675 , 0.315058 , 0.295212 , 0.346146 , 0.311567 , 0.32555 , 0.341887 , 0.312431 , 0.305475 , 0.336262 
 727 , 0.36315 , 0.322676 , 0.300072 , 0.353443 , 0.318471 , 0.333114 , 0.350878 , 0.319476 , 0.312564 , 0.343649 
 728 , 0.371827 , 0.32967 , 0.304278 , 0.360043 , 0.32483 , 0.340209 , 0.359525 , 0.326215 , 0.319219 , 0.350257 
 729 , 0.380339 , 0.336529 , 0.308425 , 0.366537 , 0.331084 , 0.347157 , 0.36801 , 0.332864 , 0.325743 , 0.356751 
 730 , 0.388642 , 0.343222 , 0.312475 , 0.372865 , 0.337189 , 0.353948 , 0.376303 , 0.339346 , 0.332111 , 0.363086 
 731 , 0.39624 , 0.349242 , 0.316125 , 0.378612 , 0.342745 , 0.360197 , 0.384085 , 0.345372 , 0.338016 , 0.368822 
 732 , 0.403466 , 0.354945 , 0.3196 , 0.384072 , 0.347999 , 0.366175 , 0.391535 , 0.351091 , 0.343645 , 0.374243 
 733 , 0.410482 , 0.360491 , 0.322978 , 0.38939 , 0.353113 , 0.371988 , 0.398784 , 0.356644 , 0.349126 , 0.379506 
 734 , 0.417081 , 0.365665 , 0.326165 , 0.39437 , 0.357925 , 0.377521 , 0.405664 , 0.361926 , 0.354335 , 0.38448 
 735 , 0.423027 , 0.370243 , 0.32903 , 0.398796 , 0.362292 , 0.382639 , 0.41201 , 0.366834 , 0.359138 , 0.388991 
 736 , 0.428827 , 0.374714 , 0.331803 , 0.403111 , 0.366543 , 0.387621 , 0.418205 , 0.37163 , 0.363811 , 0.393402 
 737 , 0.434484 , 0.37907 , 0.334517 , 0.407313 , 0.370695 , 0.392497 , 0.424255 , 0.37631 , 0.368375 , 0.397699 
 738 , 0.439374 , 0.382874 , 0.33698 , 0.41097 , 0.374376 , 0.396926 , 0.429712 , 0.3806 , 0.372551 , 0.401519 
 739 , 0.444265 , 0.386658 , 0.339444 , 0.414601 , 0.378064 , 0.401331 , 0.435124 , 0.384858 , 0.376714 , 0.405328 
 740 , 0.4491 , 0.3904 , 0.341874 , 0.4182 , 0.381702 , 0.405696 , 0.440481 , 0.389067 , 0.380828 , 0.409096 
 741 , 0.453442 , 0.393618 , 0.3441 , 0.421443 , 0.384889 , 0.409533 , 0.445342 , 0.392874 , 0.384526 , 0.41244 
 742 , 0.457454 , 0.396567 , 0.346175 , 0.424497 , 0.387791 , 0.413063 , 0.449928 , 0.396434 , 0.387969 , 0.415536 
 743 , 0.461459 , 0.399508 , 0.348242 , 0.427536 , 0.390677 , 0.416585 , 0.45449 , 0.399978 , 0.391404 , 0.418616 
 744 , 0.465227 , 0.402323 , 0.350222 , 0.430434 , 0.393385 , 0.420013 , 0.458804 , 0.403309 , 0.394646 , 0.421594 
 745 , 0.468573 , 0.404892 , 0.351997 , 0.433066 , 0.395771 , 0.423268 , 0.462699 , 0.406236 , 0.39755 , 0.424381 
 746 , 0.471905 , 0.407445 , 0.353762 , 0.435675 , 0.398154 , 0.426526 , 0.466583 , 0.409145 , 0.400459 , 0.427158 
 747 , 0.475213 , 0.409984 , 0.355528 , 0.438271 , 0.400528 , 0.429759 , 0.470449 , 0.412049 , 0.40335 , 0.429919 
 748 , 0.477733 , 0.412003 , 0.356922 , 0.440332 , 0.402376 , 0.432324 , 0.473519 , 0.414339 , 0.405749 , 0.432091 
 749 , 0.480214 , 0.413993 , 0.358288 , 0.442347 , 0.404166 , 0.434855 , 0.47658 , 0.416606 , 0.408113 , 0.434238 
 750 , 0.482753 , 0.416021 , 0.359692 , 0.444401 , 0.405995 , 0.437445 , 0.479709 , 0.418922 , 0.410533 , 0.436424 
 751 , 0.484909 , 0.417754 , 0.360966 , 0.44613 , 0.407459 , 0.439656 , 0.482265 , 0.420896 , 0.412602 , 0.438416 
 752 , 0.486732 , 0.419212 , 0.362003 , 0.447559 , 0.408622 , 0.441589 , 0.484449 , 0.422555 , 0.41442 , 0.440167 
 753 , 0.488663 , 0.420741 , 0.363107 , 0.449059 , 0.409863 , 0.443629 , 0.486759 , 0.424312 , 0.416335 , 0.442015 
 754 , 0.490469 , 0.422067 , 0.364314 , 0.450482 , 0.411016 , 0.445606 , 0.488877 , 0.425919 , 0.418079 , 0.443868 
 755 , 0.49182 , 0.422806 , 0.365529 , 0.451542 , 0.411837 , 0.447267 , 0.490444 , 0.427082 , 0.419316 , 0.445522 
 756 , 0.493217 , 0.423522 , 0.366818 , 0.45262 , 0.412654 , 0.449031 , 0.492086 , 0.428288 , 0.420619 , 0.447288 
 757 , 0.494732 , 0.424286 , 0.36825 , 0.453803 , 0.413563 , 0.450964 , 0.493876 , 0.429601 , 0.422024 , 0.449233 
 758 , 0.495869 , 0.424542 , 0.369778 , 0.454759 , 0.414383 , 0.452603 , 0.49521 , 0.430593 , 0.423055 , 0.451023 
 759 , 0.497174 , 0.424864 , 0.371467 , 0.455839 , 0.415319 , 0.454389 , 0.496706 , 0.431714 , 0.424219 , 0.453013 
 760 , 0.498636 , 0.425216 , 0.37334 , 0.457056 , 0.416372 , 0.456377 , 0.498372 , 0.432957 , 0.425508 , 0.455227 
 761 , 0.499407 , 0.425651 , 0.374223 , 0.457907 , 0.417081 , 0.457734 , 0.499572 , 0.433957 , 0.426609 , 0.456485 
 762 , 0.500787 , 0.426857 , 0.3754 , 0.45939 , 0.418324 , 0.459583 , 0.50139 , 0.435546 , 0.428302 , 0.458128 
 763 , 0.502172 , 0.42806 , 0.376576 , 0.460863 , 0.419573 , 0.461423 , 0.5032 , 0.437126 , 0.429997 , 0.459781 
 764 , 0.503115 , 0.429209 , 0.377056 , 0.461915 , 0.42048 , 0.462674 , 0.50466 , 0.438337 , 0.431342 , 0.460604 
 765 , 0.504089 , 0.430723 , 0.37705 , 0.462929 , 0.421359 , 0.463643 , 0.506141 , 0.439464 , 0.432623 , 0.46086 
 766 , 0.505226 , 0.4323 , 0.377194 , 0.464063 , 0.42235 , 0.46473 , 0.507716 , 0.440677 , 0.433972 , 0.461271 
 767 , 0.50625 , 0.433706 , 0.377354 , 0.465107 , 0.423253 , 0.46571 , 0.509151 , 0.441789 , 0.435205 , 0.461655 
 768 , 0.506939 , 0.434542 , 0.377572 , 0.46592 , 0.424014 , 0.466391 , 0.510205 , 0.442744 , 0.43614 , 0.461908 
 769 , 0.507492 , 0.435279 , 0.377719 , 0.466605 , 0.424681 , 0.466968 , 0.511122 , 0.443584 , 0.436944 , 0.462062 
 770 , 0.508008 , 0.435968 , 0.377875 , 0.467253 , 0.425307 , 0.46751 , 0.511991 , 0.444377 , 0.437699 , 0.46221 
 771 , 0.508678 , 0.436581 , 0.378425 , 0.468026 , 0.426132 , 0.468365 , 0.512866 , 0.445288 , 0.438483 , 0.462757 
 772 , 0.509098 , 0.436917 , 0.378874 , 0.468533 , 0.426745 , 0.469042 , 0.513439 , 0.445964 , 0.439034 , 0.463201 
 773 , 0.509516 , 0.437251 , 0.379312 , 0.469029 , 0.427346 , 0.469708 , 0.51399 , 0.44662 , 0.439564 , 0.463626 
 774 , 0.509992 , 0.437648 , 0.379843 , 0.469599 , 0.427976 , 0.470444 , 0.514608 , 0.447302 , 0.44018 , 0.464149 
 775 , 0.510438 , 0.43806 , 0.380415 , 0.470185 , 0.428535 , 0.471176 , 0.515205 , 0.447972 , 0.44079 , 0.46467 
 776 , 0.510862 , 0.438447 , 0.380964 , 0.470746 , 0.429069 , 0.471864 , 0.515776 , 0.448627 , 0.441377 , 0.465164 
 777 , 0.511302 , 0.438843 , 0.381519 , 0.471298 , 0.429587 , 0.472553 , 0.516359 , 0.449291 , 0.441977 , 0.465672 
 778 , 0.511909 , 0.439318 , 0.382153 , 0.47182 , 0.430036 , 0.473207 , 0.517021 , 0.449986 , 0.442644 , 0.466219 
 779 , 0.512535 , 0.439792 , 0.382756 , 0.472329 , 0.430493 , 0.473825 , 0.517637 , 0.450623 , 0.44329 , 0.466719 
 780 , 0.51316 , 0.440275 , 0.383359 , 0.472839 , 0.430949 , 0.474452 , 0.518263 , 0.451269 , 0.443937 , 0.46722 
 781 , 0.513791 , 0.4408 , 0.383978 , 0.473483 , 0.43143 , 0.475301 , 0.518908 , 0.451861 , 0.444636 , 0.46793 
 782 , 0.514199 , 0.441188 , 0.384594 , 0.474021 , 0.431772 , 0.476109 , 0.519438 , 0.452365 , 0.445265 , 0.468618 
 783 , 0.514623 , 0.441585 , 0.385219 , 0.474585 , 0.432124 , 0.476934 , 0.519984 , 0.452887 , 0.445912 , 0.469323 
 784 , 0.515057 , 0.442019 , 0.385893 , 0.475163 , 0.432447 , 0.477721 , 0.520564 , 0.453396 , 0.446528 , 0.470064 
 785 , 0.515409 , 0.442353 , 0.386446 , 0.475744 , 0.432759 , 0.478446 , 0.521177 , 0.453888 , 0.447114 , 0.470819 
 786 , 0.515749 , 0.442649 , 0.38695 , 0.476318 , 0.433083 , 0.479181 , 0.521818 , 0.454397 , 0.447721 , 0.471581 
 787 , 0.516062 , 0.442938 , 0.387445 , 0.47689 , 0.433393 , 0.479921 , 0.522449 , 0.454907 , 0.44832 , 0.472349 
 788 , 0.516319 , 0.44321 , 0.38787 , 0.477375 , 0.433661 , 0.480645 , 0.522968 , 0.455396 , 0.448901 , 0.473084 
 789 , 0.516635 , 0.443594 , 0.388367 , 0.477895 , 0.433948 , 0.481414 , 0.523484 , 0.455894 , 0.449487 , 0.473843 
 790 , 0.51695 , 0.443981 , 0.388869 , 0.478424 , 0.434237 , 0.482201 , 0.523999 , 0.456402 , 0.450092 , 0.47462 
 791 , 0.517236 , 0.444308 , 0.389235 , 0.478947 , 0.4345 , 0.482966 , 0.524446 , 0.456768 , 0.450592 , 0.47509 
 792 , 0.517615 , 0.444613 , 0.389603 , 0.479503 , 0.434773 , 0.48374 , 0.524924 , 0.457156 , 0.451095 , 0.47557 
 793 , 0.518012 , 0.444938 , 0.389984 , 0.480067 , 0.435057 , 0.484532 , 0.525409 , 0.457553 , 0.451609 , 0.476068 
 794 , 0.518429 , 0.445287 , 0.390401 , 0.48061 , 0.435344 , 0.485227 , 0.525964 , 0.458004 , 0.452142 , 0.476609 
 795 , 0.518799 , 0.445662 , 0.39086 , 0.481135 , 0.435604 , 0.485837 , 0.526559 , 0.458455 , 0.452662 , 0.477175 
 796 , 0.51915 , 0.446037 , 0.391319 , 0.481674 , 0.435871 , 0.486444 , 0.527155 , 0.458893 , 0.453184 , 0.477725 
 797 , 0.519501 , 0.446416 , 0.391775 , 0.482204 , 0.436141 , 0.48706 , 0.527749 , 0.459334 , 0.45371 , 0.478285 
 798 , 0.51984 , 0.446769 , 0.392166 , 0.482662 , 0.436473 , 0.487676 , 0.528298 , 0.45975 , 0.454254 , 0.478852 
 799 , 0.520205 , 0.447137 , 0.392562 , 0.483123 , 0.436825 , 0.488323 , 0.528867 , 0.460206 , 0.454827 , 0.479438 
 800 , 0.520587 , 0.447514 , 0.392966 , 0.4836 , 0.437195 , 0.488987 , 0.529443 , 0.460669 , 0.455416 , 0.48005 
 801 , 0.520899 , 0.447832 , 0.393339 , 0.484026 , 0.437451 , 0.489542 , 0.529923 , 0.461015 , 0.455927 , 0.480491 
 802 , 0.521252 , 0.448161 , 0.393746 , 0.484483 , 0.437721 , 0.490146 , 0.530451 , 0.461361 , 0.456458 , 0.480974 
 803 , 0.521604 , 0.448507 , 0.394158 , 0.484948 , 0.438007 , 0.490757 , 0.530986 , 0.461715 , 0.457005 , 0.481463 
 804 , 0.521956 , 0.448869 , 0.394596 , 0.485421 , 0.43821 , 0.491379 , 0.531493 , 0.462102 , 0.457563 , 0.482048 
 805 , 0.522279 , 0.449258 , 0.395082 , 0.485912 , 0.438392 , 0.491993 , 0.531993 , 0.462562 , 0.458163 , 0.48271 
 806 , 0.522618 , 0.449656 , 0.395588 , 0.486435 , 0.438574 , 0.492634 , 0.53252 , 0.463045 , 0.458783 , 0.483398 
 807 , 0.522977 , 0.450051 , 0.396126 , 0.486976 , 0.438786 , 0.493336 , 0.533038 , 0.463523 , 0.459407 , 0.484153 
 808 , 0.523209 , 0.450282 , 0.396594 , 0.487365 , 0.438887 , 0.494015 , 0.533338 , 0.463773 , 0.459838 , 0.484915 
 809 , 0.523283 , 0.450362 , 0.396955 , 0.487627 , 0.438824 , 0.494561 , 0.533451 , 0.463856 , 0.460119 , 0.485553 
 810 , 0.523372 , 0.450453 , 0.397338 , 0.487898 , 0.43876 , 0.495147 , 0.533581 , 0.463952 , 0.460415 , 0.48623 
 811 , 0.523433 , 0.450405 , 0.397889 , 0.488088 , 0.438645 , 0.495643 , 0.533785 , 0.464024 , 0.460684 , 0.486882 
 812 , 0.523612 , 0.450501 , 0.398595 , 0.488392 , 0.438647 , 0.496273 , 0.534136 , 0.464203 , 0.461099 , 0.487671 
 813 , 0.523796 , 0.45061 , 0.399352 , 0.488711 , 0.438649 , 0.49696 , 0.534504 , 0.464408 , 0.461532 , 0.488525 
 814 , 0.523842 , 0.450656 , 0.399862 , 0.488904 , 0.438554 , 0.497419 , 0.534659 , 0.464533 , 0.461796 , 0.489126 
 815 , 0.524054 , 0.450763 , 0.400331 , 0.489167 , 0.438532 , 0.49788 , 0.534868 , 0.464725 , 0.462086 , 0.489732 
 816 , 0.524329 , 0.450899 , 0.400853 , 0.489472 , 0.438534 , 0.498382 , 0.535115 , 0.464946 , 0.462429 , 0.490392 
 817 , 0.524543 , 0.45103 , 0.401258 , 0.489748 , 0.438584 , 0.498827 , 0.535384 , 0.465154 , 0.462733 , 0.490926 
 818 , 0.52466 , 0.451238 , 0.401493 , 0.490094 , 0.438809 , 0.499257 , 0.535724 , 0.465411 , 0.463077 , 0.491239 
 819 , 0.524846 , 0.451568 , 0.401822 , 0.490573 , 0.439126 , 0.499835 , 0.536169 , 0.465793 , 0.463528 , 0.491664 
 820 , 0.525024 , 0.451909 , 0.40215 , 0.491068 , 0.439439 , 0.500418 , 0.536605 , 0.466184 , 0.46398 , 0.492077 
 821 , 0.525078 , 0.452157 , 0.402358 , 0.491366 , 0.439606 , 0.500704 , 0.536809 , 0.466476 , 0.464331 , 0.492195 
 822 , 0.525259 , 0.452492 , 0.402666 , 0.491698 , 0.439837 , 0.501037 , 0.537112 , 0.466813 , 0.464732 , 0.492407 
 823 , 0.525442 , 0.452828 , 0.402985 , 0.492023 , 0.440079 , 0.501363 , 0.537426 , 0.467152 , 0.465125 , 0.492612 
 824 , 0.525592 , 0.453052 , 0.403241 , 0.492312 , 0.440321 , 0.501667 , 0.537689 , 0.467485 , 0.465415 , 0.492818 
 825 , 0.525852 , 0.453325 , 0.403489 , 0.492702 , 0.440659 , 0.502084 , 0.538022 , 0.467931 , 0.465724 , 0.493042 
 826 , 0.526133 , 0.453617 , 0.403743 , 0.493104 , 0.441022 , 0.502516 , 0.538379 , 0.468402 , 0.466047 , 0.49327 
 827 , 0.526382 , 0.453856 , 0.403958 , 0.493456 , 0.441388 , 0.502927 , 0.538739 , 0.468834 , 0.46636 , 0.49341 
 828 , 0.526545 , 0.453978 , 0.404105 , 0.493756 , 0.441762 , 0.503244 , 0.539064 , 0.469151 , 0.466662 , 0.493407 
 829 , 0.526684 , 0.454088 , 0.404243 , 0.494063 , 0.442125 , 0.503529 , 0.539373 , 0.469448 , 0.466951 , 0.493412 
 830 , 0.526814 , 0.454198 , 0.404392 , 0.49436 , 0.44248 , 0.503811 , 0.53966 , 0.469741 , 0.467245 , 0.493405 
 831 , 0.526941 , 0.454407 , 0.404563 , 0.494627 , 0.44277 , 0.504032 , 0.539851 , 0.470116 , 0.467555 , 0.493328 
 832 , 0.527086 , 0.454629 , 0.404776 , 0.494923 , 0.443024 , 0.50428 , 0.54007 , 0.470527 , 0.467905 , 0.493297 
 833 , 0.527224 , 0.454842 , 0.404982 , 0.495213 , 0.443272 , 0.504521 , 0.540292 , 0.47093 , 0.468257 , 0.49326 
 834 , 0.527313 , 0.455082 , 0.405198 , 0.495549 , 0.443643 , 0.504746 , 0.540483 , 0.471333 , 0.468562 , 0.49328 
 835 , 0.527487 , 0.455351 , 0.40538 , 0.495814 , 0.444087 , 0.504949 , 0.540653 , 0.471647 , 0.468799 , 0.493275 
 836 , 0.527669 , 0.455622 , 0.405557 , 0.496078 , 0.444532 , 0.505152 , 0.540821 , 0.471953 , 0.469038 , 0.493271 
 837 , 0.527855 , 0.455819 , 0.405707 , 0.496315 , 0.444921 , 0.505342 , 0.54106 , 0.472221 , 0.469278 , 0.493263 
 838 , 0.528002 , 0.455918 , 0.405819 , 0.496567 , 0.445225 , 0.505535 , 0.541392 , 0.472493 , 0.46957 , 0.493263 
 839 , 0.528117 , 0.45598 , 0.405923 , 0.496833 , 0.445525 , 0.505748 , 0.541726 , 0.472796 , 0.46986 , 0.493281 
 840 , 0.528242 , 0.456057 , 0.406052 , 0.497113 , 0.445823 , 0.505972 , 0.542042 , 0.473106 , 0.470156 , 0.493313 
 841 , 0.528426 , 0.456211 , 0.406246 , 0.497393 , 0.446096 , 0.506293 , 0.542256 , 0.473458 , 0.470449 , 0.493424 
 842 , 0.528557 , 0.456346 , 0.40639 , 0.497629 , 0.446326 , 0.506555 , 0.542421 , 0.473745 , 0.470707 , 0.49346 
 843 , 0.528685 , 0.45647 , 0.406543 , 0.49787 , 0.446571 , 0.506821 , 0.54259 , 0.47403 , 0.470971 , 0.493493 
 844 , 0.528849 , 0.456588 , 0.406772 , 0.498131 , 0.44684 , 0.507065 , 0.542829 , 0.47433 , 0.471183 , 0.493573 
 845 , 0.529018 , 0.45671 , 0.407014 , 0.498332 , 0.447092 , 0.507281 , 0.543088 , 0.474608 , 0.471348 , 0.493645 
 846 , 0.529203 , 0.456834 , 0.40726 , 0.498537 , 0.447339 , 0.507499 , 0.54335 , 0.474895 , 0.471531 , 0.493722 
 847 , 0.529364 , 0.456952 , 0.407556 , 0.498721 , 0.447549 , 0.5077 , 0.543609 , 0.475145 , 0.471764 , 0.493879 
 848 , 0.529477 , 0.457047 , 0.407873 , 0.498882 , 0.447717 , 0.507888 , 0.543837 , 0.475364 , 0.472037 , 0.494132 
 849 , 0.529576 , 0.457129 , 0.40817 , 0.499062 , 0.447888 , 0.508087 , 0.544058 , 0.475592 , 0.472313 , 0.494406 
 850 , 0.529693 , 0.457239 , 0.408474 , 0.499249 , 0.448083 , 0.508324 , 0.544281 , 0.475829 , 0.472591 , 0.494671 
 851 , 0.529882 , 0.457473 , 0.408727 , 0.499515 , 0.448346 , 0.508686 , 0.544518 , 0.476111 , 0.47288 , 0.494902 
 852 , 0.530153 , 0.457696 , 0.409026 , 0.499851 , 0.448651 , 0.509111 , 0.544806 , 0.476422 , 0.473228 , 0.49514 
 853 , 0.530431 , 0.457926 , 0.409324 , 0.500186 , 0.448963 , 0.509544 , 0.545092 , 0.476741 , 0.473592 , 0.495386 
 854 , 0.530662 , 0.458105 , 0.409501 , 0.500589 , 0.449336 , 0.509894 , 0.545453 , 0.477038 , 0.473862 , 0.495632 
 855 , 0.530623 , 0.458159 , 0.409497 , 0.500736 , 0.449524 , 0.509979 , 0.545621 , 0.477192 , 0.47398 , 0.495707 
 856 , 0.530577 , 0.458215 , 0.409495 , 0.500893 , 0.449713 , 0.510066 , 0.5458 , 0.477348 , 0.474099 , 0.495792 
 857 , 0.530522 , 0.458306 , 0.409555 , 0.501037 , 0.449851 , 0.510137 , 0.545874 , 0.477437 , 0.474266 , 0.495842 
 858 , 0.530593 , 0.458511 , 0.409743 , 0.501275 , 0.45005 , 0.510336 , 0.545983 , 0.477567 , 0.474546 , 0.495977 
 859 , 0.530725 , 0.458762 , 0.409979 , 0.501545 , 0.450297 , 0.510611 , 0.546131 , 0.477719 , 0.474849 , 0.496156 
 860 , 0.530849 , 0.459023 , 0.410188 , 0.501761 , 0.45051 , 0.510867 , 0.546277 , 0.4779 , 0.475107 , 0.496301 
 861 , 0.53095 , 0.459272 , 0.410304 , 0.501872 , 0.450633 , 0.511042 , 0.546399 , 0.478135 , 0.475217 , 0.496368 
 862 , 0.531062 , 0.459506 , 0.410416 , 0.502028 , 0.450745 , 0.511168 , 0.546499 , 0.47839 , 0.475322 , 0.496407 
 863 , 0.531171 , 0.459745 , 0.410531 , 0.502191 , 0.450853 , 0.511291 , 0.546597 , 0.47865 , 0.475424 , 0.496452 
 864 , 0.531221 , 0.459755 , 0.410651 , 0.502361 , 0.451004 , 0.511329 , 0.546759 , 0.478949 , 0.475737 , 0.496678 
 865 , 0.531281 , 0.459851 , 0.410821 , 0.50251 , 0.451156 , 0.511423 , 0.546993 , 0.479256 , 0.476134 , 0.496955 
 866 , 0.531336 , 0.459955 , 0.410988 , 0.50266 , 0.451307 , 0.511518 , 0.547231 , 0.479564 , 0.476542 , 0.497243 
 867 , 0.53148 , 0.460174 , 0.411207 , 0.50291 , 0.451344 , 0.511767 , 0.547379 , 0.479758 , 0.476849 , 0.497592 
 868 , 0.531616 , 0.460391 , 0.411459 , 0.503203 , 0.451362 , 0.512076 , 0.547451 , 0.479894 , 0.477049 , 0.497961 
 869 , 0.531742 , 0.46059 , 0.411705 , 0.503481 , 0.451384 , 0.512385 , 0.54752 , 0.480039 , 0.477231 , 0.498341 
 870 , 0.531875 , 0.460804 , 0.411956 , 0.503822 , 0.451511 , 0.512737 , 0.547651 , 0.480255 , 0.477455 , 0.498711 
 871 , 0.532058 , 0.461068 , 0.412201 , 0.504261 , 0.451855 , 0.513197 , 0.547879 , 0.480632 , 0.477804 , 0.49904 
 872 , 0.532283 , 0.461346 , 0.412453 , 0.504702 , 0.452192 , 0.513707 , 0.548132 , 0.481025 , 0.478197 , 0.499369 
 873 , 0.532519 , 0.461637 , 0.412704 , 0.505153 , 0.452534 , 0.514219 , 0.548399 , 0.481436 , 0.478606 , 0.499708 
 874 , 0.532689 , 0.46187 , 0.41299 , 0.505458 , 0.452659 , 0.51451 , 0.548736 , 0.481639 , 0.478983 , 0.50009 
 875 , 0.53282 , 0.462094 , 0.413316 , 0.505821 , 0.452791 , 0.514777 , 0.549098 , 0.481808 , 0.479395 , 0.50048 
 876 , 0.532966 , 0.462318 , 0.413649 , 0.506209 , 0.452922 , 0.515059 , 0.549478 , 0.481988 , 0.479829 , 0.500884 
 877 , 0.533218 , 0.462509 , 0.414035 , 0.506583 , 0.45299 , 0.515458 , 0.549871 , 0.482237 , 0.480118 , 0.501142 
 878 , 0.533517 , 0.462727 , 0.414426 , 0.506945 , 0.45306 , 0.51592 , 0.55027 , 0.48251 , 0.480325 , 0.501342 
 879 , 0.533832 , 0.462961 , 0.414815 , 0.507314 , 0.453134 , 0.516398 , 0.550675 , 0.482788 , 0.480538 , 0.501557 
 880 , 0.53406 , 0.463196 , 0.415155 , 0.507676 , 0.453253 , 0.516825 , 0.551056 , 0.483053 , 0.480794 , 0.501848 
 881 , 0.534174 , 0.463405 , 0.415383 , 0.507997 , 0.453453 , 0.517171 , 0.551398 , 0.483319 , 0.481148 , 0.502272 
 882 , 0.534306 , 0.463595 , 0.415612 , 0.50829 , 0.453647 , 0.517544 , 0.551762 , 0.483624 , 0.481523 , 0.502748 
 883 , 0.534444 , 0.463793 , 0.415861 , 0.508601 , 0.453837 , 0.517937 , 0.55213 , 0.483938 , 0.481935 , 0.50326 
 884 , 0.534598 , 0.464005 , 0.416227 , 0.509021 , 0.453897 , 0.518399 , 0.552392 , 0.484222 , 0.482441 , 0.503893 
 885 , 0.534677 , 0.464193 , 0.416599 , 0.509407 , 0.453909 , 0.518744 , 0.552552 , 0.484439 , 0.482848 , 0.504392 
 886 , 0.534756 , 0.464385 , 0.416991 , 0.509821 , 0.453914 , 0.519108 , 0.552703 , 0.484671 , 0.483272 , 0.504918 
 887 , 0.534953 , 0.464697 , 0.417379 , 0.510109 , 0.453989 , 0.519572 , 0.552883 , 0.484899 , 0.483614 , 0.505387 
 888 , 0.535189 , 0.465107 , 0.417786 , 0.510423 , 0.454112 , 0.520186 , 0.553208 , 0.485229 , 0.484049 , 0.506047 
 889 , 0.535436 , 0.465554 , 0.418206 , 0.510761 , 0.454232 , 0.520858 , 0.553568 , 0.485579 , 0.484513 , 0.506768 
 890 , 0.535692 , 0.465969 , 0.41875 , 0.511169 , 0.454305 , 0.521518 , 0.554041 , 0.485854 , 0.48501 , 0.507706 
 891 , 0.535892 , 0.466269 , 0.419332 , 0.511608 , 0.454249 , 0.52206 , 0.554499 , 0.485909 , 0.485504 , 0.508735 
 892 , 0.536078 , 0.466505 , 0.419899 , 0.512013 , 0.454117 , 0.522552 , 0.554879 , 0.485855 , 0.485987 , 0.509716 
 893 , 0.536238 , 0.466748 , 0.420526 , 0.512429 , 0.453909 , 0.523093 , 0.555211 , 0.485802 , 0.486516 , 0.510724 
 894 , 0.536239 , 0.466949 , 0.421295 , 0.512777 , 0.453447 , 0.52374 , 0.555299 , 0.485743 , 0.487063 , 0.51159 
 895 , 0.536205 , 0.467154 , 0.422358 , 0.513164 , 0.453042 , 0.524561 , 0.555471 , 0.485783 , 0.487665 , 0.512629 
 896 , 0.536186 , 0.46738 , 0.423516 , 0.513592 , 0.452603 , 0.525462 , 0.555667 , 0.485827 , 0.48833 , 0.513757 
 897 , 0.535996 , 0.467315 , 0.423986 , 0.513396 , 0.452367 , 0.525796 , 0.55566 , 0.485864 , 0.488452 , 0.514337 
 898 , 0.536187 , 0.467626 , 0.42426 , 0.513477 , 0.452431 , 0.52631 , 0.555981 , 0.486178 , 0.488714 , 0.515099 
 899 , 0.536432 , 0.467991 , 0.424545 , 0.513584 , 0.452532 , 0.526886 , 0.55637 , 0.486546 , 0.489013 , 0.515937 
 900 , 0.536498 , 0.468293 , 0.424527 , 0.513756 , 0.452545 , 0.527251 , 0.556741 , 0.486746 , 0.489297 , 0.516533 
 901 , 0.536626 , 0.468685 , 0.42454 , 0.514102 , 0.452554 , 0.527617 , 0.55717 , 0.486909 , 0.489711 , 0.51716 
 902 , 0.536912 , 0.469177 , 0.424713 , 0.514577 , 0.452591 , 0.5281 , 0.557664 , 0.487152 , 0.490247 , 0.517919 
 903 , 0.537233 , 0.469731 , 0.424977 , 0.515113 , 0.452662 , 0.528667 , 0.558115 , 0.487449 , 0.490819 , 0.518669 
 904 , 0.537557 , 0.470328 , 0.425374 , 0.515695 , 0.452764 , 0.529416 , 0.558386 , 0.48783 , 0.491446 , 0.51928 
 905 , 0.53772 , 0.470758 , 0.425657 , 0.516127 , 0.452858 , 0.530074 , 0.558589 , 0.488129 , 0.492051 , 0.519748 
 906 , 0.537891 , 0.471203 , 0.425953 , 0.516577 , 0.452945 , 0.530762 , 0.558791 , 0.488434 , 0.492683 , 0.520224 
 907 , 0.538033 , 0.471257 , 0.426275 , 0.516644 , 0.453229 , 0.531167 , 0.559223 , 0.488432 , 0.493041 , 0.520754 
 908 , 0.538203 , 0.471416 , 0.426732 , 0.516737 , 0.453559 , 0.531757 , 0.559794 , 0.488522 , 0.493425 , 0.521399 
 909 , 0.538374 , 0.471591 , 0.427212 , 0.516828 , 0.453905 , 0.532371 , 0.560391 , 0.488619 , 0.493838 , 0.522089 
 910 , 0.538461 , 0.471653 , 0.427659 , 0.517022 , 0.453945 , 0.532885 , 0.560755 , 0.488819 , 0.494176 , 0.522682 
 911 , 0.538619 , 0.471826 , 0.428228 , 0.517456 , 0.454018 , 0.533326 , 0.561148 , 0.489228 , 0.494531 , 0.523364 
 912 , 0.538845 , 0.472085 , 0.428877 , 0.51802 , 0.454165 , 0.533777 , 0.561624 , 0.489723 , 0.494906 , 0.524132 
 913 , 0.538993 , 0.472382 , 0.429317 , 0.518389 , 0.454334 , 0.53408 , 0.561966 , 0.490222 , 0.495156 , 0.524628 
 914 , 0.539165 , 0.472852 , 0.429439 , 0.518642 , 0.45454 , 0.534213 , 0.562097 , 0.490738 , 0.495254 , 0.524694 
 915 , 0.539621 , 0.473506 , 0.429658 , 0.519205 , 0.454796 , 0.534483 , 0.562315 , 0.491353 , 0.495503 , 0.524853 
 916 , 0.540071 , 0.474133 , 0.429858 , 0.519784 , 0.455044 , 0.534726 , 0.562547 , 0.491941 , 0.495755 , 0.525014 
 917 , 0.540258 , 0.474392 , 0.429805 , 0.520429 , 0.455273 , 0.53463 , 0.563021 , 0.492143 , 0.4961 , 0.525327 
 918 , 0.540311 , 0.47465 , 0.429799 , 0.520546 , 0.455522 , 0.534636 , 0.563683 , 0.49245 , 0.496443 , 0.525542 
 919 , 0.540359 , 0.474903 , 0.429786 , 0.520667 , 0.455776 , 0.534646 , 0.56434 , 0.492752 , 0.496791 , 0.525763 
 920 , 0.54052 , 0.47543 , 0.430185 , 0.520686 , 0.455819 , 0.534964 , 0.564678 , 0.493182 , 0.497314 , 0.526061 
 921 , 0.540633 , 0.47586 , 0.430625 , 0.520838 , 0.455797 , 0.535321 , 0.564682 , 0.493507 , 0.497932 , 0.52647 
 922 , 0.540731 , 0.47624 , 0.431045 , 0.521061 , 0.455768 , 0.535677 , 0.564608 , 0.4938 , 0.498587 , 0.526929 
 923 , 0.540975 , 0.476639 , 0.431528 , 0.521412 , 0.455988 , 0.536165 , 0.564661 , 0.49408 , 0.499161 , 0.5277 
 924 , 0.541241 , 0.476995 , 0.432021 , 0.52178 , 0.456334 , 0.536656 , 0.564778 , 0.494169 , 0.499465 , 0.528685 
 925 , 0.541295 , 0.477305 , 0.43244 , 0.521979 , 0.456473 , 0.536968 , 0.564758 , 0.494066 , 0.499531 , 0.529496 
 926 , 0.541337 , 0.477572 , 0.432993 , 0.522207 , 0.456531 , 0.537333 , 0.564762 , 0.493913 , 0.499659 , 0.53044 
 927 , 0.54125 , 0.477401 , 0.434094 , 0.522401 , 0.456122 , 0.53775 , 0.564879 , 0.493614 , 0.500062 , 0.531624 
 928 , 0.541239 , 0.477047 , 0.435188 , 0.522459 , 0.455658 , 0.538326 , 0.565028 , 0.493299 , 0.500603 , 0.532886 
 929 , 0.541226 , 0.47662 , 0.436542 , 0.522546 , 0.455104 , 0.539028 , 0.565211 , 0.492925 , 0.501278 , 0.534421 
 930 , 0.540802 , 0.476295 , 0.43708 , 0.521965 , 0.454494 , 0.539321 , 0.564567 , 0.492251 , 0.501117 , 0.534559 
 931 , 0.54029 , 0.476044 , 0.437843 , 0.521856 , 0.454042 , 0.539731 , 0.563803 , 0.491897 , 0.500758 , 0.535236 
 932 , 0.539702 , 0.475804 , 0.438888 , 0.521892 , 0.453572 , 0.540295 , 0.562903 , 0.491591 , 0.500326 , 0.536261 
 933 , 0.539007 , 0.475326 , 0.439225 , 0.522087 , 0.453087 , 0.540268 , 0.562198 , 0.491246 , 0.499766 , 0.536937 
 934 , 0.53865 , 0.474933 , 0.439253 , 0.522129 , 0.452788 , 0.539992 , 0.562196 , 0.490755 , 0.499505 , 0.537344 
 935 , 0.538723 , 0.474873 , 0.439713 , 0.521863 , 0.452689 , 0.540057 , 0.562738 , 0.490104 , 0.499691 , 0.537944 
 936 , 0.538804 , 0.474945 , 0.440371 , 0.521523 , 0.452304 , 0.540041 , 0.563271 , 0.489517 , 0.500201 , 0.538475 
 937 , 0.538893 , 0.475556 , 0.441458 , 0.521161 , 0.451269 , 0.539861 , 0.563648 , 0.489521 , 0.501597 , 0.538643 
 938 , 0.539423 , 0.476738 , 0.44272 , 0.521508 , 0.450578 , 0.540117 , 0.564045 , 0.490439 , 0.503263 , 0.538933 
 939 , 0.539967 , 0.477969 , 0.444041 , 0.521881 , 0.449864 , 0.540378 , 0.564448 , 0.491406 , 0.505013 , 0.539227 
 940 , 0.539546 , 0.478276 , 0.442804 , 0.520942 , 0.449456 , 0.540561 , 0.56363 , 0.490915 , 0.503533 , 0.538024 
 941 , 0.53868 , 0.477987 , 0.441506 , 0.520045 , 0.44877 , 0.540434 , 0.562768 , 0.489547 , 0.501501 , 0.536869 
 942 , 0.537741 , 0.477631 , 0.440183 , 0.519141 , 0.448041 , 0.540278 , 0.561898 , 0.488081 , 0.499396 , 0.535698 
 943 , 0.536882 , 0.47649 , 0.439672 , 0.518764 , 0.44784 , 0.539268 , 0.561251 , 0.486854 , 0.498193 , 0.534775 
 944 , 0.536558 , 0.475469 , 0.439605 , 0.518984 , 0.44814 , 0.537924 , 0.560595 , 0.486065 , 0.498061 , 0.533982 
 945 , 0.536565 , 0.474772 , 0.439543 , 0.51946 , 0.448611 , 0.536643 , 0.559856 , 0.485476 , 0.498377 , 0.533202 
 946 , 0.53647 , 0.474427 , 0.439436 , 0.519825 , 0.44848 , 0.535364 , 0.558616 , 0.48498 , 0.498428 , 0.53201 
 947 , 0.536225 , 0.474649 , 0.439273 , 0.519889 , 0.447403 , 0.534357 , 0.556776 , 0.484647 , 0.497936 , 0.530242 
 948 , 0.535981 , 0.474776 , 0.439279 , 0.519674 , 0.446452 , 0.533865 , 0.555395 , 0.484344 , 0.497175 , 0.528685 
 949 , 0.535662 , 0.474822 , 0.439213 , 0.519362 , 0.445601 , 0.533377 , 0.554024 , 0.484009 , 0.496318 , 0.5271 
 950 , 0.534571 , 0.474046 , 0.438396 , 0.518054 , 0.445801 , 0.532853 , 0.552906 , 0.48328 , 0.494388 , 0.525371 
 951 , 0.533566 , 0.473126 , 0.437799 , 0.51688 , 0.445704 , 0.531834 , 0.551629 , 0.482508 , 0.492633 , 0.523941 
 952 , 0.532579 , 0.472211 , 0.437196 , 0.515722 , 0.445613 , 0.530822 , 0.55037 , 0.481752 , 0.490903 , 0.522516 
 953 , 0.531684 , 0.47106 , 0.437 , 0.515396 , 0.445338 , 0.529215 , 0.548858 , 0.480882 , 0.490116 , 0.521486 
 954 , 0.530956 , 0.470097 , 0.436941 , 0.515324 , 0.445216 , 0.527814 , 0.547352 , 0.480176 , 0.489635 , 0.520413 
 955 , 0.530295 , 0.469248 , 0.436891 , 0.515252 , 0.445166 , 0.526607 , 0.545892 , 0.479561 , 0.489165 , 0.519274 
 956 , 0.529891 , 0.468774 , 0.436538 , 0.515036 , 0.444958 , 0.52573 , 0.544569 , 0.479081 , 0.488583 , 0.518138 
 957 , 0.529617 , 0.4688 , 0.43589 , 0.514792 , 0.444658 , 0.525162 , 0.543334 , 0.478633 , 0.487829 , 0.516986 
 958 , 0.529119 , 0.469039 , 0.435259 , 0.514718 , 0.444504 , 0.524556 , 0.542083 , 0.478032 , 0.487058 , 0.515892 
 959 , 0.528599 , 0.469094 , 0.434501 , 0.514519 , 0.444489 , 0.523862 , 0.541159 , 0.477398 , 0.486271 , 0.514727 
 960 , 0.527915 , 0.468433 , 0.433121 , 0.513825 , 0.444956 , 0.522723 , 0.541496 , 0.476616 , 0.485406 , 0.513207 
 961 , 0.527807 , 0.467585 , 0.432152 , 0.513523 , 0.445187 , 0.521746 , 0.54271 , 0.476438 , 0.485161 , 0.512208 
 962 , 0.52771 , 0.466787 , 0.431226 , 0.513244 , 0.445398 , 0.52083 , 0.543841 , 0.476268 , 0.484921 , 0.511263 
 963 , 0.527306 , 0.46649 , 0.430817 , 0.513054 , 0.445101 , 0.51942 , 0.543857 , 0.476176 , 0.484799 , 0.510602 
 964 , 0.527186 , 0.466796 , 0.430664 , 0.512915 , 0.445379 , 0.518478 , 0.543592 , 0.476317 , 0.484797 , 0.510182 
 965 , 0.527152 , 0.467235 , 0.430564 , 0.512783 , 0.44579 , 0.517699 , 0.543301 , 0.476503 , 0.484816 , 0.509831 
 966 , 0.527352 , 0.467984 , 0.430299 , 0.512769 , 0.44652 , 0.51763 , 0.543158 , 0.476952 , 0.484653 , 0.509427 
 967 , 0.527507 , 0.468691 , 0.429807 , 0.512789 , 0.447147 , 0.517662 , 0.542839 , 0.477285 , 0.484089 , 0.50875 
 968 , 0.527457 , 0.469158 , 0.42921 , 0.512767 , 0.447463 , 0.517382 , 0.54229 , 0.477336 , 0.483234 , 0.507845 
 969 , 0.527398 , 0.469424 , 0.428926 , 0.512772 , 0.447843 , 0.517141 , 0.541869 , 0.477414 , 0.482696 , 0.507259 
 970 , 0.5273 , 0.469295 , 0.429294 , 0.51276 , 0.448381 , 0.517072 , 0.541741 , 0.477573 , 0.482921 , 0.507356 
 971 , 0.527302 , 0.469145 , 0.429432 , 0.512554 , 0.448966 , 0.517273 , 0.541771 , 0.477961 , 0.483615 , 0.50759 
 972 , 0.527313 , 0.468991 , 0.429572 , 0.512346 , 0.449543 , 0.517472 , 0.541813 , 0.478354 , 0.484314 , 0.50782 
 973 , 0.527292 , 0.468887 , 0.429622 , 0.512101 , 0.449288 , 0.517481 , 0.541689 , 0.478462 , 0.484593 , 0.507995 
 974 , 0.526837 , 0.468458 , 0.429849 , 0.511607 , 0.448768 , 0.517165 , 0.541406 , 0.478253 , 0.48428 , 0.507951 
 975 , 0.526317 , 0.467989 , 0.430104 , 0.511065 , 0.448215 , 0.516793 , 0.5411 , 0.478004 , 0.483877 , 0.507883 
 976 , 0.526132 , 0.46787 , 0.430258 , 0.510669 , 0.448453 , 0.516745 , 0.54125 , 0.478267 , 0.48371 , 0.507437 
 977 , 0.526451 , 0.468228 , 0.430432 , 0.510819 , 0.449374 , 0.516974 , 0.542006 , 0.479078 , 0.483949 , 0.506988 
 978 , 0.527035 , 0.468848 , 0.430683 , 0.511338 , 0.450551 , 0.5173 , 0.543064 , 0.48012 , 0.484423 , 0.506647 
 979 , 0.527382 , 0.469519 , 0.430871 , 0.511975 , 0.451387 , 0.517306 , 0.544013 , 0.480898 , 0.485014 , 0.506369 
 980 , 0.527383 , 0.470282 , 0.431024 , 0.512706 , 0.451681 , 0.516939 , 0.544687 , 0.481287 , 0.48575 , 0.506242 
 981 , 0.527383 , 0.471062 , 0.431229 , 0.513253 , 0.45182 , 0.516786 , 0.545089 , 0.481626 , 0.486486 , 0.506331 
 982 , 0.527436 , 0.47185 , 0.431399 , 0.513769 , 0.451997 , 0.516682 , 0.545449 , 0.482023 , 0.487148 , 0.506356 
 983 , 0.528004 , 0.47284 , 0.431284 , 0.514035 , 0.452528 , 0.516894 , 0.545533 , 0.482898 , 0.487346 , 0.505883 
 984 , 0.52827 , 0.473498 , 0.431116 , 0.514241 , 0.452946 , 0.517071 , 0.545587 , 0.483594 , 0.487243 , 0.505183 
 985 , 0.528538 , 0.474151 , 0.430952 , 0.51444 , 0.453363 , 0.51724 , 0.545633 , 0.484294 , 0.487126 , 0.504471 
 986 , 0.528994 , 0.474171 , 0.431172 , 0.514733 , 0.454163 , 0.517432 , 0.546248 , 0.485087 , 0.487655 , 0.504352 
 987 , 0.529634 , 0.474157 , 0.431412 , 0.51512 , 0.455249 , 0.517568 , 0.547153 , 0.485873 , 0.488376 , 0.504311 
 988 , 0.530353 , 0.47419 , 0.431631 , 0.515548 , 0.45644 , 0.517665 , 0.548158 , 0.48666 , 0.489136 , 0.504257 
 989 , 0.530905 , 0.474614 , 0.432251 , 0.516267 , 0.457387 , 0.518102 , 0.549104 , 0.487318 , 0.490006 , 0.504819 
 990 , 0.531272 , 0.47536 , 0.433116 , 0.517111 , 0.458025 , 0.518665 , 0.549866 , 0.48788 , 0.490955 , 0.505948 
 991 , 0.531559 , 0.476059 , 0.433852 , 0.517741 , 0.458473 , 0.518954 , 0.550368 , 0.488478 , 0.491908 , 0.507113 
 992 , 0.531995 , 0.476864 , 0.434459 , 0.518329 , 0.459018 , 0.519454 , 0.551009 , 0.489197 , 0.492745 , 0.508135 
 993 , 0.532785 , 0.477906 , 0.43466 , 0.518811 , 0.459829 , 0.520616 , 0.552011 , 0.490239 , 0.493194 , 0.508645 
 994 , 0.533312 , 0.478879 , 0.43519 , 0.5194 , 0.460589 , 0.522108 , 0.55313 , 0.490846 , 0.493664 , 0.509093 
 995 , 0.533863 , 0.479867 , 0.43573 , 0.520005 , 0.461367 , 0.523655 , 0.554292 , 0.49147 , 0.494139 , 0.509567 
 996 , 0.534471 , 0.480154 , 0.436247 , 0.520985 , 0.462183 , 0.524225 , 0.555334 , 0.491644 , 0.494808 , 0.510237 
 997 , 0.53505 , 0.480242 , 0.436184 , 0.521792 , 0.462776 , 0.524387 , 0.556147 , 0.492137 , 0.495081 , 0.510617 
 998 , 0.535642 , 0.48029 , 0.435944 , 0.522568 , 0.463331 , 0.52443 , 0.55689 , 0.492754 , 0.495236 , 0.510921 
 999 , 0.536444 , 0.480583 , 0.436123 , 0.523183 , 0.463385 , 0.524989 , 0.557341 , 0.493779 , 0.495291 , 0.51138 
 1000 , 0.537464 , 0.481055 , 0.436855 , 0.523821 , 0.463412 , 0.526115 , 0.557695 , 0.494807 , 0.495546 , 0.512233 
 1001 , 0.538646 , 0.481611 , 0.437993 , 0.524599 , 0.463699 , 0.527617 , 0.558154 , 0.495603 , 0.496103 , 0.513483 
 1002 , 0.539707 , 0.482252 , 0.439103 , 0.525422 , 0.464379 , 0.528934 , 0.558783 , 0.496548 , 0.496765 , 0.514583 
 1003 , 0.540413 , 0.482935 , 0.440046 , 0.52616 , 0.465652 , 0.529742 , 0.559633 , 0.497762 , 0.497502 , 0.515272 
 1004 , 0.540659 , 0.483195 , 0.440548 , 0.526339 , 0.466461 , 0.5299 , 0.560218 , 0.499149 , 0.497764 , 0.515396 
 1005 , 0.540852 , 0.483465 , 0.441079 , 0.526576 , 0.467261 , 0.53005 , 0.560789 , 0.500523 , 0.498077 , 0.515579 
 1006 , 0.540319 , 0.483776 , 0.441692 , 0.527274 , 0.467458 , 0.530017 , 0.560891 , 0.500957 , 0.498711 , 0.516475 
 1007 , 0.540399 , 0.484926 , 0.44285 , 0.528881 , 0.468059 , 0.530567 , 0.561545 , 0.501566 , 0.500291 , 0.51773 
 1008 , 0.540589 , 0.486258 , 0.444149 , 0.530714 , 0.468735 , 0.531254 , 0.562309 , 0.502212 , 0.502093 , 0.519107 
 1009 , 0.541569 , 0.487145 , 0.444704 , 0.532191 , 0.469083 , 0.532635 , 0.563135 , 0.502903 , 0.503206 , 0.520078 
 1010 , 0.54225 , 0.487306 , 0.44454 , 0.533067 , 0.469254 , 0.53403 , 0.56347 , 0.503335 , 0.503367 , 0.520553 
 1011 , 0.542549 , 0.487023 , 0.444004 , 0.533569 , 0.469365 , 0.535311 , 0.56342 , 0.503566 , 0.502971 , 0.520726 
 1012 , 0.542687 , 0.48643 , 0.443215 , 0.533434 , 0.46959 , 0.535891 , 0.56351 , 0.503465 , 0.50287 , 0.520739 
 1013 , 0.542755 , 0.485712 , 0.44241 , 0.532739 , 0.469849 , 0.53576 , 0.563935 , 0.502972 , 0.503319 , 0.520687 
 1014 , 0.543126 , 0.485526 , 0.44217 , 0.532296 , 0.469827 , 0.535732 , 0.564864 , 0.502395 , 0.504411 , 0.520901 
 1015 , 0.543532 , 0.485498 , 0.442309 , 0.532138 , 0.46972 , 0.535947 , 0.565756 , 0.50184 , 0.505595 , 0.521362 
 1016 , 0.544068 , 0.486144 , 0.444013 , 0.533178 , 0.469319 , 0.537115 , 0.566359 , 0.501525 , 0.507068 , 0.522742 
 1017 , 0.545017 , 0.486328 , 0.445355 , 0.533991 , 0.469437 , 0.538434 , 0.566807 , 0.502241 , 0.508443 , 0.524541 
 1018 , 0.546007 , 0.486523 , 0.446761 , 0.534834 , 0.469574 , 0.539817 , 0.567274 , 0.503025 , 0.509879 , 0.526436 
 1019 , 0.546574 , 0.486725 , 0.447279 , 0.534929 , 0.470385 , 0.540561 , 0.567686 , 0.504634 , 0.509776 , 0.52665 
 1020 , 0.546845 , 0.486872 , 0.447981 , 0.53535 , 0.47096 , 0.541109 , 0.567807 , 0.505653 , 0.509622 , 0.526636 
 1021 , 0.54699 , 0.486985 , 0.448859 , 0.535995 , 0.471416 , 0.541585 , 0.567799 , 0.506397 , 0.509508 , 0.526573 
 1022 , 0.546743 , 0.486901 , 0.449326 , 0.537199 , 0.471854 , 0.541502 , 0.567851 , 0.506536 , 0.509823 , 0.527 
 1023 , 0.546502 , 0.487087 , 0.449351 , 0.53874 , 0.472723 , 0.541222 , 0.568321 , 0.506579 , 0.510175 , 0.527688 
 1024 , 0.54668 , 0.487926 , 0.449071 , 0.540295 , 0.474345 , 0.541217 , 0.569453 , 0.507079 , 0.510161 , 0.528316 
 1025 , 0.547544 , 0.489047 , 0.448961 , 0.541771 , 0.475641 , 0.541869 , 0.570673 , 0.507733 , 0.510317 , 0.529189 
 1026 , 0.549581 , 0.490529 , 0.449206 , 0.542945 , 0.476058 , 0.54376 , 0.571921 , 0.508588 , 0.510811 , 0.530488 
 1027 , 0.550215 , 0.490742 , 0.449514 , 0.543601 , 0.474857 , 0.545166 , 0.572615 , 0.509075 , 0.511676 , 0.531574 
 1028 , 0.550792 , 0.490918 , 0.449773 , 0.544156 , 0.473692 , 0.54653 , 0.573375 , 0.509592 , 0.512529 , 0.53266 
 1029 , 0.549854 , 0.490465 , 0.449019 , 0.542617 , 0.474001 , 0.546186 , 0.57466 , 0.510077 , 0.512353 , 0.532562 
 1030 , 0.550104 , 0.490956 , 0.448754 , 0.541321 , 0.475425 , 0.546155 , 0.576034 , 0.510901 , 0.512195 , 0.532936 
 1031 , 0.550677 , 0.491735 , 0.448601 , 0.540021 , 0.477202 , 0.546202 , 0.577505 , 0.511851 , 0.512018 , 0.533452 
 1032 , 0.550809 , 0.491885 , 0.448888 , 0.54104 , 0.478527 , 0.546168 , 0.578576 , 0.512264 , 0.512885 , 0.534073 
 1033 , 0.551142 , 0.491856 , 0.44872 , 0.542879 , 0.479655 , 0.545885 , 0.579792 , 0.512199 , 0.513918 , 0.534538 
 1034 , 0.551822 , 0.491838 , 0.447938 , 0.544832 , 0.480763 , 0.545366 , 0.581307 , 0.511818 , 0.514801 , 0.534814 
 1035 , 0.553219 , 0.492572 , 0.447189 , 0.546205 , 0.481298 , 0.545313 , 0.582121 , 0.512743 , 0.515608 , 0.534888 
 1036 , 0.555007 , 0.493856 , 0.446672 , 0.546803 , 0.481126 , 0.545967 , 0.581815 , 0.515347 , 0.516328 , 0.534742 
 1037 , 0.555233 , 0.494061 , 0.44689 , 0.547068 , 0.480773 , 0.547246 , 0.580305 , 0.519033 , 0.517106 , 0.534604 
 1038 , 0.555266 , 0.493822 , 0.446963 , 0.546978 , 0.480572 , 0.548124 , 0.578674 , 0.522214 , 0.517463 , 0.534451 
 1039 , 0.554507 , 0.491735 , 0.446403 , 0.545309 , 0.481029 , 0.547162 , 0.576906 , 0.522577 , 0.515943 , 0.534315 
 1040 , 0.553822 , 0.490896 , 0.445297 , 0.542912 , 0.48072 , 0.545436 , 0.577122 , 0.521369 , 0.514585 , 0.533503 
 1041 , 0.553112 , 0.490126 , 0.444085 , 0.540317 , 0.480331 , 0.543541 , 0.577522 , 0.519957 , 0.513163 , 0.532585 
 1042 , 0.552621 , 0.490169 , 0.444833 , 0.539586 , 0.479744 , 0.543255 , 0.577675 , 0.517096 , 0.513395 , 0.531402 
 1043 , 0.55321 , 0.489993 , 0.445839 , 0.540241 , 0.479401 , 0.542931 , 0.576828 , 0.514771 , 0.513967 , 0.530642 
 1044 , 0.554487 , 0.489617 , 0.446896 , 0.541689 , 0.479236 , 0.542461 , 0.575338 , 0.512795 , 0.514663 , 0.530134 
 1045 , 0.554202 , 0.489504 , 0.445621 , 0.541117 , 0.479253 , 0.540691 , 0.573035 , 0.51154 , 0.514084 , 0.52764 
 1046 , 0.552543 , 0.489168 , 0.443019 , 0.538681 , 0.479343 , 0.538221 , 0.569914 , 0.510476 , 0.512012 , 0.523765 
 1047 , 0.550055 , 0.487975 , 0.440679 , 0.534956 , 0.479375 , 0.535921 , 0.566063 , 0.508855 , 0.50853 , 0.519554 
 1048 , 0.547598 , 0.486166 , 0.438714 , 0.531945 , 0.478868 , 0.533517 , 0.563475 , 0.507332 , 0.505884 , 0.516978 
 1049 , 0.545371 , 0.483228 , 0.437661 , 0.53069 , 0.477284 , 0.531027 , 0.563865 , 0.506129 , 0.505277 , 0.518107 
 1050 , 0.542597 , 0.481823 , 0.435639 , 0.53026 , 0.476088 , 0.527894 , 0.566957 , 0.504706 , 0.5067 , 0.519827 
 1051 , 0.539901 , 0.480489 , 0.43363 , 0.529827 , 0.474716 , 0.524722 , 0.570167 , 0.50333 , 0.508197 , 0.521655 
 1052 , 0.541471 , 0.482195 , 0.43388 , 0.529932 , 0.471968 , 0.524061 , 0.572104 , 0.504434 , 0.509355 , 0.523394 
 1053 , 0.543001 , 0.483629 , 0.434283 , 0.529083 , 0.46794 , 0.523251 , 0.572225 , 0.505769 , 0.510213 , 0.525124 
 1054 , 0.54457 , 0.485028 , 0.434744 , 0.527842 , 0.46329 , 0.522337 , 0.571667 , 0.507249 , 0.51099 , 0.526943 
 1055 , 0.543603 , 0.485423 , 0.433007 , 0.525161 , 0.460938 , 0.521636 , 0.569688 , 0.506506 , 0.508174 , 0.525306 
 1056 , 0.541925 , 0.485462 , 0.430867 , 0.523145 , 0.46 , 0.522026 , 0.567666 , 0.50526 , 0.503951 , 0.52235 
 1057 , 0.54031 , 0.485429 , 0.429086 , 0.522511 , 0.459947 , 0.523715 , 0.566107 , 0.50424 , 0.499313 , 0.519046 
 1058 , 0.538763 , 0.484812 , 0.428806 , 0.522864 , 0.458841 , 0.525766 , 0.564225 , 0.502946 , 0.496216 , 0.516789 
 1059 , 0.537365 , 0.483511 , 0.430098 , 0.523967 , 0.45659 , 0.527894 , 0.561967 , 0.501187 , 0.49485 , 0.515581 
 1060 , 0.536251 , 0.482098 , 0.430513 , 0.52319 , 0.454487 , 0.528533 , 0.559486 , 0.498489 , 0.492976 , 0.513483 
 1061 , 0.534867 , 0.480806 , 0.430336 , 0.521552 , 0.452647 , 0.52854 , 0.556175 , 0.49598 , 0.490907 , 0.510573 
 1062 , 0.532729 , 0.480381 , 0.427829 , 0.516631 , 0.452363 , 0.525849 , 0.550212 , 0.494777 , 0.48843 , 0.504926 
 1063 , 0.530218 , 0.478881 , 0.426784 , 0.512951 , 0.451437 , 0.52408 , 0.544036 , 0.494061 , 0.488502 , 0.500425 
 1064 , 0.527534 , 0.477137 , 0.425889 , 0.509226 , 0.450356 , 0.522339 , 0.537494 , 0.493392 , 0.488956 , 0.49583 
 1065 , 0.521221 , 0.471213 , 0.42272 , 0.504857 , 0.449873 , 0.519627 , 0.536715 , 0.488798 , 0.489782 , 0.49434 
 1066 , 0.515179 , 0.465717 , 0.418281 , 0.499152 , 0.449067 , 0.515904 , 0.536662 , 0.482853 , 0.489033 , 0.492644 
 1067 , 0.509379 , 0.460665 , 0.41294 , 0.49238 , 0.44795 , 0.511402 , 0.536753 , 0.476017 , 0.487016 , 0.490539 
 1068 , 0.504984 , 0.458833 , 0.411921 , 0.489858 , 0.442673 , 0.50721 , 0.533863 , 0.471983 , 0.484827 , 0.489052 
 1069 , 0.501411 , 0.459097 , 0.413824 , 0.490739 , 0.435689 , 0.504008 , 0.529253 , 0.470246 , 0.483152 , 0.488425 
 1070 , 0.49765 , 0.45976 , 0.416487 , 0.4937 , 0.430487 , 0.502715 , 0.524772 , 0.469958 , 0.482979 , 0.488954 
 1071 , 0.494399 , 0.460515 , 0.417439 , 0.494981 , 0.426711 , 0.501082 , 0.519752 , 0.470209 , 0.480839 , 0.487853 
 1072 , 0.49228 , 0.461392 , 0.414998 , 0.492929 , 0.425958 , 0.498865 , 0.513939 , 0.471509 , 0.475007 , 0.483666 
 1073 , 0.485437 , 0.459084 , 0.41008 , 0.488561 , 0.4227 , 0.49365 , 0.504873 , 0.471954 , 0.467354 , 0.47769 
 1074 , 0.47849 , 0.456214 , 0.405015 , 0.484209 , 0.41942 , 0.488558 , 0.496134 , 0.471808 , 0.459872 , 0.471978 
 1075 , 0.472874 , 0.44786 , 0.400556 , 0.482267 , 0.417533 , 0.487591 , 0.495074 , 0.464555 , 0.458214 , 0.472196 
 1076 , 0.470722 , 0.440463 , 0.397494 , 0.480211 , 0.414285 , 0.487036 , 0.494949 , 0.455972 , 0.455972 , 0.472377 
 1077 , 0.469919 , 0.433226 , 0.394892 , 0.478044 , 0.410401 , 0.486624 , 0.495193 , 0.446593 , 0.453396 , 0.47254 
 1078 , 0.468567 , 0.428688 , 0.39344 , 0.475286 , 0.404995 , 0.486772 , 0.491461 , 0.443129 , 0.449563 , 0.472023 
 1079 , 0.466532 , 0.424295 , 0.391612 , 0.4721 , 0.399902 , 0.486881 , 0.486676 , 0.440681 , 0.444246 , 0.470517 
 1080 , 0.463717 , 0.41909 , 0.388798 , 0.468492 , 0.395704 , 0.486717 , 0.481818 , 0.437508 , 0.437326 , 0.467857 
 1081 , 0.461672 , 0.415453 , 0.385365 , 0.465381 , 0.396729 , 0.484128 , 0.480509 , 0.43509 , 0.430514 , 0.464828 
 1082 , 0.460144 , 0.413655 , 0.381464 , 0.462697 , 0.402906 , 0.479402 , 0.482829 , 0.43391 , 0.424493 , 0.461476 
 1083 , 0.456927 , 0.413749 , 0.378154 , 0.45947 , 0.40956 , 0.476013 , 0.486127 , 0.435915 , 0.422609 , 0.45817 
 1084 , 0.453136 , 0.412927 , 0.376205 , 0.457216 , 0.41406 , 0.472125 , 0.488996 , 0.437275 , 0.421973 , 0.455322 
 1085 , 0.447741 , 0.409124 , 0.379001 , 0.458448 , 0.410832 , 0.466931 , 0.490077 , 0.436314 , 0.425741 , 0.454201 
 1086 , 0.443114 , 0.404214 , 0.382772 , 0.46073 , 0.40529 , 0.457492 , 0.490765 , 0.433638 , 0.426132 , 0.453371 
 1087 , 0.438417 , 0.398913 , 0.386876 , 0.46328 , 0.399222 , 0.447097 , 0.491409 , 0.430571 , 0.425957 , 0.452568 
 1088 , 0.432919 , 0.397647 , 0.384102 , 0.459607 , 0.388766 , 0.442785 , 0.484313 , 0.425906 , 0.419878 , 0.447426 
 1089 , 0.426568 , 0.396325 , 0.379555 , 0.455279 , 0.379589 , 0.440215 , 0.474354 , 0.420367 , 0.415296 , 0.443984 
 1090 , 0.41952 , 0.394798 , 0.373853 , 0.450596 , 0.371355 , 0.438769 , 0.462468 , 0.414187 , 0.411957 , 0.441918 
 1091 , 0.416962 , 0.390737 , 0.368359 , 0.445767 , 0.369062 , 0.436255 , 0.456112 , 0.405796 , 0.409467 , 0.440337 
 1092 , 0.416699 , 0.384805 , 0.362788 , 0.440647 , 0.368828 , 0.432356 , 0.453201 , 0.396672 , 0.40636 , 0.437188 
 1093 , 0.416727 , 0.377409 , 0.356825 , 0.435055 , 0.366377 , 0.426327 , 0.45238 , 0.388537 , 0.400668 , 0.429527 
 1094 , 0.415302 , 0.371711 , 0.35226 , 0.430089 , 0.362118 , 0.419654 , 0.448374 , 0.381942 , 0.396644 , 0.421662 
 1095 , 0.411593 , 0.368766 , 0.349985 , 0.426279 , 0.35507 , 0.4121 , 0.439359 , 0.378017 , 0.395349 , 0.413622 
 1096 , 0.408121 , 0.369558 , 0.351279 , 0.420935 , 0.349433 , 0.408564 , 0.430302 , 0.374888 , 0.396551 , 0.409648 
 1097 , 0.404365 , 0.370341 , 0.351552 , 0.415146 , 0.34411 , 0.404742 , 0.421384 , 0.371332 , 0.396283 , 0.40444 
 1098 , 0.399282 , 0.371147 , 0.344101 , 0.406546 , 0.342487 , 0.400102 , 0.415668 , 0.365869 , 0.384676 , 0.391057 
 1099 , 0.394074 , 0.368423 , 0.334393 , 0.399897 , 0.341297 , 0.393006 , 0.410291 , 0.358094 , 0.371993 , 0.375524 
 1100 , 0.388658 , 0.36433 , 0.323558 , 0.393782 , 0.34022 , 0.384826 , 0.404872 , 0.349299 , 0.358527 , 0.358881 
 1101 , 0.38362 , 0.350456 , 0.316463 , 0.388768 , 0.33867 , 0.371933 , 0.401805 , 0.34251 , 0.350344 , 0.350934 
 1102 , 0.377845 , 0.334853 , 0.309847 , 0.381736 , 0.335792 , 0.357935 , 0.398299 , 0.336438 , 0.341974 , 0.345322 
 1103 , 0.37109 , 0.319416 , 0.302935 , 0.37202 , 0.331421 , 0.343642 , 0.393706 , 0.330755 , 0.33218 , 0.340467 
 1104 , 0.362405 , 0.309851 , 0.296965 , 0.360993 , 0.321034 , 0.333223 , 0.385354 , 0.324751 , 0.323745 , 0.335641 
 1105 , 0.35235 , 0.305281 , 0.29189 , 0.349197 , 0.306077 , 0.326095 , 0.373825 , 0.318688 , 0.316806 , 0.330536 
 1106 , 0.343152 , 0.301218 , 0.28715 , 0.33881 , 0.292551 , 0.318839 , 0.361562 , 0.313276 , 0.311571 , 0.323468 
 1107 , 0.334173 , 0.295575 , 0.281685 , 0.32738 , 0.282558 , 0.310624 , 0.350531 , 0.305937 , 0.304931 , 0.313831 
 1108 , 0.326171 , 0.286074 , 0.274561 , 0.313574 , 0.282343 , 0.300115 , 0.3428 , 0.294158 , 0.29504 , 0.297628 
 1109 , 0.315556 , 0.276249 , 0.266428 , 0.29928 , 0.280264 , 0.289178 , 0.334831 , 0.280199 , 0.283156 , 0.282768 
 1110 , 0.304622 , 0.26605 , 0.258057 , 0.284639 , 0.27797 , 0.277993 , 0.326672 , 0.265795 , 0.270976 , 0.267514 
 1111 , 0.291062 , 0.246606 , 0.250081 , 0.276417 , 0.267084 , 0.268548 , 0.310026 , 0.254822 , 0.265371 , 0.256435 
 1112 , 0.278528 , 0.226259 , 0.241373 , 0.267145 , 0.256541 , 0.258716 , 0.293266 , 0.243199 , 0.259763 , 0.244058 
 1113 , 0.266427 , 0.20525 , 0.232258 , 0.257278 , 0.246112 , 0.248597 , 0.276307 , 0.231205 , 0.25418 , 0.230855 
 1114 , 0.256957 , 0.193849 , 0.21632 , 0.243663 , 0.23568 , 0.240143 , 0.260854 , 0.217954 , 0.238665 , 0.216446 
 1115 , 0.248337 , 0.186413 , 0.198324 , 0.229083 , 0.225327 , 0.232568 , 0.246205 , 0.204787 , 0.219811 , 0.202013 
 1116 , 0.23935 , 0.17966 , 0.181102 , 0.215289 , 0.215068 , 0.225342 , 0.231995 , 0.192596 , 0.201504 , 0.188198 
 1117 , 0.229003 , 0.169553 , 0.164956 , 0.199658 , 0.204575 , 0.212051 , 0.220447 , 0.179108 , 0.184945 , 0.173671 
 1118 , 0.217062 , 0.155736 , 0.150293 , 0.181963 , 0.193963 , 0.191777 , 0.212305 , 0.164221 , 0.170692 , 0.158478 
 1119 , 0.205172 , 0.141108 , 0.135598 , 0.164502 , 0.183272 , 0.171646 , 0.204004 , 0.148999 , 0.156284 , 0.142929 
 1120 , 0.193721 , 0.128593 , 0.1233 , 0.149563 , 0.171944 , 0.153243 , 0.195737 , 0.136255 , 0.14548 , 0.130307 
 1121 , 0.184111 , 0.124599 , 0.121597 , 0.145723 , 0.157304 , 0.142346 , 0.187757 , 0.134196 , 0.150388 , 0.130282 
 1122 , 0.175037 , 0.121087 , 0.11994 , 0.141899 , 0.143275 , 0.131694 , 0.179567 , 0.132267 , 0.154971 , 0.13026 
 1123 , 0.1663 , 0.11778 , 0.118392 , 0.138155 , 0.129711 , 0.121329 , 0.171623 , 0.130323 , 0.159447 , 0.130262 
 1124 , 0.701254 , 0.696024 , 0.698517 , 0.702876 , 0.704356 , 0.711795 , 0.723532 , 0.710518 , 0.715221 , 0.71141 
 1125 , 0.803995 , 0.807019 , 0.809674 , 0.811291 , 0.815439 , 0.825463 , 0.828969 , 0.821809 , 0.821834 , 0.822982 
 1126 , 0.843537 , 0.849851 , 0.852635 , 0.853842 , 0.859179 , 0.870333 , 0.870517 , 0.865991 , 0.864618 , 0.867143 
 1127 , 0.851723 , 0.859046 , 0.861626 , 0.863473 , 0.86932 , 0.880721 , 0.879901 , 0.876064 , 0.874687 , 0.877157 
 1128 , 0.850607 , 0.858853 , 0.860398 , 0.863543 , 0.869611 , 0.880742 , 0.879867 , 0.875549 , 0.874656 , 0.876722 
 1129 , 0.85 , 0.862144 , 0.859009 , 0.86543 , 0.871552 , 0.881258 , 0.881308 , 0.873692 , 0.873742 , 0.875683 
 1130 , 0.728211 , 1.072248 , 0.733945 , 1.072248 , 1.083716 , 1.08945 , 1.095183 , 0.751147 , 0.751147 , 0.751147 
