spu_filename,Date,Site,Block,Treatment,Replicate,definition,NDVI
2019-06-02_LMAT_00006.spu,2019-06-02,LMAT,B1,F2,1,Greenseeker,0.648347157695728
2019-06-02_LMAT_00006.spu,2019-06-02,LMAT,B1,F2,1,MODIS,0.6810239756409161
2019-06-02_LMAT_00006.spu,2019-06-02,LMAT,B1,F2,1,RapidSCAN,0.6620123609297764
2019-06-02_LMAT_00007.spu,2019-06-02,LMAT,B1,F2,1.25,Greenseeker,0.6642399861958693
2019-06-02_LMAT_00007.spu,2019-06-02,LMAT,B1,F2,1.25,MODIS,0.6888211077238309
2019-06-02_LMAT_00007.spu,2019-06-02,LMAT,B1,F2,1.25,RapidSCAN,0.6832573867847817
2019-06-02_LMAT_00008.spu,2019-06-02,LMAT,B1,F2,1.5,Greenseeker,0.6781173391489618
2019-06-02_LMAT_00008.spu,2019-06-02,LMAT,B1,F2,1.5,MODIS,0.6994499431333991
2019-06-02_LMAT_00008.spu,2019-06-02,LMAT,B1,F2,1.5,RapidSCAN,0.6973127136187334
2019-06-02_LMAT_00009.spu,2019-06-02,LMAT,B1,F2,1.75,Greenseeker,0.6530180334167142
2019-06-02_LMAT_00009.spu,2019-06-02,LMAT,B1,F2,1.75,MODIS,0.6796149348123751
2019-06-02_LMAT_00009.spu,2019-06-02,LMAT,B1,F2,1.75,RapidSCAN,0.6684852059885485
2019-06-02_LMAT_00010.spu,2019-06-02,LMAT,B1,F2,2,Greenseeker,0.6133347589323768
2019-06-02_LMAT_00010.spu,2019-06-02,LMAT,B1,F2,2,MODIS,0.6449440537860764
2019-06-02_LMAT_00010.spu,2019-06-02,LMAT,B1,F2,2,RapidSCAN,0.6259622239423633
2019-06-02_LMAT_00011.spu,2019-06-02,LMAT,B1,F2,2.2,Greenseeker,0.5851435120653671
2019-06-02_LMAT_00011.spu,2019-06-02,LMAT,B1,F2,2.2,MODIS,0.6192113356844143
2019-06-02_LMAT_00011.spu,2019-06-02,LMAT,B1,F2,2.2,RapidSCAN,0.5968721552646374
2019-06-02_LMAT_00012.spu,2019-06-02,LMAT,B1,F2,2.4,Greenseeker,0.53953743289554
2019-06-02_LMAT_00012.spu,2019-06-02,LMAT,B1,F2,2.4,MODIS,0.5761153442775054
2019-06-02_LMAT_00012.spu,2019-06-02,LMAT,B1,F2,2.4,RapidSCAN,0.5490784358090789
2019-06-02_LMAT_00013.spu,2019-06-02,LMAT,B1,F2,2.6,Greenseeker,0.620744630952554
2019-06-02_LMAT_00013.spu,2019-06-02,LMAT,B1,F2,2.6,MODIS,0.646561425254817
2019-06-02_LMAT_00013.spu,2019-06-02,LMAT,B1,F2,2.6,RapidSCAN,0.6377913414952042
2019-06-02_LMAT_00014.spu,2019-06-02,LMAT,B1,F2,2.8,Greenseeker,0.6436700538972667
2019-06-02_LMAT_00014.spu,2019-06-02,LMAT,B1,F2,2.8,MODIS,0.6708786708865144
2019-06-02_LMAT_00014.spu,2019-06-02,LMAT,B1,F2,2.8,RapidSCAN,0.6599248446638982
2019-06-02_LMAT_00015.spu,2019-06-02,LMAT,B1,F2,3,Greenseeker,0.6341321935229592
2019-06-02_LMAT_00015.spu,2019-06-02,LMAT,B1,F2,3,MODIS,0.6627616806619405
2019-06-02_LMAT_00015.spu,2019-06-02,LMAT,B1,F2,3,RapidSCAN,0.649887084643413
2019-06-02_LMAT_00016.spu,2019-06-02,LMAT,B1,F2,3.2,Greenseeker,0.5051299193816523
2019-06-02_LMAT_00016.spu,2019-06-02,LMAT,B1,F2,3.2,MODIS,0.5556670345692813
2019-06-02_LMAT_00016.spu,2019-06-02,LMAT,B1,F2,3.2,RapidSCAN,0.5111561152067566
2019-06-02_LMAT_00017.spu,2019-06-02,LMAT,B1,F2,3.4,Greenseeker,0.560213683201775
2019-06-02_LMAT_00017.spu,2019-06-02,LMAT,B1,F2,3.4,MODIS,0.6008367859790598
2019-06-02_LMAT_00017.spu,2019-06-02,LMAT,B1,F2,3.4,RapidSCAN,0.5732612582703478
2019-06-02_LMAT_00018.spu,2019-06-02,LMAT,B1,F2,3.6,Greenseeker,0.5803497866327616
2019-06-02_LMAT_00018.spu,2019-06-02,LMAT,B1,F2,3.6,MODIS,0.6155921719496117
2019-06-02_LMAT_00018.spu,2019-06-02,LMAT,B1,F2,3.6,RapidSCAN,0.5959251854659438
2019-06-02_LMAT_00019.spu,2019-06-02,LMAT,B1,F2,3.8,Greenseeker,0.6014172243126118
2019-06-02_LMAT_00019.spu,2019-06-02,LMAT,B1,F2,3.8,MODIS,0.6387045054384839
2019-06-02_LMAT_00019.spu,2019-06-02,LMAT,B1,F2,3.8,RapidSCAN,0.6181976166976021
2019-06-02_LMAT_00020.spu,2019-06-02,LMAT,B1,F2,4,Greenseeker,0.5327847168908014
2019-06-02_LMAT_00020.spu,2019-06-02,LMAT,B1,F2,4,MODIS,0.5714744724379835
2019-06-02_LMAT_00020.spu,2019-06-02,LMAT,B1,F2,4,RapidSCAN,0.5412575436730954
2019-06-02_LMAT_00021.spu,2019-06-02,LMAT,B1,F2,4.2,Greenseeker,0.5339118172417822
2019-06-02_LMAT_00021.spu,2019-06-02,LMAT,B1,F2,4.2,MODIS,0.5794625904494679
2019-06-02_LMAT_00021.spu,2019-06-02,LMAT,B1,F2,4.2,RapidSCAN,0.5430513162541594
2019-06-02_LMAT_00022.spu,2019-06-02,LMAT,B1,F2,4.4,Greenseeker,0.5827009035385268
2019-06-02_LMAT_00022.spu,2019-06-02,LMAT,B1,F2,4.4,MODIS,0.616720519345182
2019-06-02_LMAT_00022.spu,2019-06-02,LMAT,B1,F2,4.4,RapidSCAN,0.5969459348045394
2019-06-02_LMAT_00023.spu,2019-06-02,LMAT,B1,F2,4.6,Greenseeker,0.5526191624188181
2019-06-02_LMAT_00023.spu,2019-06-02,LMAT,B1,F2,4.6,MODIS,0.5946982200206721
2019-06-02_LMAT_00023.spu,2019-06-02,LMAT,B1,F2,4.6,RapidSCAN,0.5648047931945924
2019-06-02_LMAT_00024.spu,2019-06-02,LMAT,B1,F2,4.8,Greenseeker,0.5114523449855687
2019-06-02_LMAT_00024.spu,2019-06-02,LMAT,B1,F2,4.8,MODIS,0.5714829899990668
2019-06-02_LMAT_00024.spu,2019-06-02,LMAT,B1,F2,4.8,RapidSCAN,0.5178995677781306
2019-06-02_LMAT_00025.spu,2019-06-02,LMAT,B1,F2,5,Greenseeker,0.4973239863685203
2019-06-02_LMAT_00025.spu,2019-06-02,LMAT,B1,F2,5,MODIS,0.5533791590693836
2019-06-02_LMAT_00025.spu,2019-06-02,LMAT,B1,F2,5,RapidSCAN,0.503188242030947
2019-06-02_LMAT_00026.spu,2019-06-02,LMAT,B1,GH,1,Greenseeker,0.3719709237872529
2019-06-02_LMAT_00026.spu,2019-06-02,LMAT,B1,GH,1,MODIS,0.4174030327667922
2019-06-02_LMAT_00026.spu,2019-06-02,LMAT,B1,GH,1,RapidSCAN,0.37087937322908765
2019-06-02_LMAT_00027.spu,2019-06-02,LMAT,B1,GH,2,Greenseeker,0.5368102697193986
2019-06-02_LMAT_00027.spu,2019-06-02,LMAT,B1,GH,2,MODIS,0.5691713525661645
2019-06-02_LMAT_00027.spu,2019-06-02,LMAT,B1,GH,2,RapidSCAN,0.5489970305918866
2019-06-02_LMAT_00028.spu,2019-06-02,LMAT,B1,GH,3,Greenseeker,0.5847583232454864
2019-06-02_LMAT_00028.spu,2019-06-02,LMAT,B1,GH,3,MODIS,0.6070146519263085
2019-06-02_LMAT_00028.spu,2019-06-02,LMAT,B1,GH,3,RapidSCAN,0.59961842333228
2019-06-02_LMAT_00029.spu,2019-06-02,LMAT,B1,GH,4,Greenseeker,0.5769964571157362
2019-06-02_LMAT_00029.spu,2019-06-02,LMAT,B1,GH,4,MODIS,0.5884467946393315
2019-06-02_LMAT_00029.spu,2019-06-02,LMAT,B1,GH,4,RapidSCAN,0.5889710075919841
2019-06-02_LMAT_00030.spu,2019-06-02,LMAT,B1,GH,5,Greenseeker,0.6228289652462515
2019-06-02_LMAT_00030.spu,2019-06-02,LMAT,B1,GH,5,MODIS,0.6344508002805878
2019-06-02_LMAT_00030.spu,2019-06-02,LMAT,B1,GH,5,RapidSCAN,0.6402135322549352
2019-06-02_LMAT_00031.spu,2019-06-02,LMAT,B1,GH-CT,1,Greenseeker,0.43870198882335354
2019-06-02_LMAT_00031.spu,2019-06-02,LMAT,B1,GH-CT,1,MODIS,0.475989515689417
2019-06-02_LMAT_00031.spu,2019-06-02,LMAT,B1,GH-CT,1,RapidSCAN,0.44343092833441505
2019-06-02_LMAT_00032.spu,2019-06-02,LMAT,B1,GH-CT,1.2,Greenseeker,0.5604945715920995
2019-06-02_LMAT_00032.spu,2019-06-02,LMAT,B1,GH-CT,1.2,MODIS,0.584234688381821
2019-06-02_LMAT_00032.spu,2019-06-02,LMAT,B1,GH-CT,1.2,RapidSCAN,0.5764761188330533
2019-06-02_LMAT_00033.spu,2019-06-02,LMAT,B1,GH-CT,1.4,Greenseeker,0.642045747736111
2019-06-02_LMAT_00033.spu,2019-06-02,LMAT,B1,GH-CT,1.4,MODIS,0.6597055851395466
2019-06-02_LMAT_00033.spu,2019-06-02,LMAT,B1,GH-CT,1.4,RapidSCAN,0.6636382559224445
2019-06-02_LMAT_00034.spu,2019-06-02,LMAT,B1,GH-CT,1.6,Greenseeker,0.6044670554092316
2019-06-02_LMAT_00034.spu,2019-06-02,LMAT,B1,GH-CT,1.6,MODIS,0.6269249680329357
2019-06-02_LMAT_00034.spu,2019-06-02,LMAT,B1,GH-CT,1.6,RapidSCAN,0.6224452789963718
2019-06-02_LMAT_00035.spu,2019-06-02,LMAT,B1,GH-CT,1.8,Greenseeker,0.6007646657023009
2019-06-02_LMAT_00035.spu,2019-06-02,LMAT,B1,GH-CT,1.8,MODIS,0.6240711090907576
2019-06-02_LMAT_00035.spu,2019-06-02,LMAT,B1,GH-CT,1.8,RapidSCAN,0.6177582448543963
2019-06-02_LMAT_00036.spu,2019-06-02,LMAT,B1,GH-CT,2,Greenseeker,0.5652322333590213
2019-06-02_LMAT_00036.spu,2019-06-02,LMAT,B1,GH-CT,2,MODIS,0.5896914039983567
2019-06-02_LMAT_00036.spu,2019-06-02,LMAT,B1,GH-CT,2,RapidSCAN,0.5805626448823775
2019-06-02_LMAT_00037.spu,2019-06-02,LMAT,B1,GH-CT,2.2,Greenseeker,0.5138123807659842
2019-06-02_LMAT_00037.spu,2019-06-02,LMAT,B1,GH-CT,2.2,MODIS,0.5393016768179689
2019-06-02_LMAT_00037.spu,2019-06-02,LMAT,B1,GH-CT,2.2,RapidSCAN,0.5238617363579146
2019-06-02_LMAT_00038.spu,2019-06-02,LMAT,B1,GH-CT,2.4,Greenseeker,0.3903461598499971
2019-06-02_LMAT_00038.spu,2019-06-02,LMAT,B1,GH-CT,2.4,MODIS,0.43349641761417657
2019-06-02_LMAT_00038.spu,2019-06-02,LMAT,B1,GH-CT,2.4,RapidSCAN,0.3934050113894376
2019-06-02_LMAT_00039.spu,2019-06-02,LMAT,B1,GH-CT,2.6,Greenseeker,0.296916545891619
2019-06-02_LMAT_00039.spu,2019-06-02,LMAT,B1,GH-CT,2.6,MODIS,0.3478293810047434
2019-06-02_LMAT_00039.spu,2019-06-02,LMAT,B1,GH-CT,2.6,RapidSCAN,0.2960684539974722
2019-06-02_LMAT_00040.spu,2019-06-02,LMAT,B1,GH-CT,2.8,Greenseeker,0.24303923947130554
2019-06-02_LMAT_00040.spu,2019-06-02,LMAT,B1,GH-CT,2.8,MODIS,0.29560615453587713
2019-06-02_LMAT_00040.spu,2019-06-02,LMAT,B1,GH-CT,2.8,RapidSCAN,0.23802111627138164
2019-06-02_LMAT_00041.spu,2019-06-02,LMAT,B1,GH-CT,3,Greenseeker,0.2647741314198882
2019-06-02_LMAT_00041.spu,2019-06-02,LMAT,B1,GH-CT,3,MODIS,0.3176115823605054
2019-06-02_LMAT_00041.spu,2019-06-02,LMAT,B1,GH-CT,3,RapidSCAN,0.25917990725992385
2019-06-02_LMAT_00042.spu,2019-06-02,LMAT,B1,GH-CT,3.2,Greenseeker,0.33383043328559986
2019-06-02_LMAT_00042.spu,2019-06-02,LMAT,B1,GH-CT,3.2,MODIS,0.384046389136542
2019-06-02_LMAT_00042.spu,2019-06-02,LMAT,B1,GH-CT,3.2,RapidSCAN,0.33398218016801107
2019-06-02_LMAT_00043.spu,2019-06-02,LMAT,B1,GH-CT,3.4,Greenseeker,0.39256204553465945
2019-06-02_LMAT_00043.spu,2019-06-02,LMAT,B1,GH-CT,3.4,MODIS,0.44338590283988444
2019-06-02_LMAT_00043.spu,2019-06-02,LMAT,B1,GH-CT,3.4,RapidSCAN,0.39453697372037017
2019-06-02_LMAT_00044.spu,2019-06-02,LMAT,B1,GH-CT,3.6,Greenseeker,0.4750562271318343
2019-06-02_LMAT_00044.spu,2019-06-02,LMAT,B1,GH-CT,3.6,MODIS,0.5200025761341964
2019-06-02_LMAT_00044.spu,2019-06-02,LMAT,B1,GH-CT,3.6,RapidSCAN,0.4828362375982508
2019-06-02_LMAT_00045.spu,2019-06-02,LMAT,B1,GH-CT,3.8,Greenseeker,0.3968263416439472
2019-06-02_LMAT_00045.spu,2019-06-02,LMAT,B1,GH-CT,3.8,MODIS,0.44460415953271715
2019-06-02_LMAT_00045.spu,2019-06-02,LMAT,B1,GH-CT,3.8,RapidSCAN,0.3978429658404671
2019-06-02_LMAT_00046.spu,2019-06-02,LMAT,B1,GH-CT,4,Greenseeker,0.3548796829885826
2019-06-02_LMAT_00046.spu,2019-06-02,LMAT,B1,GH-CT,4,MODIS,0.4118152526922184
2019-06-02_LMAT_00046.spu,2019-06-02,LMAT,B1,GH-CT,4,RapidSCAN,0.35287444151126685
2019-06-02_LMAT_00047.spu,2019-06-02,LMAT,B1,GH-CT,4.2,Greenseeker,0.36756730611363936
2019-06-02_LMAT_00047.spu,2019-06-02,LMAT,B1,GH-CT,4.2,MODIS,0.4138427969337918
2019-06-02_LMAT_00047.spu,2019-06-02,LMAT,B1,GH-CT,4.2,RapidSCAN,0.36810642319525094
2019-06-02_LMAT_00048.spu,2019-06-02,LMAT,B1,GH-CT,4.4,Greenseeker,0.5426033462824347
2019-06-02_LMAT_00048.spu,2019-06-02,LMAT,B1,GH-CT,4.4,MODIS,0.5649154190665089
2019-06-02_LMAT_00048.spu,2019-06-02,LMAT,B1,GH-CT,4.4,RapidSCAN,0.5564116726275183
2019-06-02_LMAT_00049.spu,2019-06-02,LMAT,B1,GH-CT,4.6,Greenseeker,0.5251842820377655
2019-06-02_LMAT_00049.spu,2019-06-02,LMAT,B1,GH-CT,4.6,MODIS,0.545777778144762
2019-06-02_LMAT_00049.spu,2019-06-02,LMAT,B1,GH-CT,4.6,RapidSCAN,0.5379298850609566
2019-06-02_LMAT_00050.spu,2019-06-02,LMAT,B1,GH-CT,4.8,Greenseeker,0.5122732225514444
2019-06-02_LMAT_00050.spu,2019-06-02,LMAT,B1,GH-CT,4.8,MODIS,0.5353855588652956
2019-06-02_LMAT_00050.spu,2019-06-02,LMAT,B1,GH-CT,4.8,RapidSCAN,0.5240912040571561
2019-06-02_LMAT_00051.spu,2019-06-02,LMAT,B1,GH-CT,5,Greenseeker,0.5126964008143668
2019-06-02_LMAT_00051.spu,2019-06-02,LMAT,B1,GH-CT,5,MODIS,0.5324986306598736
2019-06-02_LMAT_00051.spu,2019-06-02,LMAT,B1,GH-CT,5,RapidSCAN,0.5257529342341964
2019-06-02_LMAT_00052.spu,2019-06-02,LMAT,B1,F5,1,Greenseeker,0.5177828616726974
2019-06-02_LMAT_00052.spu,2019-06-02,LMAT,B1,F5,1,MODIS,0.5709369412093023
2019-06-02_LMAT_00052.spu,2019-06-02,LMAT,B1,F5,1,RapidSCAN,0.5243468946862924
2019-06-02_LMAT_00053.spu,2019-06-02,LMAT,B1,F5,1.2,Greenseeker,0.45103264491568545
2019-06-02_LMAT_00053.spu,2019-06-02,LMAT,B1,F5,1.2,MODIS,0.5147318115248156
2019-06-02_LMAT_00053.spu,2019-06-02,LMAT,B1,F5,1.2,RapidSCAN,0.45183512702182227
2019-06-02_LMAT_00054.spu,2019-06-02,LMAT,B1,F5,1.4,Greenseeker,0.4241666728111477
2019-06-02_LMAT_00054.spu,2019-06-02,LMAT,B1,F5,1.4,MODIS,0.4934006973539353
2019-06-02_LMAT_00054.spu,2019-06-02,LMAT,B1,F5,1.4,RapidSCAN,0.42633176895041847
2019-06-02_LMAT_00055.spu,2019-06-02,LMAT,B1,F5,1.6,Greenseeker,0.418908296541839
2019-06-02_LMAT_00055.spu,2019-06-02,LMAT,B1,F5,1.6,MODIS,0.506786136417621
2019-06-02_LMAT_00055.spu,2019-06-02,LMAT,B1,F5,1.6,RapidSCAN,0.4145358992271345
2019-06-02_LMAT_00056.spu,2019-06-02,LMAT,B1,F5,1.8,Greenseeker,0.36746793162392627
2019-06-02_LMAT_00056.spu,2019-06-02,LMAT,B1,F5,1.8,MODIS,0.460424310704104
2019-06-02_LMAT_00056.spu,2019-06-02,LMAT,B1,F5,1.8,RapidSCAN,0.35792241081207743
2019-06-02_LMAT_00057.spu,2019-06-02,LMAT,B1,F5,2,Greenseeker,0.3429495465784858
2019-06-02_LMAT_00057.spu,2019-06-02,LMAT,B1,F5,2,MODIS,0.43985948961356186
2019-06-02_LMAT_00057.spu,2019-06-02,LMAT,B1,F5,2,RapidSCAN,0.33292352066313946
2019-06-02_LMAT_00058.spu,2019-06-02,LMAT,B1,F5,2.2,Greenseeker,0.3991436991077178
2019-06-02_LMAT_00058.spu,2019-06-02,LMAT,B1,F5,2.2,MODIS,0.496667395619874
2019-06-02_LMAT_00058.spu,2019-06-02,LMAT,B1,F5,2.2,RapidSCAN,0.39063562699664517
2019-06-02_LMAT_00059.spu,2019-06-02,LMAT,B1,F5,2.4,Greenseeker,0.4479952245481083
2019-06-02_LMAT_00059.spu,2019-06-02,LMAT,B1,F5,2.4,MODIS,0.5198273942820756
2019-06-02_LMAT_00059.spu,2019-06-02,LMAT,B1,F5,2.4,RapidSCAN,0.4509466830346831
2019-06-02_LMAT_00060.spu,2019-06-02,LMAT,B1,F5,2.6,Greenseeker,0.46437035014316974
2019-06-02_LMAT_00060.spu,2019-06-02,LMAT,B1,F5,2.6,MODIS,0.5228217550123038
2019-06-02_LMAT_00060.spu,2019-06-02,LMAT,B1,F5,2.6,RapidSCAN,0.4705901499527711
2019-06-02_LMAT_00061.spu,2019-06-02,LMAT,B1,F5,2.8,Greenseeker,0.44038989360256997
2019-06-02_LMAT_00061.spu,2019-06-02,LMAT,B1,F5,2.8,MODIS,0.49972674293255454
2019-06-02_LMAT_00061.spu,2019-06-02,LMAT,B1,F5,2.8,RapidSCAN,0.4439547700689435
2019-06-02_LMAT_00062.spu,2019-06-02,LMAT,B1,F5,3,Greenseeker,0.41482841732522
2019-06-02_LMAT_00062.spu,2019-06-02,LMAT,B1,F5,3,MODIS,0.46517310257947453
2019-06-02_LMAT_00062.spu,2019-06-02,LMAT,B1,F5,3,RapidSCAN,0.4202540561554813
2019-06-02_LMAT_00063.spu,2019-06-02,LMAT,B1,F5,3.2,Greenseeker,0.47565412519269795
2019-06-02_LMAT_00063.spu,2019-06-02,LMAT,B1,F5,3.2,MODIS,0.5253590380354448
2019-06-02_LMAT_00063.spu,2019-06-02,LMAT,B1,F5,3.2,RapidSCAN,0.4805842075901318
2019-06-02_LMAT_00064.spu,2019-06-02,LMAT,B1,F5,3.4,Greenseeker,0.4130558791600137
2019-06-02_LMAT_00064.spu,2019-06-02,LMAT,B1,F5,3.4,MODIS,0.4581093858228122
2019-06-02_LMAT_00064.spu,2019-06-02,LMAT,B1,F5,3.4,RapidSCAN,0.41565809099457285
2019-06-02_LMAT_00065.spu,2019-06-02,LMAT,B1,F5,3.6,Greenseeker,0.3718879214316728
2019-06-02_LMAT_00065.spu,2019-06-02,LMAT,B1,F5,3.6,MODIS,0.4227249957317401
2019-06-02_LMAT_00065.spu,2019-06-02,LMAT,B1,F5,3.6,RapidSCAN,0.3705759273957466
2019-06-02_LMAT_00066.spu,2019-06-02,LMAT,B1,F5,3.8,Greenseeker,0.3414846846550661
2019-06-02_LMAT_00066.spu,2019-06-02,LMAT,B1,F5,3.8,MODIS,0.4061773974003963
2019-06-02_LMAT_00066.spu,2019-06-02,LMAT,B1,F5,3.8,RapidSCAN,0.33653692224411874
2019-06-02_LMAT_00067.spu,2019-06-02,LMAT,B1,F5,4,Greenseeker,0.36312272485751573
2019-06-02_LMAT_00067.spu,2019-06-02,LMAT,B1,F5,4,MODIS,0.4359510159662116
2019-06-02_LMAT_00067.spu,2019-06-02,LMAT,B1,F5,4,RapidSCAN,0.359110881061393
2019-06-02_LMAT_00068.spu,2019-06-02,LMAT,B1,F5,4.2,Greenseeker,0.3806830044632638
2019-06-02_LMAT_00068.spu,2019-06-02,LMAT,B1,F5,4.2,MODIS,0.4569504069349234
2019-06-02_LMAT_00068.spu,2019-06-02,LMAT,B1,F5,4.2,RapidSCAN,0.37665711057858314
2019-06-02_LMAT_00069.spu,2019-06-02,LMAT,B1,F5,4.4,Greenseeker,0.37229571204328266
2019-06-02_LMAT_00069.spu,2019-06-02,LMAT,B1,F5,4.4,MODIS,0.44114180236634465
2019-06-02_LMAT_00069.spu,2019-06-02,LMAT,B1,F5,4.4,RapidSCAN,0.36857748340054497
2019-06-02_LMAT_00070.spu,2019-06-02,LMAT,B1,F5,4.6,Greenseeker,0.3123308624183336
2019-06-02_LMAT_00070.spu,2019-06-02,LMAT,B1,F5,4.6,MODIS,0.36987878279708836
2019-06-02_LMAT_00070.spu,2019-06-02,LMAT,B1,F5,4.6,RapidSCAN,0.3060113290293239
2019-06-02_LMAT_00071.spu,2019-06-02,LMAT,B1,F5,5,Greenseeker,0.2961313512574215
2019-06-02_LMAT_00071.spu,2019-06-02,LMAT,B1,F5,5,MODIS,0.37074257891927487
2019-06-02_LMAT_00071.spu,2019-06-02,LMAT,B1,F5,5,RapidSCAN,0.2891147168307098
2019-06-02_LMAT_00072.spu,2019-06-02,LMAT,B1,F10,1,Greenseeker,0.28457102588250904
2019-06-02_LMAT_00072.spu,2019-06-02,LMAT,B1,F10,1,MODIS,0.33651356021131956
2019-06-02_LMAT_00072.spu,2019-06-02,LMAT,B1,F10,1,RapidSCAN,0.2852098428168585
2019-06-02_LMAT_00073.spu,2019-06-02,LMAT,B1,F10,1.25,Greenseeker,0.4334012221477692
2019-06-02_LMAT_00073.spu,2019-06-02,LMAT,B1,F10,1.25,MODIS,0.4692211320061794
2019-06-02_LMAT_00073.spu,2019-06-02,LMAT,B1,F10,1.25,RapidSCAN,0.44225207136119365
2019-06-02_LMAT_00074.spu,2019-06-02,LMAT,B1,F10,1.5,Greenseeker,0.5091758235513678
2019-06-02_LMAT_00074.spu,2019-06-02,LMAT,B1,F10,1.5,MODIS,0.5323866492098621
2019-06-02_LMAT_00074.spu,2019-06-02,LMAT,B1,F10,1.5,RapidSCAN,0.5250962724658836
2019-06-02_LMAT_00075.spu,2019-06-02,LMAT,B1,F10,1.75,Greenseeker,0.656993543513146
2019-06-02_LMAT_00075.spu,2019-06-02,LMAT,B1,F10,1.75,MODIS,0.6637464756541837
2019-06-02_LMAT_00075.spu,2019-06-02,LMAT,B1,F10,1.75,RapidSCAN,0.6825662360504039
2019-06-02_LMAT_00076.spu,2019-06-02,LMAT,B1,F10,2,Greenseeker,0.6698617840993825
2019-06-02_LMAT_00076.spu,2019-06-02,LMAT,B1,F10,2,MODIS,0.6815953015806265
2019-06-02_LMAT_00076.spu,2019-06-02,LMAT,B1,F10,2,RapidSCAN,0.6926108532008185
2019-06-02_LMAT_00077.spu,2019-06-02,LMAT,B1,F10,2.2,Greenseeker,0.6626265714934566
2019-06-02_LMAT_00077.spu,2019-06-02,LMAT,B1,F10,2.2,MODIS,0.6766494265598435
2019-06-02_LMAT_00077.spu,2019-06-02,LMAT,B1,F10,2.2,RapidSCAN,0.6835414789828896
2019-06-02_LMAT_00078.spu,2019-06-02,LMAT,B1,F10,2.4,Greenseeker,0.5647030256745897
2019-06-02_LMAT_00078.spu,2019-06-02,LMAT,B1,F10,2.4,MODIS,0.5894584282522308
2019-06-02_LMAT_00078.spu,2019-06-02,LMAT,B1,F10,2.4,RapidSCAN,0.5801176434362343
2019-06-02_LMAT_00079.spu,2019-06-02,LMAT,B1,F10,2.6,Greenseeker,0.5569484109298196
2019-06-02_LMAT_00079.spu,2019-06-02,LMAT,B1,F10,2.6,MODIS,0.5769471012521805
2019-06-02_LMAT_00079.spu,2019-06-02,LMAT,B1,F10,2.6,RapidSCAN,0.5788177744710105
2019-06-02_LMAT_00080.spu,2019-06-02,LMAT,B1,F10,2.8,Greenseeker,0.30629205990704433
2019-06-02_LMAT_00080.spu,2019-06-02,LMAT,B1,F10,2.8,MODIS,0.3648695602273028
2019-06-02_LMAT_00080.spu,2019-06-02,LMAT,B1,F10,2.8,RapidSCAN,0.30667613075289823
2019-06-02_LMAT_00081.spu,2019-06-02,LMAT,B1,F10,3,Greenseeker,0.2769980870124759
2019-06-02_LMAT_00081.spu,2019-06-02,LMAT,B1,F10,3,MODIS,0.3364570402764911
2019-06-02_LMAT_00081.spu,2019-06-02,LMAT,B1,F10,3,RapidSCAN,0.2755598771186572
2019-06-02_LMAT_00082.spu,2019-06-02,LMAT,B1,F10,3.2,Greenseeker,0.3559743312659864
2019-06-02_LMAT_00082.spu,2019-06-02,LMAT,B1,F10,3.2,MODIS,0.42933802904682045
2019-06-02_LMAT_00082.spu,2019-06-02,LMAT,B1,F10,3.2,RapidSCAN,0.35436501757834965
2019-06-02_LMAT_00083.spu,2019-06-02,LMAT,B1,F10,3.4,Greenseeker,0.3883088915468287
2019-06-02_LMAT_00083.spu,2019-06-02,LMAT,B1,F10,3.4,MODIS,0.433546469776339
2019-06-02_LMAT_00083.spu,2019-06-02,LMAT,B1,F10,3.4,RapidSCAN,0.39280989334377275
2019-06-02_LMAT_00084.spu,2019-06-02,LMAT,B1,F10,3.6,Greenseeker,0.4338097237249879
2019-06-02_LMAT_00084.spu,2019-06-02,LMAT,B1,F10,3.6,MODIS,0.4708063161119618
2019-06-02_LMAT_00084.spu,2019-06-02,LMAT,B1,F10,3.6,RapidSCAN,0.44296358415794745
2019-06-02_LMAT_00085.spu,2019-06-02,LMAT,B1,F10,3.8,Greenseeker,0.41641980683915203
2019-06-02_LMAT_00085.spu,2019-06-02,LMAT,B1,F10,3.8,MODIS,0.46926797235274226
2019-06-02_LMAT_00085.spu,2019-06-02,LMAT,B1,F10,3.8,RapidSCAN,0.4233971655303944
2019-06-02_LMAT_00086.spu,2019-06-02,LMAT,B1,F10,4,Greenseeker,0.3543858159514857
2019-06-02_LMAT_00086.spu,2019-06-02,LMAT,B1,F10,4,MODIS,0.4210562643622749
2019-06-02_LMAT_00086.spu,2019-06-02,LMAT,B1,F10,4,RapidSCAN,0.35415620250773655
2019-06-02_LMAT_00087.spu,2019-06-02,LMAT,B1,F10,4.2,Greenseeker,0.3277610108536505
2019-06-02_LMAT_00087.spu,2019-06-02,LMAT,B1,F10,4.2,MODIS,0.3902076860366463
2019-06-02_LMAT_00087.spu,2019-06-02,LMAT,B1,F10,4.2,RapidSCAN,0.3271567026752492
2019-06-02_LMAT_00088.spu,2019-06-02,LMAT,B1,F10,4.4,Greenseeker,0.36191199328368684
2019-06-02_LMAT_00088.spu,2019-06-02,LMAT,B1,F10,4.4,MODIS,0.4317303725430236
2019-06-02_LMAT_00088.spu,2019-06-02,LMAT,B1,F10,4.4,RapidSCAN,0.3606315931045773
2019-06-02_LMAT_00089.spu,2019-06-02,LMAT,B1,F10,4.6,Greenseeker,0.4459597888426772
2019-06-02_LMAT_00089.spu,2019-06-02,LMAT,B1,F10,4.6,MODIS,0.50572621183105
2019-06-02_LMAT_00089.spu,2019-06-02,LMAT,B1,F10,4.6,RapidSCAN,0.45098043059143195
2019-06-02_LMAT_00090.spu,2019-06-02,LMAT,B1,F10,4.8,Greenseeker,0.34461720911122173
2019-06-02_LMAT_00090.spu,2019-06-02,LMAT,B1,F10,4.8,MODIS,0.41669847135133237
2019-06-02_LMAT_00090.spu,2019-06-02,LMAT,B1,F10,4.8,RapidSCAN,0.34326091963261646
2019-06-02_LMAT_00091.spu,2019-06-02,LMAT,B1,F10,5,Greenseeker,0.38948113813494634
2019-06-02_LMAT_00091.spu,2019-06-02,LMAT,B1,F10,5,MODIS,0.4392820258636413
2019-06-02_LMAT_00091.spu,2019-06-02,LMAT,B1,F10,5,RapidSCAN,0.3961698748845852
2019-06-02_LMAT_00092.spu,2019-06-02,LMAT,B1,CT,1,Greenseeker,0.5357613832230131
2019-06-02_LMAT_00092.spu,2019-06-02,LMAT,B1,CT,1,MODIS,0.5561587846486886
2019-06-02_LMAT_00092.spu,2019-06-02,LMAT,B1,CT,1,RapidSCAN,0.554853679226091
2019-06-02_LMAT_00093.spu,2019-06-02,LMAT,B1,CT,1.2,Greenseeker,0.5655858483461736
2019-06-02_LMAT_00093.spu,2019-06-02,LMAT,B1,CT,1.2,MODIS,0.5761886602253512
2019-06-02_LMAT_00093.spu,2019-06-02,LMAT,B1,CT,1.2,RapidSCAN,0.5957268605919699
2019-06-02_LMAT_00094.spu,2019-06-02,LMAT,B1,CT,1.4,Greenseeker,0.36410559113868884
2019-06-02_LMAT_00094.spu,2019-06-02,LMAT,B1,CT,1.4,MODIS,0.40684250765060737
2019-06-02_LMAT_00094.spu,2019-06-02,LMAT,B1,CT,1.4,RapidSCAN,0.3665500954934616
2019-06-02_LMAT_00095.spu,2019-06-02,LMAT,B1,CT,1.6,Greenseeker,0.4521497224243969
2019-06-02_LMAT_00095.spu,2019-06-02,LMAT,B1,CT,1.6,MODIS,0.4937005354649853
2019-06-02_LMAT_00095.spu,2019-06-02,LMAT,B1,CT,1.6,RapidSCAN,0.4581640328170699
2019-06-02_LMAT_00096.spu,2019-06-02,LMAT,B1,CT,1.8,Greenseeker,0.5319873400265827
2019-06-02_LMAT_00096.spu,2019-06-02,LMAT,B1,CT,1.8,MODIS,0.5499086482686215
2019-06-02_LMAT_00096.spu,2019-06-02,LMAT,B1,CT,1.8,RapidSCAN,0.5491506614346734
2019-06-02_LMAT_00097.spu,2019-06-02,LMAT,B1,CT,2,Greenseeker,0.5423600347512187
2019-06-02_LMAT_00097.spu,2019-06-02,LMAT,B1,CT,2,MODIS,0.5598791870245966
2019-06-02_LMAT_00097.spu,2019-06-02,LMAT,B1,CT,2,RapidSCAN,0.5601617162694965
2019-06-02_LMAT_00098.spu,2019-06-02,LMAT,B1,CT,2.2,Greenseeker,0.4390560954302043
2019-06-02_LMAT_00098.spu,2019-06-02,LMAT,B1,CT,2.2,MODIS,0.47157036807893077
2019-06-02_LMAT_00098.spu,2019-06-02,LMAT,B1,CT,2.2,RapidSCAN,0.4458311099373751
2019-06-02_LMAT_00099.spu,2019-06-02,LMAT,B1,CT,2.4,Greenseeker,0.3891823825720278
2019-06-02_LMAT_00099.spu,2019-06-02,LMAT,B1,CT,2.4,MODIS,0.4352429947042264
2019-06-02_LMAT_00099.spu,2019-06-02,LMAT,B1,CT,2.4,RapidSCAN,0.3927024529893494
2019-06-02_LMAT_00100.spu,2019-06-02,LMAT,B1,CT,2.6,Greenseeker,0.45298058634221255
2019-06-02_LMAT_00100.spu,2019-06-02,LMAT,B1,CT,2.6,MODIS,0.49389176268222834
2019-06-02_LMAT_00100.spu,2019-06-02,LMAT,B1,CT,2.6,RapidSCAN,0.4647060653284633
2019-06-02_LMAT_00101.spu,2019-06-02,LMAT,B1,CT,2.8,Greenseeker,0.39517823824532766
2019-06-02_LMAT_00101.spu,2019-06-02,LMAT,B1,CT,2.8,MODIS,0.430170954524249
2019-06-02_LMAT_00101.spu,2019-06-02,LMAT,B1,CT,2.8,RapidSCAN,0.401752710140307
2019-06-02_LMAT_00102.spu,2019-06-02,LMAT,B1,CT,3,Greenseeker,0.4621462409333681
2019-06-02_LMAT_00102.spu,2019-06-02,LMAT,B1,CT,3,MODIS,0.4861628393299679
2019-06-02_LMAT_00102.spu,2019-06-02,LMAT,B1,CT,3,RapidSCAN,0.47124052201187894
2019-06-02_LMAT_00103.spu,2019-06-02,LMAT,B1,CT,3.2,Greenseeker,0.4945709258200178
2019-06-02_LMAT_00103.spu,2019-06-02,LMAT,B1,CT,3.2,MODIS,0.5227157238074898
2019-06-02_LMAT_00103.spu,2019-06-02,LMAT,B1,CT,3.2,RapidSCAN,0.5080961771030594
2019-06-02_LMAT_00104.spu,2019-06-02,LMAT,B1,CT,3.4,Greenseeker,0.5655463825646038
2019-06-02_LMAT_00104.spu,2019-06-02,LMAT,B1,CT,3.4,MODIS,0.5777507951230471
2019-06-02_LMAT_00104.spu,2019-06-02,LMAT,B1,CT,3.4,RapidSCAN,0.5826272878703974
2019-06-02_LMAT_00105.spu,2019-06-02,LMAT,B1,CT,3.6,Greenseeker,0.5496735789806844
2019-06-02_LMAT_00105.spu,2019-06-02,LMAT,B1,CT,3.6,MODIS,0.5618898810140641
2019-06-02_LMAT_00105.spu,2019-06-02,LMAT,B1,CT,3.6,RapidSCAN,0.5692600301465547
2019-06-02_LMAT_00106.spu,2019-06-02,LMAT,B1,CT,3.8,Greenseeker,0.4838292276362577
2019-06-02_LMAT_00106.spu,2019-06-02,LMAT,B1,CT,3.8,MODIS,0.5072783973294201
2019-06-02_LMAT_00106.spu,2019-06-02,LMAT,B1,CT,3.8,RapidSCAN,0.49720534683835493
2019-06-02_LMAT_00107.spu,2019-06-02,LMAT,B1,CT,4,Greenseeker,0.44200927255417727
2019-06-02_LMAT_00107.spu,2019-06-02,LMAT,B1,CT,4,MODIS,0.48434676774154406
2019-06-02_LMAT_00107.spu,2019-06-02,LMAT,B1,CT,4,RapidSCAN,0.44939122269676485
2019-06-02_LMAT_00108.spu,2019-06-02,LMAT,B1,CT,4.2,Greenseeker,0.3675955878037364
2019-06-02_LMAT_00108.spu,2019-06-02,LMAT,B1,CT,4.2,MODIS,0.43965695257163756
2019-06-02_LMAT_00108.spu,2019-06-02,LMAT,B1,CT,4.2,RapidSCAN,0.3638972270595467
2019-06-02_LMAT_00109.spu,2019-06-02,LMAT,B1,CT,4.4,Greenseeker,0.32495382041924614
2019-06-02_LMAT_00109.spu,2019-06-02,LMAT,B1,CT,4.4,MODIS,0.39847895658578786
2019-06-02_LMAT_00109.spu,2019-06-02,LMAT,B1,CT,4.4,RapidSCAN,0.3189849790817515
2019-06-02_LMAT_00110.spu,2019-06-02,LMAT,B1,CT,4.6,Greenseeker,0.34396232636582075
2019-06-02_LMAT_00110.spu,2019-06-02,LMAT,B1,CT,4.6,MODIS,0.4042700042200197
2019-06-02_LMAT_00110.spu,2019-06-02,LMAT,B1,CT,4.6,RapidSCAN,0.34099056446941783
2019-06-02_LMAT_00111.spu,2019-06-02,LMAT,B1,CT,4.8,Greenseeker,0.4527122401806056
2019-06-02_LMAT_00111.spu,2019-06-02,LMAT,B1,CT,4.8,MODIS,0.49219011513155647
2019-06-02_LMAT_00111.spu,2019-06-02,LMAT,B1,CT,4.8,RapidSCAN,0.4635089750624011
2019-06-02_LMAT_00112.spu,2019-06-02,LMAT,B1,CT,5,Greenseeker,0.45626288743109916
2019-06-02_LMAT_00112.spu,2019-06-02,LMAT,B1,CT,5,MODIS,0.49657500935715604
2019-06-02_LMAT_00112.spu,2019-06-02,LMAT,B1,CT,5,RapidSCAN,0.46551096030652844
2019-06-02_LMAT_00113.spu,2019-06-02,LMAT,B1,CT,1,Greenseeker,0.5295848244520033
2019-06-02_LMAT_00113.spu,2019-06-02,LMAT,B1,CT,1,MODIS,0.554535862767184
2019-06-02_LMAT_00113.spu,2019-06-02,LMAT,B1,CT,1,RapidSCAN,0.5422866115022309
2019-06-02_LMAT_00114.spu,2019-06-02,LMAT,B1,CT,1.2,Greenseeker,0.5205917539234228
2019-06-02_LMAT_00114.spu,2019-06-02,LMAT,B1,CT,1.2,MODIS,0.5560786847039606
2019-06-02_LMAT_00114.spu,2019-06-02,LMAT,B1,CT,1.2,RapidSCAN,0.5322487639119352
2019-06-02_LMAT_00115.spu,2019-06-02,LMAT,B1,CT,1.4,Greenseeker,0.6249155719688673
2019-06-02_LMAT_00115.spu,2019-06-02,LMAT,B1,CT,1.4,MODIS,0.6423478391317224
2019-06-02_LMAT_00115.spu,2019-06-02,LMAT,B1,CT,1.4,RapidSCAN,0.6455537174366782
2019-06-02_LMAT_00116.spu,2019-06-02,LMAT,B1,CT,1.6,Greenseeker,0.5156081715721736
2019-06-02_LMAT_00116.spu,2019-06-02,LMAT,B1,CT,1.6,MODIS,0.5454848093764869
2019-06-02_LMAT_00116.spu,2019-06-02,LMAT,B1,CT,1.6,RapidSCAN,0.5270092705509151
2019-06-02_LMAT_00117.spu,2019-06-02,LMAT,B1,CT,1.8,Greenseeker,0.48654380534175623
2019-06-02_LMAT_00117.spu,2019-06-02,LMAT,B1,CT,1.8,MODIS,0.5226609206288879
2019-06-02_LMAT_00117.spu,2019-06-02,LMAT,B1,CT,1.8,RapidSCAN,0.49662322884282056
2019-06-02_LMAT_00118.spu,2019-06-02,LMAT,B1,CT,2,Greenseeker,0.6205207873237297
2019-06-02_LMAT_00118.spu,2019-06-02,LMAT,B1,CT,2,MODIS,0.6398271251570558
2019-06-02_LMAT_00118.spu,2019-06-02,LMAT,B1,CT,2,RapidSCAN,0.6394303223816267
2019-06-02_LMAT_00119.spu,2019-06-02,LMAT,B1,CT,2.2,Greenseeker,0.5163400929620291
2019-06-02_LMAT_00119.spu,2019-06-02,LMAT,B1,CT,2.2,MODIS,0.5457441607121686
2019-06-02_LMAT_00119.spu,2019-06-02,LMAT,B1,CT,2.2,RapidSCAN,0.5241500117359081
2019-06-02_LMAT_00120.spu,2019-06-02,LMAT,B1,CT,2.4,Greenseeker,0.5320092584459066
2019-06-02_LMAT_00120.spu,2019-06-02,LMAT,B1,CT,2.4,MODIS,0.5567743908503384
2019-06-02_LMAT_00120.spu,2019-06-02,LMAT,B1,CT,2.4,RapidSCAN,0.5440571845816061
2019-06-02_LMAT_00121.spu,2019-06-02,LMAT,B1,CT,2.6,Greenseeker,0.6072615118325997
2019-06-02_LMAT_00121.spu,2019-06-02,LMAT,B1,CT,2.6,MODIS,0.6224924685002801
2019-06-02_LMAT_00121.spu,2019-06-02,LMAT,B1,CT,2.6,RapidSCAN,0.6260406279595502
2019-06-02_LMAT_00122.spu,2019-06-02,LMAT,B1,CT,2.8,Greenseeker,0.5478872908811965
2019-06-02_LMAT_00122.spu,2019-06-02,LMAT,B1,CT,2.8,MODIS,0.5763024452832762
2019-06-02_LMAT_00122.spu,2019-06-02,LMAT,B1,CT,2.8,RapidSCAN,0.5681995129104866
2019-06-02_LMAT_00123.spu,2019-06-02,LMAT,B1,CT,3,Greenseeker,0.48498526087721866
2019-06-02_LMAT_00123.spu,2019-06-02,LMAT,B1,CT,3,MODIS,0.5109433752206242
2019-06-02_LMAT_00123.spu,2019-06-02,LMAT,B1,CT,3,RapidSCAN,0.49678733994987356
2019-06-02_LMAT_00124.spu,2019-06-02,LMAT,B1,CT,3.2,Greenseeker,0.574240569595695
2019-06-02_LMAT_00124.spu,2019-06-02,LMAT,B1,CT,3.2,MODIS,0.5888550009615239
2019-06-02_LMAT_00124.spu,2019-06-02,LMAT,B1,CT,3.2,RapidSCAN,0.5908613333622916
2019-06-02_LMAT_00125.spu,2019-06-02,LMAT,B1,CT,3.4,Greenseeker,0.6140499662185042
2019-06-02_LMAT_00125.spu,2019-06-02,LMAT,B1,CT,3.4,MODIS,0.6263701967703661
2019-06-02_LMAT_00125.spu,2019-06-02,LMAT,B1,CT,3.4,RapidSCAN,0.634942548700135
2019-06-02_LMAT_00126.spu,2019-06-02,LMAT,B1,CT,3.6,Greenseeker,0.5979633366917405
2019-06-02_LMAT_00126.spu,2019-06-02,LMAT,B1,CT,3.6,MODIS,0.6153642481398146
2019-06-02_LMAT_00126.spu,2019-06-02,LMAT,B1,CT,3.6,RapidSCAN,0.6194497223325679
2019-06-02_LMAT_00127.spu,2019-06-02,LMAT,B1,CT,3.8,Greenseeker,0.4335202880548838
2019-06-02_LMAT_00127.spu,2019-06-02,LMAT,B1,CT,3.8,MODIS,0.46936051221359065
2019-06-02_LMAT_00127.spu,2019-06-02,LMAT,B1,CT,3.8,RapidSCAN,0.43767536262789475
2019-06-02_LMAT_00128.spu,2019-06-02,LMAT,B1,CT,4,Greenseeker,0.5110883648228738
2019-06-02_LMAT_00128.spu,2019-06-02,LMAT,B1,CT,4,MODIS,0.5405783745570216
2019-06-02_LMAT_00128.spu,2019-06-02,LMAT,B1,CT,4,RapidSCAN,0.5198159955067619
2019-06-02_LMAT_00129.spu,2019-06-02,LMAT,B1,CT,4.2,Greenseeker,0.6432296370395202
2019-06-02_LMAT_00129.spu,2019-06-02,LMAT,B1,CT,4.2,MODIS,0.6546781546523635
2019-06-02_LMAT_00129.spu,2019-06-02,LMAT,B1,CT,4.2,RapidSCAN,0.6655255796299772
2019-06-02_LMAT_00130.spu,2019-06-02,LMAT,B1,CT,4.4,Greenseeker,0.6119251351868596
2019-06-02_LMAT_00130.spu,2019-06-02,LMAT,B1,CT,4.4,MODIS,0.6291756771247746
2019-06-02_LMAT_00130.spu,2019-06-02,LMAT,B1,CT,4.4,RapidSCAN,0.6280502718407519
2019-06-02_LMAT_00131.spu,2019-06-02,LMAT,B1,CT,4.6,Greenseeker,0.4960055438862889
2019-06-02_LMAT_00131.spu,2019-06-02,LMAT,B1,CT,4.6,MODIS,0.5381809373937574
2019-06-02_LMAT_00131.spu,2019-06-02,LMAT,B1,CT,4.6,RapidSCAN,0.5013596978073898
2019-06-02_LMAT_00132.spu,2019-06-02,LMAT,B1,CT,4.8,Greenseeker,0.3931662338156211
2019-06-02_LMAT_00132.spu,2019-06-02,LMAT,B1,CT,4.8,MODIS,0.4588048407589026
2019-06-02_LMAT_00132.spu,2019-06-02,LMAT,B1,CT,4.8,RapidSCAN,0.39156163191237214
2019-06-02_LMAT_00133.spu,2019-06-02,LMAT,B1,CT,5,Greenseeker,0.33201826131266143
2019-06-02_LMAT_00133.spu,2019-06-02,LMAT,B1,CT,5,MODIS,0.38306235035971703
2019-06-02_LMAT_00133.spu,2019-06-02,LMAT,B1,CT,5,RapidSCAN,0.3269601286412271
2019-06-02_LMAT_00134.spu,2019-06-02,LMAT,B1,F0.5,1,Greenseeker,0.6006973912755654
2019-06-02_LMAT_00134.spu,2019-06-02,LMAT,B1,F0.5,1,MODIS,0.6192649416018132
2019-06-02_LMAT_00134.spu,2019-06-02,LMAT,B1,F0.5,1,RapidSCAN,0.6163046785642904
2019-06-02_LMAT_00135.spu,2019-06-02,LMAT,B1,F0.5,1.2,Greenseeker,0.6225779895385686
2019-06-02_LMAT_00135.spu,2019-06-02,LMAT,B1,F0.5,1.2,MODIS,0.6361367743676514
2019-06-02_LMAT_00135.spu,2019-06-02,LMAT,B1,F0.5,1.2,RapidSCAN,0.6419882538736603
2019-06-02_LMAT_00136.spu,2019-06-02,LMAT,B1,F0.5,1.4,Greenseeker,0.5256397887133538
2019-06-02_LMAT_00136.spu,2019-06-02,LMAT,B1,F0.5,1.4,MODIS,0.549978179486553
2019-06-02_LMAT_00136.spu,2019-06-02,LMAT,B1,F0.5,1.4,RapidSCAN,0.5443865242827589
2019-06-02_LMAT_00137.spu,2019-06-02,LMAT,B1,F0.5,1.6,Greenseeker,0.44860222818147094
2019-06-02_LMAT_00137.spu,2019-06-02,LMAT,B1,F0.5,1.6,MODIS,0.4963898893298844
2019-06-02_LMAT_00137.spu,2019-06-02,LMAT,B1,F0.5,1.6,RapidSCAN,0.4603481279630129
2019-06-02_LMAT_00138.spu,2019-06-02,LMAT,B1,F0.5,1.8,Greenseeker,0.47630024108509256
2019-06-02_LMAT_00138.spu,2019-06-02,LMAT,B1,F0.5,1.8,MODIS,0.5279180194133377
2019-06-02_LMAT_00138.spu,2019-06-02,LMAT,B1,F0.5,1.8,RapidSCAN,0.49010681586361193
2019-06-02_LMAT_00139.spu,2019-06-02,LMAT,B1,F0.5,2,Greenseeker,0.5716092902485823
2019-06-02_LMAT_00139.spu,2019-06-02,LMAT,B1,F0.5,2,MODIS,0.5989927818812827
2019-06-02_LMAT_00139.spu,2019-06-02,LMAT,B1,F0.5,2,RapidSCAN,0.5895179929622271
2019-06-02_LMAT_00140.spu,2019-06-02,LMAT,B1,F0.5,2.2,Greenseeker,0.6155458230355085
2019-06-02_LMAT_00140.spu,2019-06-02,LMAT,B1,F0.5,2.2,MODIS,0.6281741451750326
2019-06-02_LMAT_00140.spu,2019-06-02,LMAT,B1,F0.5,2.2,RapidSCAN,0.6374968232148599
2019-06-02_LMAT_00141.spu,2019-06-02,LMAT,B1,F0.5,2.4,Greenseeker,0.689973090209012
2019-06-02_LMAT_00141.spu,2019-06-02,LMAT,B1,F0.5,2.4,MODIS,0.6899523750686262
2019-06-02_LMAT_00141.spu,2019-06-02,LMAT,B1,F0.5,2.4,RapidSCAN,0.7203862065025814
2019-06-02_LMAT_00142.spu,2019-06-02,LMAT,B1,F0.5,2.6,Greenseeker,0.6970509400571407
2019-06-02_LMAT_00142.spu,2019-06-02,LMAT,B1,F0.5,2.6,MODIS,0.6959392540567784
2019-06-02_LMAT_00142.spu,2019-06-02,LMAT,B1,F0.5,2.6,RapidSCAN,0.7269487926138333
2019-06-02_LMAT_00143.spu,2019-06-02,LMAT,B1,F0.5,2.8,Greenseeker,0.6684592996275552
2019-06-02_LMAT_00143.spu,2019-06-02,LMAT,B1,F0.5,2.8,MODIS,0.6709316832508884
2019-06-02_LMAT_00143.spu,2019-06-02,LMAT,B1,F0.5,2.8,RapidSCAN,0.6914884088857065
2019-06-02_LMAT_00144.spu,2019-06-02,LMAT,B1,F0.5,3,Greenseeker,0.6909099665875589
2019-06-02_LMAT_00144.spu,2019-06-02,LMAT,B1,F0.5,3,MODIS,0.6883600278424964
2019-06-02_LMAT_00144.spu,2019-06-02,LMAT,B1,F0.5,3,RapidSCAN,0.7139689450036086
2019-06-02_LMAT_00145.spu,2019-06-02,LMAT,B1,F0.5,3.2,Greenseeker,0.7028299780677713
2019-06-02_LMAT_00145.spu,2019-06-02,LMAT,B1,F0.5,3.2,MODIS,0.7035234788197976
2019-06-02_LMAT_00145.spu,2019-06-02,LMAT,B1,F0.5,3.2,RapidSCAN,0.728513684441516
2019-06-02_LMAT_00146.spu,2019-06-02,LMAT,B1,F0.5,3.4,Greenseeker,0.6668472444845814
2019-06-02_LMAT_00146.spu,2019-06-02,LMAT,B1,F0.5,3.4,MODIS,0.6712522727415621
2019-06-02_LMAT_00146.spu,2019-06-02,LMAT,B1,F0.5,3.4,RapidSCAN,0.6947996907806231
2019-06-02_LMAT_00147.spu,2019-06-02,LMAT,B1,F0.5,3.6,Greenseeker,0.6746952205471812
2019-06-02_LMAT_00147.spu,2019-06-02,LMAT,B1,F0.5,3.6,MODIS,0.6839463305474178
2019-06-02_LMAT_00147.spu,2019-06-02,LMAT,B1,F0.5,3.6,RapidSCAN,0.6980621368403136
2019-06-02_LMAT_00148.spu,2019-06-02,LMAT,B1,F0.5,3.8,Greenseeker,0.5570303407677814
2019-06-02_LMAT_00148.spu,2019-06-02,LMAT,B1,F0.5,3.8,MODIS,0.5927227125954732
2019-06-02_LMAT_00148.spu,2019-06-02,LMAT,B1,F0.5,3.8,RapidSCAN,0.5750760096200612
2019-06-02_LMAT_00149.spu,2019-06-02,LMAT,B1,F0.5,4,Greenseeker,0.4996606134174767
2019-06-02_LMAT_00149.spu,2019-06-02,LMAT,B1,F0.5,4,MODIS,0.5416546052820477
2019-06-02_LMAT_00149.spu,2019-06-02,LMAT,B1,F0.5,4,RapidSCAN,0.5126501936381401
2019-06-02_LMAT_00150.spu,2019-06-02,LMAT,B1,F0.5,4.2,Greenseeker,0.48509875244773687
2019-06-02_LMAT_00150.spu,2019-06-02,LMAT,B1,F0.5,4.2,MODIS,0.5323764596417419
2019-06-02_LMAT_00150.spu,2019-06-02,LMAT,B1,F0.5,4.2,RapidSCAN,0.4980434579906817
2019-06-02_LMAT_00151.spu,2019-06-02,LMAT,B1,F0.5,4.4,Greenseeker,0.41954197694546086
2019-06-02_LMAT_00151.spu,2019-06-02,LMAT,B1,F0.5,4.4,MODIS,0.48048112662938014
2019-06-02_LMAT_00151.spu,2019-06-02,LMAT,B1,F0.5,4.4,RapidSCAN,0.4260735215794051
2019-06-02_LMAT_00152.spu,2019-06-02,LMAT,B1,F0.5,4.6,Greenseeker,0.4301078196766131
2019-06-02_LMAT_00152.spu,2019-06-02,LMAT,B1,F0.5,4.6,MODIS,0.48934784072069587
2019-06-02_LMAT_00152.spu,2019-06-02,LMAT,B1,F0.5,4.6,RapidSCAN,0.43756707601937284
2019-06-02_LMAT_00153.spu,2019-06-02,LMAT,B1,F0.5,4.8,Greenseeker,0.4310240469832491
2019-06-02_LMAT_00153.spu,2019-06-02,LMAT,B1,F0.5,4.8,MODIS,0.4882599667177623
2019-06-02_LMAT_00153.spu,2019-06-02,LMAT,B1,F0.5,4.8,RapidSCAN,0.43591268070484984
2019-06-02_LMAT_00154.spu,2019-06-02,LMAT,B1,F0.5,5,Greenseeker,0.361903701928354
2019-06-02_LMAT_00154.spu,2019-06-02,LMAT,B1,F0.5,5,MODIS,0.42651339671703037
2019-06-02_LMAT_00154.spu,2019-06-02,LMAT,B1,F0.5,5,RapidSCAN,0.36598438587321935
