JUL8MAT00090.spu,JUL8MAT00089.spu,JUL8MAT00088.spu,JUL8MAT00087.spu,JUL8MAT00086.spu,
Wavelength,JUL8MAT00091.spu,JUL8MAT00092.spu,JUL8MAT00093.spu,JUL8MAT00094.spu,JUL8MAT00095.spu,JUL8MAT00096.spu,JUL8MAT00097.spu,JUL8MAT00098.spu,JUL8MAT00099.spu,JUL8MAT00100.spu
  (nm),7/8/2016 3,7/8/2016 3,7/8/2016 3,7/8/2016 3,7/8/2016 3,7/8/2016 3,7/8/2016 3,7/8/2016 3,7/8/2016 3,7/8/2016 3
  time  ,8:32 PM",8:41 PM",8:48 PM",8:54 PM",9:01 PM",0:08 PM",0:16 PM",0:22 PM",0:28 PM",0:35 PM"
temp C,SW,SW,SW,SW,SW,SW,SW,SW,SW,SW
,,,,,,,,,,
 310 , 1 , 1 , 1 , 1 , 1 , 1 , 1 , 1 , 1 , 1 
 311 , 1 , 1 , 1 , 1 , 1 , 1 , 1 , 1 , 1 , 1 
 312 , 1 , 1 , 1 , 1 , 1 , 1 , 1 , 1 , 1 , 1 
 313 , 1 , 1 , 1 , 1 , 1 , 1 , 1 , 1 , 1 , 1 
 314 , 1 , 1 , 1 , 1 , 1 , 1 , 1 , 1 , 1 , 1 
 315 , 1 , 1 , 1 , 1 , 1 , 1 , 1 , 1 , 1 , 1 
 316 , 1 , 1 , 1 , 1 , 1 , 1 , 1 , 1 , 1 , 1 
 317 , 1 , 1 , 1 , 1 , 1 , 1 , 1 , 1 , 1 , 1 
 318 , 1 , 1 , 1 , 1 , 1 , 1 , 1 , 1 , 1 , 1 
 319 , 1 , 1 , 1 , 1 , 1 , 1 , 1 , 1 , 1 , 1 
 320 , 1 , 1 , 1 , 1 , 1 , 1 , 1 , 1 , 1 , 1 
 321 , 1 , 1 , 1 , 1 , 1 , 1 , 1 , 1 , 1 , 1 
 322 , 1 , 1 , 1 , 1 , 1 , 1 , 1 , 1 , 1 , 1 
 323 , 1 , 1 , 1 , 1 , 1 , 1 , 1 , 1 , 1 , 1 
 324 , 1 , 1 , 1 , 1 , 1 , 1 , 1 , 1 , 1 , 1 
 325 , 1 , 1 , 1 , 1 , 1 , 1 , 1 , 1 , 1 , 1 
 326 , 1 , 1 , 1 , 1 , 1 , 1 , 1 , 1 , 1 , 1 
 327 , 1 , 1 , 1 , 1 , 1 , 1 , 1 , 1 , 1 , 1 
 328 , 1 , 1 , 1 , 0 , 0 , 1 , 1 , 1 , 1 , 1 
 329 , 1 , 1 , 1 , 0 , 0 , 1 , 1 , 1 , 1 , 1 
 330 , 1 , 1 , 1 , 0 , 0 , 1 , 1 , 1 , 1 , 1 
 331 , 1 , 1 , 1 , 0 , 0 , 1 , 1 , 1 , 1 , 1 
 332 , 0 , 0 , 0 , 0 , 0 , 0.000096 , 0 , 0.306271 , 0.306271 , 0.306271 
 333 , 0 , 0 , 0 , 0 , 0 , 0.000205 , 0 , 0.629729 , 0.629729 , 0.629729 
 334 , 0 , 0 , 0 , 0 , 0 , 0.000276 , 0 , 0.83955 , 0.83955 , 0.83955 
 335 , 0 , 0 , 0 , 0 , 0 , 0.000061 , 0 , 0 , 0 , 0 
 336 , 0 , 0 , 0 , 0 , 0 , 0.000625 , 0 , 0 , 0 , 0 
 337 , 0 , 0 , 0 , 0 , 0 , 0.001266 , 0 , 0 , 0 , 0 
 338 , 0 , 0 , 0 , 0 , 0 , 0.001842 , 0 , 0 , 0 , 0 
 339 , 0 , 0 , 0.000036 , 0 , 0 , 0.004037 , 0 , 0 , 0.000102 , 0.000692 
 340 , 0 , 0 , 0.00011 , 0 , 0 , 0.006018 , 0 , 0 , 0.000283 , 0.002196 
 341 , 0 , 0 , 0.000204 , 0 , 0 , 0.007726 , 0 , 0 , 0.000487 , 0.004238 
 342 , 0.000449 , 0.000301 , 0.000334 , 0.000313 , 0.000195 , 0.009141 , 0 , 0.000889 , 0.001005 , 0.005441 
 343 , 0.00138 , 0.000836 , 0.000496 , 0.000951 , 0.000602 , 0.010299 , 0 , 0.002766 , 0.001815 , 0.005513 
 344 , 0.002217 , 0.001247 , 0.000653 , 0.001515 , 0.000971 , 0.011332 , 0 , 0.004487 , 0.002517 , 0.005645 
 345 , 0.002998 , 0.00164 , 0.000892 , 0.00201 , 0.001342 , 0.012227 , 0.00008 , 0.005936 , 0.00316 , 0.005813 
 346 , 0.004063 , 0.002722 , 0.002176 , 0.002421 , 0.002164 , 0.012818 , 0.001187 , 0.006063 , 0.004137 , 0.006326 
 347 , 0.004924 , 0.003607 , 0.00321 , 0.002757 , 0.002873 , 0.01329 , 0.00222 , 0.006149 , 0.004988 , 0.006673 
 348 , 0.005634 , 0.004343 , 0.004059 , 0.003037 , 0.003492 , 0.013672 , 0.003183 , 0.00621 , 0.005735 , 0.006921 
 349 , 0.005929 , 0.004767 , 0.004601 , 0.003544 , 0.003734 , 0.014493 , 0.003689 , 0.006527 , 0.006596 , 0.007746 
 350 , 0.006036 , 0.005032 , 0.004971 , 0.004099 , 0.003801 , 0.015344 , 0.003958 , 0.006866 , 0.007385 , 0.00871 
 351 , 0.00611 , 0.00525 , 0.005269 , 0.004591 , 0.003841 , 0.016055 , 0.004172 , 0.00713 , 0.008039 , 0.009559 
 352 , 0.006394 , 0.005556 , 0.00554 , 0.005163 , 0.004103 , 0.016572 , 0.004438 , 0.007618 , 0.008428 , 0.010153 
 353 , 0.007126 , 0.00608 , 0.005815 , 0.005989 , 0.004838 , 0.016802 , 0.004855 , 0.008653 , 0.008383 , 0.01033 
 354 , 0.007828 , 0.006563 , 0.006047 , 0.006803 , 0.005534 , 0.016947 , 0.005241 , 0.009686 , 0.008284 , 0.010451 
 355 , 0.008501 , 0.007012 , 0.006243 , 0.007604 , 0.00619 , 0.017032 , 0.005599 , 0.010717 , 0.008147 , 0.01053 
 356 , 0.008752 , 0.007448 , 0.006955 , 0.007902 , 0.006231 , 0.018368 , 0.005603 , 0.010525 , 0.008861 , 0.011229 
 357 , 0.00897 , 0.007866 , 0.007699 , 0.008159 , 0.006249 , 0.01979 , 0.00559 , 0.0103 , 0.00959 , 0.01193 
 358 , 0.009174 , 0.008264 , 0.008444 , 0.008402 , 0.006273 , 0.021233 , 0.005579 , 0.010102 , 0.010289 , 0.012599 
 359 , 0.009549 , 0.008458 , 0.008511 , 0.008408 , 0.006475 , 0.021899 , 0.005976 , 0.010301 , 0.010636 , 0.012689 
 360 , 0.010038 , 0.008507 , 0.008121 , 0.008254 , 0.006797 , 0.021965 , 0.00665 , 0.010754 , 0.010729 , 0.012377 
 361 , 0.010504 , 0.008554 , 0.007785 , 0.008114 , 0.007103 , 0.022028 , 0.007287 , 0.01117 , 0.010816 , 0.012088 
 362 , 0.010919 , 0.008666 , 0.007609 , 0.008107 , 0.00739 , 0.022135 , 0.00781 , 0.011518 , 0.010955 , 0.012014 
 363 , 0.01117 , 0.009045 , 0.007898 , 0.008582 , 0.007635 , 0.022407 , 0.00799 , 0.011711 , 0.011318 , 0.012725 
 364 , 0.011398 , 0.009402 , 0.008161 , 0.009031 , 0.007861 , 0.022655 , 0.008154 , 0.011885 , 0.011658 , 0.013407 
 365 , 0.011606 , 0.009738 , 0.008401 , 0.009456 , 0.008071 , 0.022882 , 0.008305 , 0.012044 , 0.011975 , 0.014062 
 366 , 0.011619 , 0.009959 , 0.008775 , 0.00971 , 0.008155 , 0.023345 , 0.008386 , 0.012275 , 0.01236 , 0.014397 
 367 , 0.011594 , 0.010147 , 0.00918 , 0.009918 , 0.008205 , 0.023841 , 0.008439 , 0.012512 , 0.012751 , 0.014657 
 368 , 0.011571 , 0.010321 , 0.009578 , 0.010115 , 0.008247 , 0.024306 , 0.008475 , 0.012734 , 0.013129 , 0.014909 
 369 , 0.011622 , 0.010419 , 0.009802 , 0.010216 , 0.008236 , 0.024518 , 0.008569 , 0.012827 , 0.013155 , 0.014858 
 370 , 0.011753 , 0.010424 , 0.009806 , 0.010206 , 0.008166 , 0.024429 , 0.008741 , 0.012776 , 0.012773 , 0.014454 
 371 , 0.011859 , 0.010429 , 0.009809 , 0.010209 , 0.0081 , 0.024342 , 0.008914 , 0.012747 , 0.012426 , 0.014078 
 372 , 0.011937 , 0.010436 , 0.00983 , 0.01021 , 0.008059 , 0.024322 , 0.009072 , 0.01273 , 0.012152 , 0.013753 
 373 , 0.011848 , 0.010429 , 0.010173 , 0.010133 , 0.008339 , 0.025211 , 0.009023 , 0.012717 , 0.012557 , 0.013883 
 374 , 0.011794 , 0.010465 , 0.010455 , 0.010034 , 0.008583 , 0.02602 , 0.008983 , 0.012678 , 0.012912 , 0.013974 
 375 , 0.011762 , 0.01053 , 0.010692 , 0.009921 , 0.008801 , 0.026774 , 0.00895 , 0.012618 , 0.013231 , 0.014037 
 376 , 0.011949 , 0.010602 , 0.010531 , 0.00984 , 0.008892 , 0.026959 , 0.009106 , 0.012725 , 0.013454 , 0.013845 
 377 , 0.012203 , 0.010659 , 0.010277 , 0.009777 , 0.008887 , 0.026939 , 0.009325 , 0.012869 , 0.013683 , 0.013634 
 378 , 0.01244 , 0.010703 , 0.010075 , 0.009718 , 0.008845 , 0.026941 , 0.009532 , 0.012987 , 0.013948 , 0.013487 
 379 , 0.012573 , 0.010655 , 0.010049 , 0.009729 , 0.008804 , 0.027027 , 0.009595 , 0.012998 , 0.014005 , 0.013473 
 380 , 0.012539 , 0.010426 , 0.010321 , 0.009858 , 0.008797 , 0.02731 , 0.009347 , 0.012826 , 0.013615 , 0.013649 
 381 , 0.012542 , 0.010191 , 0.010579 , 0.009958 , 0.00878 , 0.027652 , 0.009064 , 0.012668 , 0.013234 , 0.013802 
 382 , 0.012565 , 0.009949 , 0.010832 , 0.010043 , 0.00876 , 0.028031 , 0.008757 , 0.012516 , 0.012852 , 0.013944 
 383 , 0.012522 , 0.010319 , 0.011019 , 0.010093 , 0.008809 , 0.028131 , 0.008884 , 0.012585 , 0.013044 , 0.014127 
 384 , 0.012455 , 0.010705 , 0.011183 , 0.010124 , 0.008849 , 0.028151 , 0.009034 , 0.012644 , 0.013259 , 0.014315 
 385 , 0.012375 , 0.011085 , 0.011337 , 0.010146 , 0.008882 , 0.028129 , 0.009186 , 0.012689 , 0.013474 , 0.014504 
 386 , 0.01259 , 0.01136 , 0.011263 , 0.010445 , 0.009091 , 0.028418 , 0.009482 , 0.013015 , 0.013644 , 0.01443 
 387 , 0.012992 , 0.011553 , 0.011043 , 0.010917 , 0.009411 , 0.028906 , 0.00986 , 0.013521 , 0.013776 , 0.014184 
 388 , 0.013371 , 0.011735 , 0.010833 , 0.011368 , 0.009712 , 0.029361 , 0.010221 , 0.014003 , 0.013901 , 0.013951 
 389 , 0.013745 , 0.012012 , 0.010823 , 0.011711 , 0.010005 , 0.02986 , 0.010549 , 0.014391 , 0.014086 , 0.013878 
 390 , 0.014146 , 0.012644 , 0.011471 , 0.011745 , 0.01031 , 0.030572 , 0.01081 , 0.014494 , 0.014494 , 0.014323 
 391 , 0.014535 , 0.01325 , 0.012094 , 0.011778 , 0.010603 , 0.031257 , 0.011063 , 0.014598 , 0.014888 , 0.014751 
 392 , 0.014908 , 0.013832 , 0.012693 , 0.01181 , 0.010883 , 0.031913 , 0.011306 , 0.014696 , 0.015268 , 0.015161 
 393 , 0.015355 , 0.014005 , 0.013011 , 0.012055 , 0.011019 , 0.032408 , 0.011524 , 0.015072 , 0.015685 , 0.015497 
 394 , 0.015783 , 0.014102 , 0.013262 , 0.012317 , 0.011125 , 0.032844 , 0.011724 , 0.015465 , 0.01608 , 0.015799 
 395 , 0.016181 , 0.01419 , 0.013493 , 0.012558 , 0.011222 , 0.033245 , 0.011909 , 0.015829 , 0.016445 , 0.016077 
 396 , 0.016718 , 0.014607 , 0.013937 , 0.013043 , 0.011552 , 0.033896 , 0.012342 , 0.016291 , 0.016828 , 0.016419 
 397 , 0.017357 , 0.015308 , 0.014552 , 0.013727 , 0.012082 , 0.034744 , 0.012989 , 0.016824 , 0.017206 , 0.016806 
 398 , 0.017914 , 0.015919 , 0.015087 , 0.01432 , 0.012542 , 0.03548 , 0.013549 , 0.017289 , 0.017536 , 0.017143 
 399 , 0.0184 , 0.016459 , 0.015546 , 0.014818 , 0.012939 , 0.036116 , 0.014022 , 0.017681 , 0.017859 , 0.017456 
 400 , 0.018815 , 0.016981 , 0.015857 , 0.015091 , 0.013265 , 0.036622 , 0.014281 , 0.017926 , 0.018406 , 0.017882 
 401 , 0.019184 , 0.017446 , 0.01613 , 0.015334 , 0.013551 , 0.037068 , 0.014514 , 0.01814 , 0.018888 , 0.018258 
 402 , 0.019509 , 0.01786 , 0.016377 , 0.015549 , 0.013809 , 0.037469 , 0.014721 , 0.018333 , 0.019322 , 0.018593 
 403 , 0.019898 , 0.018207 , 0.016642 , 0.015807 , 0.014065 , 0.037958 , 0.015065 , 0.0187 , 0.019666 , 0.018772 
 404 , 0.020287 , 0.018514 , 0.016904 , 0.016073 , 0.014318 , 0.038462 , 0.01544 , 0.019109 , 0.019965 , 0.018895 
 405 , 0.020654 , 0.018804 , 0.01715 , 0.016321 , 0.014549 , 0.038932 , 0.015791 , 0.01949 , 0.02025 , 0.019012 
 406 , 0.021072 , 0.019093 , 0.017413 , 0.016556 , 0.014753 , 0.039421 , 0.016059 , 0.019744 , 0.020553 , 0.019203 
 407 , 0.021592 , 0.019388 , 0.017726 , 0.016779 , 0.014926 , 0.039967 , 0.016202 , 0.019819 , 0.020903 , 0.019517 
 408 , 0.022089 , 0.01967 , 0.018023 , 0.016995 , 0.015088 , 0.040484 , 0.016335 , 0.01989 , 0.021236 , 0.019813 
 409 , 0.022557 , 0.019934 , 0.018304 , 0.017199 , 0.015242 , 0.040974 , 0.016465 , 0.019957 , 0.021551 , 0.020097 
 410 , 0.022916 , 0.02027 , 0.018573 , 0.017533 , 0.015421 , 0.041344 , 0.016712 , 0.020211 , 0.021831 , 0.020316 
 411 , 0.023255 , 0.020586 , 0.018831 , 0.017852 , 0.015588 , 0.041691 , 0.016947 , 0.020448 , 0.022093 , 0.020522 
 412 , 0.023574 , 0.020887 , 0.019074 , 0.018154 , 0.015745 , 0.042024 , 0.017174 , 0.020674 , 0.022344 , 0.020716 
 413 , 0.023951 , 0.021242 , 0.019325 , 0.018488 , 0.015966 , 0.042503 , 0.017445 , 0.020987 , 0.022573 , 0.020847 
 414 , 0.024341 , 0.021617 , 0.019572 , 0.018828 , 0.016207 , 0.043052 , 0.017737 , 0.021332 , 0.022796 , 0.020943 
 415 , 0.024718 , 0.02197 , 0.019805 , 0.019151 , 0.016436 , 0.043573 , 0.018017 , 0.021669 , 0.023005 , 0.021034 
 416 , 0.025087 , 0.022314 , 0.020042 , 0.019422 , 0.016658 , 0.044083 , 0.018277 , 0.021964 , 0.023256 , 0.021202 
 417 , 0.025465 , 0.022643 , 0.020302 , 0.019564 , 0.016866 , 0.044596 , 0.018508 , 0.022205 , 0.023628 , 0.021587 
 418 , 0.025836 , 0.022956 , 0.020554 , 0.019703 , 0.017071 , 0.045089 , 0.018731 , 0.022435 , 0.02399 , 0.021956 
 419 , 0.026191 , 0.023262 , 0.020795 , 0.019838 , 0.017265 , 0.045567 , 0.018943 , 0.022656 , 0.024339 , 0.02231 
 420 , 0.026618 , 0.023433 , 0.021016 , 0.020078 , 0.017376 , 0.046078 , 0.019146 , 0.022867 , 0.024603 , 0.022481 
 421 , 0.027051 , 0.02358 , 0.02123 , 0.020322 , 0.017477 , 0.046582 , 0.019342 , 0.023065 , 0.024852 , 0.022624 
 422 , 0.027469 , 0.023725 , 0.021438 , 0.020561 , 0.017577 , 0.047075 , 0.019537 , 0.023262 , 0.02509 , 0.022764 
 423 , 0.027898 , 0.023972 , 0.021722 , 0.02084 , 0.017767 , 0.047523 , 0.019713 , 0.023507 , 0.025364 , 0.022987 
 424 , 0.028341 , 0.024299 , 0.022063 , 0.021157 , 0.018036 , 0.047943 , 0.019882 , 0.023801 , 0.025668 , 0.02328 
 425 , 0.028781 , 0.024621 , 0.022406 , 0.021471 , 0.0183 , 0.048363 , 0.020051 , 0.024092 , 0.025967 , 0.023568 
 426 , 0.029199 , 0.024931 , 0.02272 , 0.021771 , 0.018532 , 0.048774 , 0.020231 , 0.024384 , 0.026267 , 0.023838 
 427 , 0.029503 , 0.025176 , 0.022918 , 0.022001 , 0.018637 , 0.049197 , 0.020496 , 0.024708 , 0.026582 , 0.024035 
 428 , 0.029808 , 0.025412 , 0.023112 , 0.022227 , 0.018742 , 0.049615 , 0.020762 , 0.025027 , 0.026898 , 0.024227 
 429 , 0.030109 , 0.025654 , 0.023311 , 0.022453 , 0.018842 , 0.050029 , 0.021029 , 0.025348 , 0.027209 , 0.02442 
 430 , 0.030572 , 0.025996 , 0.02359 , 0.022769 , 0.019129 , 0.050602 , 0.021385 , 0.025754 , 0.027597 , 0.024702 
 431 , 0.031067 , 0.026357 , 0.023884 , 0.023099 , 0.019452 , 0.051202 , 0.021764 , 0.026175 , 0.027986 , 0.025002 
 432 , 0.031547 , 0.026708 , 0.024171 , 0.023419 , 0.019774 , 0.051789 , 0.022133 , 0.026586 , 0.028375 , 0.025295 
 433 , 0.032018 , 0.027066 , 0.024487 , 0.023706 , 0.020025 , 0.052416 , 0.022445 , 0.026959 , 0.028792 , 0.025636 
 434 , 0.032467 , 0.02742 , 0.024827 , 0.023943 , 0.020195 , 0.053099 , 0.022691 , 0.027291 , 0.029253 , 0.026038 
 435 , 0.032903 , 0.027766 , 0.025158 , 0.024177 , 0.020357 , 0.05376 , 0.022928 , 0.027611 , 0.029696 , 0.026423 
 436 , 0.033335 , 0.028097 , 0.025475 , 0.024411 , 0.020522 , 0.054392 , 0.02317 , 0.027936 , 0.030122 , 0.026794 
 437 , 0.033891 , 0.028366 , 0.025752 , 0.024732 , 0.020791 , 0.054938 , 0.023525 , 0.028444 , 0.030472 , 0.027116 
 438 , 0.034437 , 0.028627 , 0.026028 , 0.025049 , 0.021049 , 0.055471 , 0.02387 , 0.028938 , 0.030816 , 0.027427 
 439 , 0.034971 , 0.028886 , 0.026296 , 0.025358 , 0.021301 , 0.055992 , 0.024209 , 0.029426 , 0.031158 , 0.027736 
 440 , 0.035407 , 0.029209 , 0.026625 , 0.025644 , 0.021535 , 0.056554 , 0.024536 , 0.029812 , 0.031528 , 0.02801 
 441 , 0.035809 , 0.029557 , 0.02698 , 0.025925 , 0.021767 , 0.057132 , 0.024859 , 0.030152 , 0.031909 , 0.028261 
 442 , 0.0362 , 0.029905 , 0.027336 , 0.026205 , 0.021994 , 0.057704 , 0.025176 , 0.030492 , 0.032285 , 0.028515 
 443 , 0.036616 , 0.030235 , 0.027656 , 0.026486 , 0.022222 , 0.058308 , 0.025494 , 0.030885 , 0.032694 , 0.028815 
 444 , 0.037079 , 0.030562 , 0.027928 , 0.026794 , 0.022469 , 0.058975 , 0.025834 , 0.03138 , 0.03318 , 0.02921 
 445 , 0.037543 , 0.030884 , 0.0282 , 0.027102 , 0.02271 , 0.059644 , 0.026169 , 0.031872 , 0.033662 , 0.029605 
 446 , 0.037997 , 0.031206 , 0.028466 , 0.0274 , 0.022952 , 0.060302 , 0.026499 , 0.032361 , 0.034135 , 0.029996 
 447 , 0.038436 , 0.031512 , 0.02873 , 0.027631 , 0.023205 , 0.060947 , 0.026781 , 0.03275 , 0.034477 , 0.030274 
 448 , 0.03887 , 0.031816 , 0.028995 , 0.027863 , 0.023458 , 0.061592 , 0.02706 , 0.033143 , 0.034822 , 0.03055 
 449 , 0.039305 , 0.032116 , 0.029261 , 0.02809 , 0.023712 , 0.062234 , 0.02734 , 0.033533 , 0.035156 , 0.030823 
 450 , 0.039611 , 0.032323 , 0.029495 , 0.028255 , 0.023845 , 0.062642 , 0.027509 , 0.033781 , 0.035414 , 0.031055 
 451 , 0.039843 , 0.032469 , 0.02971 , 0.028392 , 0.023906 , 0.062907 , 0.027607 , 0.033932 , 0.035626 , 0.031252 
 452 , 0.040074 , 0.032609 , 0.02993 , 0.028529 , 0.023966 , 0.063172 , 0.027699 , 0.034089 , 0.035837 , 0.031454 
 453 , 0.04027 , 0.032709 , 0.030088 , 0.028643 , 0.024011 , 0.063385 , 0.027786 , 0.034227 , 0.036002 , 0.0316 
 454 , 0.040345 , 0.032672 , 0.030094 , 0.028705 , 0.024001 , 0.063459 , 0.027846 , 0.034335 , 0.036043 , 0.031579 
 455 , 0.040418 , 0.032635 , 0.030094 , 0.028771 , 0.02399 , 0.063535 , 0.027898 , 0.034442 , 0.036087 , 0.031556 
 456 , 0.040495 , 0.032596 , 0.030098 , 0.02883 , 0.023978 , 0.063614 , 0.027955 , 0.034552 , 0.03613 , 0.031533 
 457 , 0.040588 , 0.032691 , 0.030215 , 0.028911 , 0.024027 , 0.063796 , 0.028033 , 0.034653 , 0.036277 , 0.031575 
 458 , 0.040681 , 0.032797 , 0.030348 , 0.028992 , 0.024085 , 0.063994 , 0.02811 , 0.034748 , 0.036447 , 0.031628 
 459 , 0.040779 , 0.032901 , 0.030486 , 0.029072 , 0.024147 , 0.064195 , 0.028186 , 0.034849 , 0.036615 , 0.031679 
 460 , 0.040868 , 0.032973 , 0.030555 , 0.029099 , 0.024176 , 0.064385 , 0.028231 , 0.034901 , 0.036742 , 0.031742 
 461 , 0.040949 , 0.033023 , 0.030564 , 0.029087 , 0.024185 , 0.06458 , 0.028242 , 0.034922 , 0.036832 , 0.031815 
 462 , 0.041029 , 0.033067 , 0.030577 , 0.029069 , 0.024189 , 0.064774 , 0.028258 , 0.034937 , 0.036928 , 0.031893 
 463 , 0.041125 , 0.033103 , 0.030598 , 0.029075 , 0.024204 , 0.064967 , 0.028286 , 0.034977 , 0.03701 , 0.031963 
 464 , 0.041267 , 0.033088 , 0.030689 , 0.029171 , 0.02423 , 0.065119 , 0.028355 , 0.035093 , 0.037005 , 0.031971 
 465 , 0.041415 , 0.033074 , 0.030779 , 0.029268 , 0.024262 , 0.065272 , 0.02843 , 0.035216 , 0.037006 , 0.031979 
 466 , 0.041563 , 0.033054 , 0.03087 , 0.029369 , 0.024294 , 0.06543 , 0.028504 , 0.035337 , 0.037002 , 0.031987 
 467 , 0.041658 , 0.033123 , 0.030977 , 0.029389 , 0.024336 , 0.065599 , 0.028546 , 0.035433 , 0.037136 , 0.032011 
 468 , 0.041749 , 0.03321 , 0.03109 , 0.029397 , 0.024375 , 0.065784 , 0.028581 , 0.035532 , 0.037307 , 0.032043 
 469 , 0.04184 , 0.033292 , 0.031209 , 0.029406 , 0.024419 , 0.065969 , 0.028617 , 0.035626 , 0.037484 , 0.032069 
 470 , 0.041937 , 0.033379 , 0.031307 , 0.029493 , 0.024471 , 0.066205 , 0.028714 , 0.035748 , 0.037655 , 0.032113 
 471 , 0.042049 , 0.033465 , 0.031388 , 0.029675 , 0.024545 , 0.066495 , 0.028884 , 0.035903 , 0.037825 , 0.032185 
 472 , 0.042162 , 0.033544 , 0.031464 , 0.029858 , 0.024614 , 0.066786 , 0.029054 , 0.036059 , 0.037996 , 0.032251 
 473 , 0.042287 , 0.033639 , 0.03155 , 0.030029 , 0.024688 , 0.067085 , 0.029224 , 0.036207 , 0.038164 , 0.032327 
 474 , 0.042503 , 0.033818 , 0.031698 , 0.030113 , 0.024763 , 0.067432 , 0.029357 , 0.036314 , 0.038335 , 0.032466 
 475 , 0.042727 , 0.033997 , 0.03185 , 0.030201 , 0.02484 , 0.067783 , 0.029493 , 0.036425 , 0.038505 , 0.032608 
 476 , 0.042945 , 0.034175 , 0.032002 , 0.030284 , 0.024912 , 0.068129 , 0.02963 , 0.036531 , 0.038682 , 0.032745 
 477 , 0.043091 , 0.034266 , 0.032132 , 0.030376 , 0.024919 , 0.068398 , 0.02967 , 0.036617 , 0.038806 , 0.032888 
 478 , 0.043209 , 0.034323 , 0.032256 , 0.030468 , 0.024891 , 0.068635 , 0.029671 , 0.036702 , 0.038914 , 0.033031 
 479 , 0.043327 , 0.03438 , 0.032375 , 0.03056 , 0.024869 , 0.068872 , 0.029678 , 0.036787 , 0.039021 , 0.033168 
 480 , 0.043469 , 0.034419 , 0.032492 , 0.030655 , 0.024865 , 0.069095 , 0.029737 , 0.036872 , 0.039106 , 0.033243 
 481 , 0.043641 , 0.034429 , 0.032591 , 0.030742 , 0.024886 , 0.0693 , 0.02989 , 0.036967 , 0.039142 , 0.03319 
 482 , 0.043814 , 0.034434 , 0.03269 , 0.030828 , 0.024907 , 0.069501 , 0.030043 , 0.037063 , 0.039183 , 0.033144 
 483 , 0.043988 , 0.034444 , 0.032794 , 0.030915 , 0.024928 , 0.069707 , 0.030197 , 0.03716 , 0.039224 , 0.033097 
 484 , 0.044129 , 0.034639 , 0.032955 , 0.03103 , 0.025031 , 0.069951 , 0.030278 , 0.037316 , 0.039488 , 0.033281 
 485 , 0.044277 , 0.034836 , 0.033118 , 0.031142 , 0.025131 , 0.070199 , 0.030356 , 0.037474 , 0.039747 , 0.033466 
 486 , 0.04442 , 0.035038 , 0.033281 , 0.03126 , 0.02523 , 0.070453 , 0.030435 , 0.037627 , 0.040013 , 0.033652 
 487 , 0.04461 , 0.035158 , 0.033369 , 0.031368 , 0.025319 , 0.070753 , 0.030555 , 0.037826 , 0.04022 , 0.033728 
 488 , 0.044816 , 0.035243 , 0.033422 , 0.031477 , 0.025407 , 0.07108 , 0.030698 , 0.038051 , 0.0404 , 0.033758 
 489 , 0.045022 , 0.035328 , 0.033474 , 0.031585 , 0.025489 , 0.071408 , 0.030835 , 0.038276 , 0.040573 , 0.033782 
 490 , 0.045293 , 0.035476 , 0.033617 , 0.031731 , 0.025613 , 0.07178 , 0.030992 , 0.038498 , 0.040771 , 0.033892 
 491 , 0.045695 , 0.035778 , 0.033969 , 0.031975 , 0.025816 , 0.072261 , 0.03118 , 0.038718 , 0.041002 , 0.034187 
 492 , 0.046092 , 0.036074 , 0.034315 , 0.032209 , 0.026018 , 0.072737 , 0.031368 , 0.038937 , 0.04124 , 0.034478 
 493 , 0.046483 , 0.036371 , 0.034662 , 0.032448 , 0.026215 , 0.073208 , 0.031551 , 0.039151 , 0.041472 , 0.034768 
 494 , 0.046853 , 0.03657 , 0.03495 , 0.032657 , 0.026406 , 0.073561 , 0.031755 , 0.039413 , 0.04184 , 0.035001 
 495 , 0.047219 , 0.036771 , 0.03524 , 0.032869 , 0.026597 , 0.0739 , 0.031956 , 0.039674 , 0.042213 , 0.035224 
 496 , 0.04758 , 0.036965 , 0.035525 , 0.033082 , 0.026782 , 0.074244 , 0.032157 , 0.039935 , 0.042586 , 0.035441 
 497 , 0.047998 , 0.037246 , 0.035856 , 0.033378 , 0.027026 , 0.074666 , 0.032464 , 0.040267 , 0.042947 , 0.035715 
 498 , 0.048459 , 0.037592 , 0.036207 , 0.033747 , 0.027312 , 0.075144 , 0.032844 , 0.040652 , 0.043297 , 0.036017 
 499 , 0.048915 , 0.037931 , 0.036559 , 0.034115 , 0.027593 , 0.075622 , 0.033224 , 0.04103 , 0.043647 , 0.036323 
 500 , 0.049388 , 0.038299 , 0.036939 , 0.034491 , 0.027905 , 0.0761 , 0.033601 , 0.041419 , 0.044045 , 0.036659 
 501 , 0.049916 , 0.038764 , 0.037426 , 0.034901 , 0.028301 , 0.076627 , 0.033966 , 0.041843 , 0.044626 , 0.037107 
 502 , 0.050446 , 0.039218 , 0.037903 , 0.035312 , 0.028702 , 0.077149 , 0.034327 , 0.042263 , 0.045196 , 0.03755 
 503 , 0.050964 , 0.039672 , 0.038374 , 0.035716 , 0.029091 , 0.077672 , 0.034687 , 0.042683 , 0.045766 , 0.037988 
 504 , 0.051761 , 0.040328 , 0.038973 , 0.036281 , 0.029622 , 0.078355 , 0.035201 , 0.043311 , 0.046428 , 0.038621 
 505 , 0.052594 , 0.041005 , 0.039588 , 0.036866 , 0.030167 , 0.079065 , 0.035729 , 0.043963 , 0.047099 , 0.039269 
 506 , 0.053411 , 0.041678 , 0.040193 , 0.037446 , 0.030714 , 0.079758 , 0.036258 , 0.044604 , 0.04776 , 0.039918 
 507 , 0.05434 , 0.042398 , 0.040916 , 0.038206 , 0.03132 , 0.080458 , 0.036876 , 0.045299 , 0.048453 , 0.040591 
 508 , 0.055361 , 0.043164 , 0.041743 , 0.03913 , 0.032001 , 0.081154 , 0.037585 , 0.046035 , 0.04917 , 0.041288 
 509 , 0.056378 , 0.043926 , 0.042565 , 0.040051 , 0.032672 , 0.081845 , 0.03829 , 0.046766 , 0.049888 , 0.041974 
 510 , 0.057394 , 0.044723 , 0.043405 , 0.040937 , 0.033365 , 0.082539 , 0.038999 , 0.047512 , 0.050633 , 0.042701 
 511 , 0.058451 , 0.045715 , 0.04439 , 0.041688 , 0.034198 , 0.083229 , 0.039742 , 0.048366 , 0.051598 , 0.043651 
 512 , 0.059509 , 0.046708 , 0.045381 , 0.042441 , 0.035024 , 0.083916 , 0.040488 , 0.049214 , 0.052561 , 0.044602 
 513 , 0.060569 , 0.047696 , 0.046363 , 0.043194 , 0.035857 , 0.084604 , 0.041229 , 0.050057 , 0.053525 , 0.04555 
 514 , 0.06186 , 0.048839 , 0.047533 , 0.044304 , 0.036937 , 0.085419 , 0.042201 , 0.051072 , 0.054583 , 0.046554 
 515 , 0.063208 , 0.05002 , 0.048736 , 0.045504 , 0.038079 , 0.086271 , 0.043229 , 0.05212 , 0.055669 , 0.047575 
 516 , 0.064558 , 0.051205 , 0.049941 , 0.046701 , 0.039217 , 0.087118 , 0.044253 , 0.053171 , 0.056751 , 0.048593 
 517 , 0.066135 , 0.052602 , 0.051348 , 0.048058 , 0.040509 , 0.088148 , 0.045364 , 0.054349 , 0.058007 , 0.049822 
 518 , 0.067982 , 0.054249 , 0.053001 , 0.049606 , 0.041974 , 0.089404 , 0.04657 , 0.055667 , 0.059466 , 0.051298 
 519 , 0.069823 , 0.055889 , 0.054648 , 0.051153 , 0.043443 , 0.090655 , 0.047773 , 0.056982 , 0.060917 , 0.052772 
 520 , 0.071696 , 0.057555 , 0.05632 , 0.05273 , 0.044918 , 0.091932 , 0.049008 , 0.05833 , 0.062397 , 0.054269 
 521 , 0.073898 , 0.059489 , 0.058262 , 0.054667 , 0.046573 , 0.0935 , 0.050539 , 0.060033 , 0.064178 , 0.056004 
 522 , 0.076088 , 0.061417 , 0.060196 , 0.0566 , 0.048222 , 0.095056 , 0.052064 , 0.061732 , 0.065947 , 0.057733 
 523 , 0.078278 , 0.063343 , 0.062124 , 0.058533 , 0.049868 , 0.09661 , 0.053588 , 0.063425 , 0.067711 , 0.059463 
 524 , 0.080612 , 0.065378 , 0.064172 , 0.060567 , 0.051688 , 0.09834 , 0.05521 , 0.065205 , 0.069488 , 0.061262 
 525 , 0.082998 , 0.067451 , 0.066258 , 0.062632 , 0.053564 , 0.100127 , 0.05686 , 0.067019 , 0.071275 , 0.063088 
 526 , 0.085376 , 0.069519 , 0.068346 , 0.064699 , 0.055434 , 0.101917 , 0.058512 , 0.068824 , 0.073057 , 0.064911 
 527 , 0.087696 , 0.071579 , 0.070395 , 0.066721 , 0.057256 , 0.103679 , 0.060118 , 0.070584 , 0.074874 , 0.066715 
 528 , 0.089928 , 0.073624 , 0.072411 , 0.068692 , 0.059 , 0.105396 , 0.061666 , 0.072269 , 0.076745 , 0.068513 
 529 , 0.092154 , 0.075661 , 0.074425 , 0.070667 , 0.060746 , 0.107112 , 0.063213 , 0.073953 , 0.078612 , 0.070313 
 530 , 0.094374 , 0.077687 , 0.076433 , 0.072623 , 0.062478 , 0.108819 , 0.064746 , 0.075631 , 0.080469 , 0.072097 
 531 , 0.096433 , 0.079442 , 0.078241 , 0.074399 , 0.064042 , 0.110436 , 0.066153 , 0.077211 , 0.082032 , 0.073691 
 532 , 0.098485 , 0.081191 , 0.080051 , 0.076166 , 0.065605 , 0.112045 , 0.067561 , 0.078784 , 0.083593 , 0.075293 
 533 , 0.100537 , 0.082946 , 0.081855 , 0.077939 , 0.067172 , 0.11366 , 0.068964 , 0.080359 , 0.085155 , 0.076886 
 534 , 0.102281 , 0.084452 , 0.083392 , 0.07939 , 0.06844 , 0.114971 , 0.07012 , 0.081627 , 0.086463 , 0.078227 
 535 , 0.103892 , 0.085851 , 0.084805 , 0.080697 , 0.069565 , 0.116162 , 0.071157 , 0.082764 , 0.087658 , 0.079443 
 536 , 0.105508 , 0.087247 , 0.086215 , 0.082001 , 0.070698 , 0.117353 , 0.072194 , 0.083896 , 0.088854 , 0.080661 
 537 , 0.107015 , 0.088522 , 0.087536 , 0.083222 , 0.071755 , 0.118475 , 0.073193 , 0.084988 , 0.089999 , 0.081777 
 538 , 0.108321 , 0.089553 , 0.088676 , 0.084284 , 0.072658 , 0.11944 , 0.074096 , 0.086012 , 0.091057 , 0.082682 
 539 , 0.109621 , 0.090578 , 0.089816 , 0.08534 , 0.073567 , 0.120408 , 0.075003 , 0.087042 , 0.09212 , 0.083585 
 540 , 0.110922 , 0.0916 , 0.090956 , 0.086394 , 0.074467 , 0.121374 , 0.075909 , 0.088063 , 0.093176 , 0.084493 
 541 , 0.112151 , 0.09261 , 0.091996 , 0.087408 , 0.075306 , 0.122403 , 0.076682 , 0.08899 , 0.094119 , 0.085384 
 542 , 0.113374 , 0.093616 , 0.093033 , 0.088417 , 0.07614 , 0.123438 , 0.077448 , 0.089913 , 0.095059 , 0.086277 
 543 , 0.114597 , 0.094628 , 0.094069 , 0.089432 , 0.076978 , 0.12447 , 0.078211 , 0.09084 , 0.096003 , 0.087174 
 544 , 0.115725 , 0.095597 , 0.095048 , 0.090343 , 0.077723 , 0.125481 , 0.078969 , 0.09169 , 0.096971 , 0.088095 
 545 , 0.116788 , 0.096542 , 0.096005 , 0.091202 , 0.078432 , 0.126482 , 0.079711 , 0.092487 , 0.097957 , 0.089031 
 546 , 0.117842 , 0.097485 , 0.096958 , 0.092064 , 0.079138 , 0.127487 , 0.080464 , 0.093288 , 0.098941 , 0.089966 
 547 , 0.118856 , 0.09834 , 0.097818 , 0.092879 , 0.07978 , 0.128418 , 0.081154 , 0.094067 , 0.099816 , 0.090791 
 548 , 0.11977 , 0.098943 , 0.098453 , 0.09357 , 0.08026 , 0.129156 , 0.081715 , 0.094777 , 0.100411 , 0.09135 
 549 , 0.120676 , 0.099537 , 0.099087 , 0.094262 , 0.080746 , 0.129892 , 0.082276 , 0.095494 , 0.101005 , 0.091914 
 550 , 0.121586 , 0.100141 , 0.099724 , 0.094948 , 0.081233 , 0.130629 , 0.082839 , 0.096206 , 0.101601 , 0.092474 
 551 , 0.12209 , 0.100437 , 0.10011 , 0.095301 , 0.08144 , 0.131101 , 0.083098 , 0.096569 , 0.101991 , 0.092757 
 552 , 0.122555 , 0.100712 , 0.100475 , 0.095637 , 0.08162 , 0.131561 , 0.08333 , 0.096908 , 0.102374 , 0.093005 
 553 , 0.123021 , 0.100995 , 0.100848 , 0.095967 , 0.0818 , 0.132021 , 0.083569 , 0.097247 , 0.10275 , 0.093261 
 554 , 0.123121 , 0.100999 , 0.100894 , 0.096014 , 0.081733 , 0.132215 , 0.08363 , 0.097344 , 0.10291 , 0.093305 
 555 , 0.122965 , 0.100805 , 0.100715 , 0.095859 , 0.081487 , 0.132229 , 0.083565 , 0.097272 , 0.102898 , 0.093207 
 556 , 0.122802 , 0.100612 , 0.100535 , 0.095703 , 0.081234 , 0.132236 , 0.0835 , 0.0972 , 0.102885 , 0.093116 
 557 , 0.122581 , 0.100348 , 0.100285 , 0.095483 , 0.080924 , 0.132198 , 0.08337 , 0.097083 , 0.102801 , 0.092939 
 558 , 0.122154 , 0.099844 , 0.099816 , 0.095065 , 0.080443 , 0.132018 , 0.083017 , 0.096802 , 0.102481 , 0.092498 
 559 , 0.121725 , 0.099348 , 0.099348 , 0.094642 , 0.079959 , 0.131833 , 0.082674 , 0.096522 , 0.102161 , 0.092059 
 560 , 0.121296 , 0.098847 , 0.098882 , 0.094227 , 0.07947 , 0.131648 , 0.082325 , 0.096235 , 0.101835 , 0.091621 
 561 , 0.120681 , 0.098206 , 0.09824 , 0.093521 , 0.078752 , 0.131403 , 0.081884 , 0.095815 , 0.101456 , 0.091136 
 562 , 0.120036 , 0.097537 , 0.097564 , 0.092776 , 0.078002 , 0.131148 , 0.081422 , 0.095381 , 0.101068 , 0.090647 
 563 , 0.119386 , 0.096863 , 0.096898 , 0.092034 , 0.077241 , 0.130885 , 0.080962 , 0.094941 , 0.100673 , 0.090159 
 564 , 0.118608 , 0.096005 , 0.096066 , 0.091239 , 0.076394 , 0.130549 , 0.080439 , 0.094432 , 0.100172 , 0.089523 
 565 , 0.117723 , 0.094982 , 0.095105 , 0.090405 , 0.075458 , 0.130156 , 0.079871 , 0.093848 , 0.099573 , 0.088766 
 566 , 0.116835 , 0.093958 , 0.094149 , 0.089575 , 0.074521 , 0.129761 , 0.079306 , 0.093272 , 0.098974 , 0.088012 
 567 , 0.115926 , 0.092937 , 0.093194 , 0.088711 , 0.073579 , 0.129361 , 0.078704 , 0.092653 , 0.098353 , 0.087237 
 568 , 0.11491 , 0.091889 , 0.092238 , 0.087711 , 0.072603 , 0.128916 , 0.07795 , 0.091862 , 0.097639 , 0.086381 
 569 , 0.113891 , 0.09084 , 0.091281 , 0.086717 , 0.071626 , 0.128468 , 0.077197 , 0.091074 , 0.096925 , 0.085523 
 570 , 0.112874 , 0.08979 , 0.09032 , 0.085716 , 0.070649 , 0.12802 , 0.07644 , 0.090287 , 0.096211 , 0.084669 
 571 , 0.111793 , 0.088734 , 0.089247 , 0.084668 , 0.069656 , 0.127522 , 0.075662 , 0.089524 , 0.095504 , 0.0838 
 572 , 0.110699 , 0.087671 , 0.088154 , 0.083617 , 0.068665 , 0.127002 , 0.074881 , 0.088768 , 0.094801 , 0.082931 
 573 , 0.109608 , 0.086607 , 0.087054 , 0.082564 , 0.067675 , 0.126486 , 0.074102 , 0.088013 , 0.094097 , 0.082058 
 574 , 0.108548 , 0.085561 , 0.086011 , 0.081543 , 0.066709 , 0.125992 , 0.073377 , 0.087297 , 0.093354 , 0.081189 
 575 , 0.107535 , 0.084532 , 0.08503 , 0.080557 , 0.065767 , 0.125548 , 0.072715 , 0.086619 , 0.092579 , 0.080321 
 576 , 0.106518 , 0.083502 , 0.08404 , 0.079577 , 0.06483 , 0.125101 , 0.072055 , 0.08594 , 0.091803 , 0.079456 
 577 , 0.105508 , 0.082494 , 0.083078 , 0.078605 , 0.063897 , 0.124627 , 0.071392 , 0.085252 , 0.091045 , 0.078617 
 578 , 0.104542 , 0.081647 , 0.082227 , 0.077754 , 0.063013 , 0.124049 , 0.070711 , 0.084529 , 0.090393 , 0.077898 
 579 , 0.103577 , 0.080794 , 0.081376 , 0.07691 , 0.06213 , 0.123474 , 0.070028 , 0.083798 , 0.089733 , 0.077183 
 580 , 0.102608 , 0.079944 , 0.080522 , 0.076063 , 0.06124 , 0.122892 , 0.06934 , 0.083068 , 0.089077 , 0.076463 
 581 , 0.101666 , 0.079006 , 0.079624 , 0.075278 , 0.060412 , 0.122229 , 0.0687 , 0.08238 , 0.088346 , 0.075681 
 582 , 0.100725 , 0.078042 , 0.078716 , 0.074492 , 0.059589 , 0.121538 , 0.068066 , 0.081689 , 0.087599 , 0.074887 
 583 , 0.099775 , 0.077067 , 0.077802 , 0.073706 , 0.058757 , 0.120844 , 0.06743 , 0.081 , 0.086849 , 0.07408 
 584 , 0.099009 , 0.076316 , 0.077095 , 0.073047 , 0.058108 , 0.120354 , 0.066918 , 0.0804 , 0.086289 , 0.073485 
 585 , 0.098454 , 0.075804 , 0.076629 , 0.072535 , 0.057662 , 0.120106 , 0.066551 , 0.079911 , 0.085973 , 0.073132 
 586 , 0.097882 , 0.07529 , 0.076153 , 0.072013 , 0.057207 , 0.119848 , 0.06618 , 0.079406 , 0.08565 , 0.072769 
 587 , 0.097309 , 0.07477 , 0.075673 , 0.071493 , 0.05675 , 0.119592 , 0.065817 , 0.078926 , 0.085333 , 0.072407 
 588 , 0.096835 , 0.074368 , 0.075239 , 0.071054 , 0.056352 , 0.119315 , 0.065577 , 0.078666 , 0.085086 , 0.07208 
 589 , 0.096352 , 0.073951 , 0.074798 , 0.07061 , 0.05595 , 0.119032 , 0.065333 , 0.078393 , 0.084826 , 0.071741 
 590 , 0.095856 , 0.073521 , 0.074349 , 0.070153 , 0.05553 , 0.118741 , 0.065082 , 0.078119 , 0.084558 , 0.071396 
 591 , 0.095657 , 0.073258 , 0.074074 , 0.069952 , 0.055276 , 0.118718 , 0.064991 , 0.078042 , 0.08444 , 0.071182 
 592 , 0.095548 , 0.073039 , 0.07384 , 0.069832 , 0.055072 , 0.118786 , 0.064948 , 0.078031 , 0.08438 , 0.071 
 593 , 0.095437 , 0.072817 , 0.073601 , 0.069708 , 0.054862 , 0.118853 , 0.064906 , 0.078017 , 0.084311 , 0.070814 
 594 , 0.095324 , 0.072648 , 0.073451 , 0.069595 , 0.054695 , 0.118935 , 0.064859 , 0.077991 , 0.084292 , 0.070708 
 595 , 0.095204 , 0.072552 , 0.073428 , 0.069501 , 0.054582 , 0.119037 , 0.064806 , 0.077926 , 0.084331 , 0.070723 
 596 , 0.095085 , 0.072451 , 0.073405 , 0.069408 , 0.054469 , 0.11914 , 0.064749 , 0.077862 , 0.084371 , 0.070726 
 597 , 0.094968 , 0.072346 , 0.07338 , 0.06933 , 0.05436 , 0.119251 , 0.0647 , 0.0778 , 0.084407 , 0.070739 
 598 , 0.094917 , 0.072203 , 0.073321 , 0.069362 , 0.054279 , 0.11942 , 0.064704 , 0.077807 , 0.084397 , 0.070732 
 599 , 0.094877 , 0.072053 , 0.073257 , 0.069394 , 0.0542 , 0.119587 , 0.064705 , 0.07782 , 0.084396 , 0.070724 
 600 , 0.094832 , 0.071898 , 0.073193 , 0.069433 , 0.054121 , 0.119758 , 0.064713 , 0.077829 , 0.084396 , 0.070716 
 601 , 0.094717 , 0.071773 , 0.073076 , 0.069371 , 0.054018 , 0.11987 , 0.06467 , 0.077736 , 0.084329 , 0.07065 
 602 , 0.094575 , 0.071656 , 0.07293 , 0.069281 , 0.053913 , 0.119965 , 0.064615 , 0.077602 , 0.084222 , 0.070555 
 603 , 0.094428 , 0.071545 , 0.072791 , 0.069191 , 0.053803 , 0.120062 , 0.064561 , 0.077463 , 0.084115 , 0.070455 
 604 , 0.094255 , 0.071397 , 0.072633 , 0.069051 , 0.053622 , 0.120159 , 0.064481 , 0.077366 , 0.084047 , 0.07036 
 605 , 0.094078 , 0.071214 , 0.072475 , 0.068841 , 0.053342 , 0.120257 , 0.064361 , 0.077348 , 0.08405 , 0.070266 
 606 , 0.0939 , 0.071036 , 0.072317 , 0.068636 , 0.053062 , 0.120356 , 0.064247 , 0.077329 , 0.084058 , 0.070177 
 607 , 0.09372 , 0.070842 , 0.072156 , 0.068421 , 0.052778 , 0.12046 , 0.064122 , 0.077302 , 0.084052 , 0.070079 
 608 , 0.093513 , 0.070499 , 0.071905 , 0.068201 , 0.052553 , 0.120566 , 0.064018 , 0.077138 , 0.083837 , 0.069783 
 609 , 0.093298 , 0.070151 , 0.07165 , 0.067978 , 0.052322 , 0.12067 , 0.06391 , 0.076968 , 0.083621 , 0.069483 
 610 , 0.093071 , 0.069797 , 0.071396 , 0.067755 , 0.052091 , 0.120776 , 0.063798 , 0.0768 , 0.083401 , 0.069177 
 611 , 0.092774 , 0.069503 , 0.071146 , 0.067525 , 0.051825 , 0.120859 , 0.063558 , 0.076562 , 0.08322 , 0.068986 
 612 , 0.092439 , 0.069229 , 0.070886 , 0.067286 , 0.051538 , 0.120925 , 0.063271 , 0.076302 , 0.083058 , 0.068839 
 613 , 0.092105 , 0.068955 , 0.070626 , 0.067046 , 0.051245 , 0.120993 , 0.062978 , 0.076035 , 0.082896 , 0.068693 
 614 , 0.091763 , 0.068653 , 0.070313 , 0.066804 , 0.050944 , 0.12108 , 0.062721 , 0.075817 , 0.082701 , 0.068494 
 615 , 0.091406 , 0.068324 , 0.069912 , 0.066547 , 0.050629 , 0.121189 , 0.062521 , 0.075672 , 0.082433 , 0.068171 
 616 , 0.09105 , 0.067994 , 0.069498 , 0.066288 , 0.050312 , 0.121296 , 0.062326 , 0.07552 , 0.082166 , 0.067847 
 617 , 0.090692 , 0.067663 , 0.069088 , 0.066028 , 0.049994 , 0.121408 , 0.06213 , 0.075374 , 0.081891 , 0.067522 
 618 , 0.090549 , 0.067529 , 0.068926 , 0.065845 , 0.049753 , 0.121668 , 0.062071 , 0.075235 , 0.081808 , 0.067266 
 619 , 0.090396 , 0.067388 , 0.068762 , 0.065664 , 0.049507 , 0.121937 , 0.062014 , 0.075098 , 0.081723 , 0.067014 
 620 , 0.090243 , 0.067246 , 0.068598 , 0.065483 , 0.049262 , 0.122214 , 0.061952 , 0.074961 , 0.081632 , 0.066755 
 621 , 0.090102 , 0.067072 , 0.068474 , 0.065337 , 0.049049 , 0.122487 , 0.061849 , 0.074884 , 0.081644 , 0.06666 
 622 , 0.089977 , 0.066888 , 0.068373 , 0.0652 , 0.048863 , 0.122768 , 0.061726 , 0.074835 , 0.081703 , 0.066648 
 623 , 0.089852 , 0.066704 , 0.068259 , 0.065063 , 0.048671 , 0.123044 , 0.061596 , 0.07478 , 0.08177 , 0.06663 
 624 , 0.089791 , 0.066569 , 0.068164 , 0.065012 , 0.048526 , 0.123357 , 0.061515 , 0.074745 , 0.081795 , 0.0666 
 625 , 0.089858 , 0.066511 , 0.06809 , 0.065106 , 0.048464 , 0.123717 , 0.06154 , 0.07477 , 0.08176 , 0.066536 
 626 , 0.089922 , 0.066461 , 0.068018 , 0.065202 , 0.04841 , 0.124083 , 0.061567 , 0.074792 , 0.081721 , 0.066467 
 627 , 0.089993 , 0.0664 , 0.067947 , 0.065306 , 0.048356 , 0.124452 , 0.061589 , 0.074815 , 0.081683 , 0.0664 
 628 , 0.090039 , 0.06645 , 0.068036 , 0.065311 , 0.04836 , 0.12475 , 0.06161 , 0.074854 , 0.081703 , 0.066487 
 629 , 0.090084 , 0.066508 , 0.068116 , 0.065312 , 0.048359 , 0.125054 , 0.061636 , 0.074888 , 0.081716 , 0.06657 
 630 , 0.090129 , 0.066561 , 0.068202 , 0.065319 , 0.048365 , 0.125353 , 0.061656 , 0.074929 , 0.08173 , 0.066661 
 631 , 0.090138 , 0.066562 , 0.068154 , 0.065307 , 0.048288 , 0.125676 , 0.061699 , 0.075022 , 0.081809 , 0.066581 
 632 , 0.09015 , 0.066525 , 0.068045 , 0.065281 , 0.048174 , 0.126027 , 0.061753 , 0.075151 , 0.081912 , 0.066419 
 633 , 0.090161 , 0.066489 , 0.067936 , 0.06526 , 0.04806 , 0.126373 , 0.061814 , 0.07528 , 0.082022 , 0.066257 
 634 , 0.090158 , 0.066415 , 0.067852 , 0.065223 , 0.047956 , 0.126706 , 0.061828 , 0.075344 , 0.082082 , 0.066133 
 635 , 0.090104 , 0.066267 , 0.067825 , 0.06518 , 0.047869 , 0.127007 , 0.06177 , 0.075249 , 0.082058 , 0.066116 
 636 , 0.09005 , 0.066121 , 0.0678 , 0.06514 , 0.047782 , 0.127311 , 0.061712 , 0.075158 , 0.082031 , 0.066096 
 637 , 0.089994 , 0.065973 , 0.06778 , 0.065092 , 0.047695 , 0.127615 , 0.06166 , 0.075059 , 0.081998 , 0.06608 
 638 , 0.089708 , 0.065737 , 0.067605 , 0.064854 , 0.047444 , 0.127804 , 0.06141 , 0.074783 , 0.081836 , 0.065901 
 639 , 0.089406 , 0.065502 , 0.067429 , 0.064611 , 0.04719 , 0.127977 , 0.061155 , 0.074506 , 0.081678 , 0.065723 
 640 , 0.089109 , 0.065266 , 0.067253 , 0.064367 , 0.046941 , 0.128157 , 0.060904 , 0.074235 , 0.08152 , 0.06555 
 641 , 0.088765 , 0.064929 , 0.066947 , 0.064116 , 0.046664 , 0.128309 , 0.060613 , 0.073978 , 0.081156 , 0.065189 
 642 , 0.088381 , 0.064533 , 0.066561 , 0.063853 , 0.046361 , 0.128456 , 0.060294 , 0.073711 , 0.080652 , 0.064718 
 643 , 0.088003 , 0.064131 , 0.066168 , 0.06359 , 0.046064 , 0.128605 , 0.059974 , 0.073444 , 0.080154 , 0.064245 
 644 , 0.087577 , 0.063775 , 0.065785 , 0.063265 , 0.04576 , 0.128718 , 0.059654 , 0.073134 , 0.079673 , 0.063788 
 645 , 0.087072 , 0.063514 , 0.065439 , 0.062798 , 0.045454 , 0.128768 , 0.059359 , 0.072733 , 0.079267 , 0.063348 
 646 , 0.086563 , 0.063255 , 0.065087 , 0.062333 , 0.045148 , 0.128816 , 0.059066 , 0.072331 , 0.078864 , 0.062903 
 647 , 0.086046 , 0.062996 , 0.064728 , 0.061853 , 0.044836 , 0.128866 , 0.058767 , 0.071928 , 0.078461 , 0.062457 
 648 , 0.085596 , 0.062603 , 0.064385 , 0.061497 , 0.044454 , 0.128969 , 0.058481 , 0.071607 , 0.078168 , 0.062108 
 649 , 0.085149 , 0.062208 , 0.064025 , 0.061146 , 0.044059 , 0.12908 , 0.05819 , 0.07129 , 0.077872 , 0.061764 
 650 , 0.08469 , 0.061807 , 0.063664 , 0.060788 , 0.043664 , 0.129192 , 0.057892 , 0.070965 , 0.07757 , 0.061413 
 651 , 0.084333 , 0.061455 , 0.063366 , 0.060525 , 0.043348 , 0.129348 , 0.057587 , 0.070618 , 0.077217 , 0.061074 
 652 , 0.08402 , 0.061146 , 0.063111 , 0.060325 , 0.043093 , 0.129543 , 0.057274 , 0.070233 , 0.076839 , 0.060738 
 653 , 0.083707 , 0.06083 , 0.062848 , 0.060125 , 0.042831 , 0.129734 , 0.056961 , 0.069849 , 0.076467 , 0.060396 
 654 , 0.083342 , 0.060539 , 0.062557 , 0.059873 , 0.042573 , 0.129887 , 0.05662 , 0.069464 , 0.076093 , 0.060061 
 655 , 0.082885 , 0.060316 , 0.062211 , 0.059507 , 0.042312 , 0.129937 , 0.056222 , 0.069078 , 0.075713 , 0.05974 
 656 , 0.082429 , 0.060099 , 0.061866 , 0.059147 , 0.042046 , 0.129984 , 0.055827 , 0.068688 , 0.075335 , 0.059425 
 657 , 0.081973 , 0.059881 , 0.06152 , 0.05878 , 0.04178 , 0.130031 , 0.055424 , 0.068303 , 0.074957 , 0.05911 
 658 , 0.081549 , 0.059495 , 0.061131 , 0.058486 , 0.041476 , 0.130179 , 0.055136 , 0.067948 , 0.074519 , 0.058577 
 659 , 0.081136 , 0.059106 , 0.060736 , 0.058194 , 0.041176 , 0.130326 , 0.054856 , 0.067585 , 0.074086 , 0.058019 
 660 , 0.080723 , 0.058716 , 0.060346 , 0.057908 , 0.040876 , 0.130474 , 0.05457 , 0.067229 , 0.073653 , 0.057468 
 661 , 0.080339 , 0.058433 , 0.060025 , 0.057612 , 0.040564 , 0.130621 , 0.05426 , 0.066818 , 0.073294 , 0.057068 
 662 , 0.07997 , 0.058214 , 0.059754 , 0.057308 , 0.04025 , 0.130794 , 0.053937 , 0.066374 , 0.072988 , 0.056765 
 663 , 0.079607 , 0.057995 , 0.059484 , 0.057011 , 0.039936 , 0.130961 , 0.053613 , 0.06593 , 0.072681 , 0.056467 
 664 , 0.07924 , 0.057746 , 0.059223 , 0.056722 , 0.039652 , 0.13113 , 0.053308 , 0.065507 , 0.072347 , 0.056159 
 665 , 0.078844 , 0.057439 , 0.059002 , 0.056466 , 0.039419 , 0.131309 , 0.05303 , 0.065123 , 0.07197 , 0.055824 
 666 , 0.078448 , 0.057141 , 0.058782 , 0.056207 , 0.039195 , 0.131482 , 0.052748 , 0.064738 , 0.07159 , 0.055493 
 667 , 0.078051 , 0.056836 , 0.058563 , 0.055953 , 0.038964 , 0.131654 , 0.052473 , 0.064353 , 0.071215 , 0.055161 
 668 , 0.07795 , 0.056717 , 0.058511 , 0.055884 , 0.038929 , 0.131871 , 0.052283 , 0.06416 , 0.070954 , 0.054955 
 669 , 0.07786 , 0.056605 , 0.058473 , 0.055817 , 0.038897 , 0.132102 , 0.052093 , 0.063974 , 0.070686 , 0.054743 
 670 , 0.077776 , 0.056492 , 0.058428 , 0.055756 , 0.038872 , 0.132326 , 0.051897 , 0.06378 , 0.070423 , 0.054537 
 671 , 0.077711 , 0.056488 , 0.058447 , 0.055737 , 0.038856 , 0.132533 , 0.051792 , 0.063658 , 0.070338 , 0.054496 
 672 , 0.077659 , 0.056558 , 0.058494 , 0.055759 , 0.038846 , 0.132718 , 0.051742 , 0.063565 , 0.070383 , 0.054555 
 673 , 0.077599 , 0.056628 , 0.058542 , 0.055782 , 0.038842 , 0.132909 , 0.051691 , 0.063472 , 0.070427 , 0.054615 
 674 , 0.077626 , 0.056738 , 0.058624 , 0.055864 , 0.038885 , 0.133188 , 0.051731 , 0.063479 , 0.070517 , 0.054694 
 675 , 0.077879 , 0.05694 , 0.058785 , 0.056077 , 0.039039 , 0.133693 , 0.051972 , 0.063707 , 0.070698 , 0.054805 
 676 , 0.078129 , 0.057142 , 0.058945 , 0.05629 , 0.039193 , 0.134194 , 0.052207 , 0.063933 , 0.070876 , 0.054916 
 677 , 0.078387 , 0.057344 , 0.059106 , 0.056503 , 0.039349 , 0.134704 , 0.052443 , 0.06416 , 0.071055 , 0.055026 
 678 , 0.078965 , 0.057863 , 0.059606 , 0.056978 , 0.039775 , 0.135224 , 0.052865 , 0.064524 , 0.071638 , 0.055593 
 679 , 0.079565 , 0.058406 , 0.060134 , 0.057478 , 0.040209 , 0.135755 , 0.053308 , 0.064905 , 0.072271 , 0.056197 
 680 , 0.080176 , 0.058953 , 0.060666 , 0.057996 , 0.04066 , 0.136292 , 0.053754 , 0.065296 , 0.072916 , 0.056818 
 681 , 0.081144 , 0.059662 , 0.061444 , 0.058768 , 0.041328 , 0.136918 , 0.054497 , 0.066112 , 0.073853 , 0.057712 
 682 , 0.08234 , 0.060479 , 0.062401 , 0.05971 , 0.042158 , 0.137607 , 0.055442 , 0.067215 , 0.074977 , 0.058786 
 683 , 0.08356 , 0.061316 , 0.063372 , 0.060667 , 0.043001 , 0.138312 , 0.056408 , 0.068348 , 0.07613 , 0.05989 
 684 , 0.085096 , 0.062434 , 0.06461 , 0.061899 , 0.044083 , 0.139147 , 0.05763 , 0.069767 , 0.077553 , 0.061221 
 685 , 0.087389 , 0.064197 , 0.066472 , 0.063797 , 0.045731 , 0.140296 , 0.059479 , 0.071862 , 0.079629 , 0.063097 
 686 , 0.089733 , 0.065998 , 0.068366 , 0.065726 , 0.047407 , 0.141466 , 0.061352 , 0.073991 , 0.081746 , 0.065005 
 687 , 0.092116 , 0.06783 , 0.070297 , 0.067693 , 0.049119 , 0.14266 , 0.063263 , 0.076159 , 0.083896 , 0.066957 
 688 , 0.095489 , 0.070691 , 0.073206 , 0.070582 , 0.051561 , 0.14442 , 0.065995 , 0.079254 , 0.087164 , 0.070073 
 689 , 0.098905 , 0.073597 , 0.076176 , 0.073516 , 0.054045 , 0.146208 , 0.068767 , 0.082401 , 0.090496 , 0.07325 
 690 , 0.102329 , 0.076517 , 0.079153 , 0.076462 , 0.056528 , 0.148007 , 0.071545 , 0.085554 , 0.093836 , 0.076442 
 691 , 0.106698 , 0.080131 , 0.082929 , 0.080348 , 0.059716 , 0.150272 , 0.075017 , 0.089381 , 0.097849 , 0.080362 
 692 , 0.111618 , 0.084136 , 0.087148 , 0.08478 , 0.063309 , 0.152804 , 0.078885 , 0.093593 , 0.102229 , 0.084686 
 693 , 0.116488 , 0.088093 , 0.091319 , 0.08917 , 0.066861 , 0.155313 , 0.082712 , 0.097763 , 0.10656 , 0.088954 
 694 , 0.121675 , 0.092354 , 0.095825 , 0.09389 , 0.07072 , 0.157952 , 0.086751 , 0.102145 , 0.111179 , 0.093518 
 695 , 0.127676 , 0.097409 , 0.101204 , 0.099489 , 0.075366 , 0.160947 , 0.09134 , 0.107077 , 0.116576 , 0.098854 
 696 , 0.133605 , 0.102413 , 0.106523 , 0.105014 , 0.079959 , 0.163914 , 0.095872 , 0.111953 , 0.12191 , 0.104124 
 697 , 0.13945 , 0.107357 , 0.111774 , 0.110463 , 0.084488 , 0.166838 , 0.100346 , 0.116762 , 0.127182 , 0.109334 
 698 , 0.146308 , 0.11323 , 0.118023 , 0.117037 , 0.089844 , 0.170137 , 0.105643 , 0.122406 , 0.133224 , 0.115375 
 699 , 0.15309 , 0.119048 , 0.124216 , 0.123555 , 0.095162 , 0.173383 , 0.110888 , 0.127989 , 0.139181 , 0.121345 
 700 , 0.159778 , 0.124784 , 0.130326 , 0.129987 , 0.100416 , 0.176589 , 0.116069 , 0.133493 , 0.145055 , 0.127226 
 701 , 0.166902 , 0.131025 , 0.136902 , 0.136935 , 0.106107 , 0.180047 , 0.121564 , 0.139281 , 0.151193 , 0.133556 
 702 , 0.174272 , 0.137543 , 0.143716 , 0.144132 , 0.112013 , 0.183624 , 0.127235 , 0.1452 , 0.157441 , 0.140122 
 703 , 0.181533 , 0.143966 , 0.150446 , 0.151227 , 0.117835 , 0.187146 , 0.132824 , 0.151036 , 0.163603 , 0.146592 
 704 , 0.188846 , 0.150439 , 0.15726 , 0.158397 , 0.123672 , 0.190671 , 0.138386 , 0.156821 , 0.169783 , 0.1531 
 705 , 0.196398 , 0.157137 , 0.164437 , 0.165922 , 0.12963 , 0.194314 , 0.144008 , 0.162601 , 0.176191 , 0.159833 
 706 , 0.203867 , 0.163748 , 0.171537 , 0.173384 , 0.135533 , 0.197924 , 0.149563 , 0.168329 , 0.18254 , 0.166508 
 707 , 0.21125 , 0.170295 , 0.178575 , 0.180774 , 0.141373 , 0.201506 , 0.15507 , 0.174003 , 0.188828 , 0.173113 
 708 , 0.218622 , 0.176848 , 0.185648 , 0.188341 , 0.147404 , 0.205002 , 0.160573 , 0.179637 , 0.194804 , 0.179592 
 709 , 0.226024 , 0.18346 , 0.192742 , 0.195909 , 0.15348 , 0.208492 , 0.166108 , 0.185307 , 0.200768 , 0.186089 
 710 , 0.233451 , 0.190096 , 0.199867 , 0.203502 , 0.159579 , 0.21199 , 0.171659 , 0.190995 , 0.206748 , 0.192609 
 711 , 0.240765 , 0.196796 , 0.207054 , 0.210999 , 0.165778 , 0.215314 , 0.177071 , 0.196451 , 0.212665 , 0.199074 
 712 , 0.248144 , 0.203657 , 0.214388 , 0.218639 , 0.172137 , 0.218645 , 0.182506 , 0.201878 , 0.218721 , 0.205626 
 713 , 0.2557 , 0.210681 , 0.221898 , 0.226463 , 0.178655 , 0.22205 , 0.188076 , 0.207431 , 0.224927 , 0.212331 
 714 , 0.263363 , 0.217867 , 0.229543 , 0.234475 , 0.18527 , 0.2255 , 0.193715 , 0.213043 , 0.231193 , 0.219158 
 715 , 0.271054 , 0.225202 , 0.237293 , 0.242648 , 0.191936 , 0.228949 , 0.199337 , 0.218635 , 0.237387 , 0.226106 
 716 , 0.278979 , 0.232741 , 0.245266 , 0.251045 , 0.198803 , 0.232503 , 0.205132 , 0.224399 , 0.243753 , 0.233279 
 717 , 0.287153 , 0.240521 , 0.253489 , 0.259711 , 0.205898 , 0.236168 , 0.211111 , 0.23035 , 0.250325 , 0.24069 
 718 , 0.295247 , 0.248196 , 0.261787 , 0.268478 , 0.212869 , 0.239749 , 0.216944 , 0.236027 , 0.256612 , 0.24785 
 719 , 0.303539 , 0.256036 , 0.270312 , 0.277465 , 0.220003 , 0.243412 , 0.222901 , 0.241796 , 0.263103 , 0.255147 
 720 , 0.31201 , 0.264042 , 0.279022 , 0.286642 , 0.22729 , 0.247142 , 0.228982 , 0.247689 , 0.269736 , 0.262602 
 721 , 0.32014 , 0.271786 , 0.287426 , 0.295423 , 0.234246 , 0.250686 , 0.234661 , 0.253242 , 0.276092 , 0.269803 
 722 , 0.328025 , 0.279427 , 0.295608 , 0.303997 , 0.240978 , 0.254091 , 0.24012 , 0.258662 , 0.282197 , 0.27684 
 723 , 0.335944 , 0.287105 , 0.30383 , 0.312615 , 0.247732 , 0.257507 , 0.245606 , 0.264111 , 0.288321 , 0.283916 
 724 , 0.343707 , 0.294654 , 0.311896 , 0.321141 , 0.254342 , 0.26087 , 0.250979 , 0.269461 , 0.294236 , 0.290806 
 725 , 0.351051 , 0.301798 , 0.319563 , 0.329323 , 0.260561 , 0.264059 , 0.25603 , 0.274459 , 0.299668 , 0.297165 
 726 , 0.358339 , 0.308867 , 0.327172 , 0.337429 , 0.266733 , 0.267221 , 0.261041 , 0.279389 , 0.305074 , 0.303428 
 727 , 0.365566 , 0.315876 , 0.334728 , 0.345467 , 0.272858 , 0.270357 , 0.266011 , 0.284278 , 0.310434 , 0.309638 
 728 , 0.37221 , 0.322533 , 0.341609 , 0.352797 , 0.278336 , 0.27324 , 0.270443 , 0.288661 , 0.31539 , 0.31548 
 729 , 0.378729 , 0.329048 , 0.348307 , 0.359927 , 0.283733 , 0.276077 , 0.274768 , 0.292921 , 0.320137 , 0.321194 
 730 , 0.385114 , 0.335435 , 0.354877 , 0.366916 , 0.289031 , 0.278854 , 0.27901 , 0.297099 , 0.324783 , 0.32679 
 731 , 0.390834 , 0.341185 , 0.360857 , 0.373305 , 0.293693 , 0.281365 , 0.282794 , 0.300857 , 0.328881 , 0.331872 
 732 , 0.396212 , 0.34661 , 0.366529 , 0.379449 , 0.297981 , 0.283732 , 0.286329 , 0.304414 , 0.332811 , 0.336647 
 733 , 0.401471 , 0.351916 , 0.372082 , 0.385464 , 0.302175 , 0.286042 , 0.289786 , 0.307893 , 0.33665 , 0.341315 
 734 , 0.406452 , 0.356888 , 0.377317 , 0.391127 , 0.306166 , 0.288247 , 0.293014 , 0.311144 , 0.340218 , 0.345678 
 735 , 0.411026 , 0.361355 , 0.382073 , 0.396214 , 0.309877 , 0.290272 , 0.295912 , 0.314006 , 0.343309 , 0.349554 
 736 , 0.415516 , 0.36575 , 0.386733 , 0.401197 , 0.313522 , 0.292243 , 0.298779 , 0.316802 , 0.34633 , 0.353362 
 737 , 0.419917 , 0.370064 , 0.391307 , 0.406091 , 0.317103 , 0.294175 , 0.301592 , 0.319532 , 0.349294 , 0.357098 
 738 , 0.423714 , 0.373862 , 0.395343 , 0.410334 , 0.320209 , 0.295706 , 0.303977 , 0.321875 , 0.351962 , 0.3603 
 739 , 0.427483 , 0.377653 , 0.399439 , 0.414634 , 0.323307 , 0.29728 , 0.306345 , 0.324276 , 0.354653 , 0.363548 
 740 , 0.431221 , 0.381412 , 0.403506 , 0.418898 , 0.326385 , 0.298847 , 0.308704 , 0.326666 , 0.357329 , 0.36677 
 741 , 0.434471 , 0.384642 , 0.406946 , 0.422639 , 0.329011 , 0.300309 , 0.310793 , 0.328864 , 0.359636 , 0.369526 
 742 , 0.437421 , 0.387611 , 0.410053 , 0.425998 , 0.331445 , 0.301684 , 0.312727 , 0.330929 , 0.361745 , 0.372009 
 743 , 0.440362 , 0.390577 , 0.413157 , 0.429349 , 0.333882 , 0.303059 , 0.31465 , 0.332991 , 0.363851 , 0.37449 
 744 , 0.443089 , 0.393364 , 0.41608 , 0.43244 , 0.336105 , 0.304365 , 0.316426 , 0.334879 , 0.365825 , 0.376789 
 745 , 0.445567 , 0.395827 , 0.418687 , 0.435144 , 0.337949 , 0.305567 , 0.318003 , 0.336497 , 0.367644 , 0.378852 
 746 , 0.448113 , 0.398296 , 0.421297 , 0.437893 , 0.339779 , 0.306786 , 0.319616 , 0.338135 , 0.369495 , 0.380965 
 747 , 0.450653 , 0.400747 , 0.423886 , 0.440626 , 0.341594 , 0.308002 , 0.321218 , 0.339761 , 0.371335 , 0.383059 
 748 , 0.452671 , 0.402611 , 0.425712 , 0.442752 , 0.342782 , 0.308908 , 0.322415 , 0.340981 , 0.372706 , 0.384643 
 749 , 0.454696 , 0.404557 , 0.42757 , 0.444916 , 0.343993 , 0.309776 , 0.323608 , 0.342208 , 0.374072 , 0.386225 
 750 , 0.456763 , 0.406548 , 0.429467 , 0.447133 , 0.345233 , 0.310664 , 0.324828 , 0.343463 , 0.375462 , 0.387844 
 751 , 0.45839 , 0.408034 , 0.431011 , 0.448857 , 0.346304 , 0.311359 , 0.32582 , 0.344514 , 0.37648 , 0.389012 
 752 , 0.459806 , 0.409356 , 0.432522 , 0.450435 , 0.34731 , 0.312099 , 0.326761 , 0.345504 , 0.377452 , 0.3901 
 753 , 0.461309 , 0.410747 , 0.434111 , 0.452086 , 0.348366 , 0.312886 , 0.327744 , 0.346545 , 0.378478 , 0.391248 
 754 , 0.462532 , 0.411903 , 0.43555 , 0.453393 , 0.349569 , 0.313506 , 0.328559 , 0.347361 , 0.379405 , 0.392224 
 755 , 0.463395 , 0.412635 , 0.43673 , 0.454103 , 0.351011 , 0.313817 , 0.32907 , 0.347834 , 0.380151 , 0.39293 
 756 , 0.464379 , 0.413435 , 0.438006 , 0.454865 , 0.352596 , 0.314138 , 0.329621 , 0.348378 , 0.380965 , 0.393696 
 757 , 0.465438 , 0.414287 , 0.439403 , 0.455688 , 0.354337 , 0.314502 , 0.33023 , 0.348967 , 0.381847 , 0.394528 
 758 , 0.466248 , 0.414887 , 0.440696 , 0.456419 , 0.35615 , 0.315023 , 0.330984 , 0.349529 , 0.38263 , 0.395254 
 759 , 0.467136 , 0.415546 , 0.442071 , 0.457264 , 0.358072 , 0.315624 , 0.331812 , 0.350127 , 0.383447 , 0.39606 
 760 , 0.468109 , 0.416267 , 0.443574 , 0.458178 , 0.360167 , 0.31627 , 0.332718 , 0.350781 , 0.384339 , 0.396944 
 761 , 0.469576 , 0.417392 , 0.444888 , 0.459557 , 0.36122 , 0.31715 , 0.333541 , 0.351718 , 0.385315 , 0.39806 
 762 , 0.471083 , 0.41861 , 0.446136 , 0.461157 , 0.362049 , 0.318025 , 0.334371 , 0.352656 , 0.386425 , 0.39919 
 763 , 0.472592 , 0.419825 , 0.447386 , 0.462756 , 0.36288 , 0.318905 , 0.335198 , 0.353591 , 0.387532 , 0.40031 
 764 , 0.474073 , 0.421092 , 0.448349 , 0.464331 , 0.36305 , 0.319805 , 0.336046 , 0.354646 , 0.388692 , 0.401387 
 765 , 0.475512 , 0.422406 , 0.449047 , 0.465778 , 0.362392 , 0.320784 , 0.336856 , 0.355865 , 0.389716 , 0.402274 
 766 , 0.476883 , 0.423659 , 0.449749 , 0.467117 , 0.361775 , 0.321727 , 0.337604 , 0.35703 , 0.390615 , 0.403081 
 767 , 0.478154 , 0.424805 , 0.450406 , 0.468371 , 0.361261 , 0.322618 , 0.338303 , 0.358117 , 0.391432 , 0.403829 
 768 , 0.47918 , 0.42565 , 0.450981 , 0.469506 , 0.36131 , 0.323444 , 0.338904 , 0.358957 , 0.391996 , 0.404481 
 769 , 0.480129 , 0.426466 , 0.451498 , 0.470594 , 0.361386 , 0.324243 , 0.339442 , 0.359682 , 0.392603 , 0.405101 
 770 , 0.481034 , 0.427248 , 0.451998 , 0.471627 , 0.361463 , 0.325007 , 0.339955 , 0.360381 , 0.393187 , 0.405689 
 771 , 0.481688 , 0.427867 , 0.452486 , 0.472302 , 0.361766 , 0.325627 , 0.340332 , 0.36087 , 0.393766 , 0.406246 
 772 , 0.482312 , 0.42834 , 0.452874 , 0.472865 , 0.362013 , 0.326114 , 0.340678 , 0.36129 , 0.394224 , 0.406862 
 773 , 0.482927 , 0.428806 , 0.45326 , 0.473413 , 0.362263 , 0.326593 , 0.341015 , 0.361706 , 0.39467 , 0.407467 
 774 , 0.483559 , 0.429207 , 0.453687 , 0.473982 , 0.362566 , 0.327069 , 0.341359 , 0.362136 , 0.395059 , 0.407967 
 775 , 0.484177 , 0.429645 , 0.454223 , 0.474511 , 0.362925 , 0.327561 , 0.341746 , 0.362683 , 0.39546 , 0.408309 
 776 , 0.484773 , 0.430123 , 0.454777 , 0.475021 , 0.363273 , 0.32806 , 0.342136 , 0.363266 , 0.395894 , 0.408644 
 777 , 0.485373 , 0.430615 , 0.455339 , 0.475535 , 0.363631 , 0.32855 , 0.342547 , 0.363842 , 0.39633 , 0.408998 
 778 , 0.486012 , 0.431147 , 0.455944 , 0.476139 , 0.364102 , 0.329036 , 0.343034 , 0.36436 , 0.396815 , 0.409464 
 779 , 0.486659 , 0.431611 , 0.456515 , 0.476856 , 0.364613 , 0.329528 , 0.343524 , 0.364845 , 0.397314 , 0.409971 
 780 , 0.487316 , 0.432082 , 0.457095 , 0.477583 , 0.365132 , 0.330028 , 0.34402 , 0.365338 , 0.397821 , 0.410493 
 781 , 0.48794 , 0.43252 , 0.457532 , 0.478195 , 0.365522 , 0.330465 , 0.344433 , 0.365802 , 0.398401 , 0.410944 
 782 , 0.488673 , 0.433073 , 0.45809 , 0.478694 , 0.365928 , 0.330999 , 0.344891 , 0.366328 , 0.399037 , 0.411369 
 783 , 0.489418 , 0.433638 , 0.45866 , 0.479206 , 0.366338 , 0.331538 , 0.345359 , 0.366859 , 0.399692 , 0.411799 
 784 , 0.490204 , 0.43421 , 0.45922 , 0.479724 , 0.366789 , 0.332136 , 0.34585 , 0.36743 , 0.400292 , 0.412209 
 785 , 0.491 , 0.434682 , 0.45969 , 0.480309 , 0.367225 , 0.33269 , 0.346325 , 0.368001 , 0.400816 , 0.412692 
 786 , 0.491804 , 0.435136 , 0.46014 , 0.480921 , 0.367652 , 0.33323 , 0.346803 , 0.368569 , 0.40135 , 0.413223 
 787 , 0.492584 , 0.435593 , 0.460634 , 0.481544 , 0.368044 , 0.333757 , 0.347241 , 0.369102 , 0.401882 , 0.413773 
 788 , 0.493133 , 0.436039 , 0.461237 , 0.482081 , 0.368302 , 0.334169 , 0.347518 , 0.369468 , 0.402402 , 0.414311 
 789 , 0.493637 , 0.436537 , 0.461796 , 0.482552 , 0.368567 , 0.334582 , 0.347805 , 0.369854 , 0.402927 , 0.414776 
 790 , 0.494154 , 0.437041 , 0.462375 , 0.483036 , 0.368837 , 0.335006 , 0.348096 , 0.370245 , 0.403465 , 0.415261 
 791 , 0.494767 , 0.437447 , 0.462836 , 0.48352 , 0.369195 , 0.335387 , 0.348612 , 0.370777 , 0.403974 , 0.415556 
 792 , 0.495415 , 0.437795 , 0.463332 , 0.484081 , 0.36958 , 0.33582 , 0.349139 , 0.371283 , 0.404459 , 0.415792 
 793 , 0.496084 , 0.438157 , 0.463842 , 0.484664 , 0.369976 , 0.336258 , 0.349685 , 0.371801 , 0.404949 , 0.416034 
 794 , 0.496802 , 0.438578 , 0.464388 , 0.4853 , 0.37034 , 0.336778 , 0.350147 , 0.372327 , 0.405492 , 0.416364 
 795 , 0.497609 , 0.439161 , 0.464986 , 0.485922 , 0.370644 , 0.337336 , 0.350582 , 0.372841 , 0.406048 , 0.416794 
 796 , 0.498445 , 0.439775 , 0.465597 , 0.486543 , 0.370944 , 0.337894 , 0.35104 , 0.373358 , 0.406604 , 0.417255 
 797 , 0.499229 , 0.440383 , 0.466167 , 0.487111 , 0.371222 , 0.33845 , 0.35147 , 0.373861 , 0.407166 , 0.417702 
 798 , 0.49987 , 0.440881 , 0.466566 , 0.487566 , 0.371516 , 0.338988 , 0.351811 , 0.374301 , 0.407746 , 0.418141 
 799 , 0.500576 , 0.441325 , 0.466966 , 0.488123 , 0.371904 , 0.339583 , 0.352185 , 0.374807 , 0.408417 , 0.418621 
 800 , 0.501296 , 0.44178 , 0.467378 , 0.488687 , 0.372306 , 0.340186 , 0.352566 , 0.375329 , 0.409106 , 0.419111 
 801 , 0.502018 , 0.442227 , 0.467854 , 0.48937 , 0.372624 , 0.340794 , 0.353015 , 0.375955 , 0.40961 , 0.419557 
 802 , 0.5027 , 0.442769 , 0.468245 , 0.489918 , 0.372797 , 0.341362 , 0.353416 , 0.3766 , 0.410014 , 0.419939 
 803 , 0.503392 , 0.443324 , 0.468642 , 0.490481 , 0.372978 , 0.341944 , 0.353832 , 0.377254 , 0.410436 , 0.420332 
 804 , 0.504058 , 0.443825 , 0.468973 , 0.490904 , 0.373203 , 0.342336 , 0.354132 , 0.37775 , 0.410832 , 0.420701 
 805 , 0.504687 , 0.4442 , 0.469391 , 0.491389 , 0.373436 , 0.342621 , 0.354377 , 0.378082 , 0.41132 , 0.421087 
 806 , 0.505329 , 0.444564 , 0.469849 , 0.491931 , 0.373673 , 0.342921 , 0.354628 , 0.378408 , 0.411831 , 0.421495 
 807 , 0.505926 , 0.444852 , 0.470308 , 0.492469 , 0.373942 , 0.343221 , 0.354937 , 0.378763 , 0.412334 , 0.421844 
 808 , 0.506364 , 0.444998 , 0.470769 , 0.492889 , 0.374304 , 0.343569 , 0.355362 , 0.379206 , 0.412755 , 0.422013 
 809 , 0.506803 , 0.445262 , 0.471292 , 0.493245 , 0.374703 , 0.344028 , 0.355813 , 0.37972 , 0.413178 , 0.422196 
 810 , 0.507268 , 0.445541 , 0.471844 , 0.493618 , 0.375135 , 0.344499 , 0.356286 , 0.380261 , 0.413626 , 0.422381 
 811 , 0.507802 , 0.446067 , 0.472457 , 0.493746 , 0.375814 , 0.345165 , 0.35665 , 0.380638 , 0.414119 , 0.42268 
 812 , 0.508443 , 0.446514 , 0.472851 , 0.494055 , 0.376537 , 0.345725 , 0.357128 , 0.381068 , 0.414688 , 0.423141 
 813 , 0.509121 , 0.446984 , 0.473281 , 0.494381 , 0.377312 , 0.346322 , 0.35763 , 0.381528 , 0.415295 , 0.423634 
 814 , 0.509641 , 0.447398 , 0.473522 , 0.4948 , 0.377789 , 0.346806 , 0.358003 , 0.381923 , 0.415904 , 0.424174 
 815 , 0.510093 , 0.447794 , 0.473878 , 0.495121 , 0.378106 , 0.34728 , 0.358237 , 0.382171 , 0.416513 , 0.424657 
 816 , 0.510571 , 0.448212 , 0.474293 , 0.495423 , 0.378436 , 0.347788 , 0.358457 , 0.382416 , 0.41715 , 0.425146 
 817 , 0.511166 , 0.448626 , 0.474775 , 0.495831 , 0.378764 , 0.348322 , 0.358822 , 0.382785 , 0.417741 , 0.425619 
 818 , 0.512025 , 0.449025 , 0.475254 , 0.496539 , 0.379052 , 0.34882 , 0.35947 , 0.383426 , 0.418145 , 0.425981 
 819 , 0.512936 , 0.449447 , 0.475661 , 0.497353 , 0.379349 , 0.34929 , 0.360157 , 0.384093 , 0.418495 , 0.42629 
 820 , 0.513854 , 0.449879 , 0.476069 , 0.49819 , 0.379647 , 0.349759 , 0.360859 , 0.384771 , 0.418851 , 0.426619 
 821 , 0.514715 , 0.450454 , 0.476457 , 0.498945 , 0.379861 , 0.350206 , 0.361225 , 0.385334 , 0.419355 , 0.427208 
 822 , 0.515451 , 0.450906 , 0.477003 , 0.499585 , 0.380082 , 0.350748 , 0.361502 , 0.385924 , 0.419868 , 0.427773 
 823 , 0.5162 , 0.45137 , 0.477555 , 0.500231 , 0.380299 , 0.351288 , 0.361783 , 0.386526 , 0.420386 , 0.428349 
 824 , 0.516823 , 0.451811 , 0.478005 , 0.50092 , 0.380527 , 0.351921 , 0.362148 , 0.387115 , 0.420945 , 0.42876 
 825 , 0.517423 , 0.452406 , 0.478364 , 0.501641 , 0.380733 , 0.352504 , 0.362616 , 0.387625 , 0.421453 , 0.429179 
 826 , 0.518028 , 0.453019 , 0.478718 , 0.502357 , 0.380941 , 0.353076 , 0.363089 , 0.388125 , 0.421958 , 0.429603 
 827 , 0.518604 , 0.453617 , 0.479101 , 0.50302 , 0.381174 , 0.353644 , 0.363508 , 0.388602 , 0.422363 , 0.430137 
 828 , 0.519218 , 0.454221 , 0.47949 , 0.503607 , 0.381476 , 0.354254 , 0.363861 , 0.38908 , 0.422681 , 0.430782 
 829 , 0.519889 , 0.454832 , 0.479836 , 0.504199 , 0.381796 , 0.354887 , 0.364236 , 0.389587 , 0.423039 , 0.431386 
 830 , 0.520541 , 0.45543 , 0.480185 , 0.504774 , 0.382095 , 0.355513 , 0.364609 , 0.390087 , 0.423411 , 0.431966 
 831 , 0.520986 , 0.455878 , 0.48053 , 0.505174 , 0.382154 , 0.355995 , 0.364857 , 0.390532 , 0.423894 , 0.432286 
 832 , 0.521256 , 0.456078 , 0.480856 , 0.505562 , 0.382149 , 0.356434 , 0.364933 , 0.390915 , 0.424459 , 0.432569 
 833 , 0.521527 , 0.456279 , 0.481183 , 0.50595 , 0.382151 , 0.356858 , 0.365003 , 0.391291 , 0.425025 , 0.43286 
 834 , 0.522026 , 0.456408 , 0.4816 , 0.506625 , 0.38229 , 0.357294 , 0.365282 , 0.391981 , 0.425535 , 0.433228 
 835 , 0.522788 , 0.456926 , 0.482217 , 0.5074 , 0.382631 , 0.357787 , 0.365809 , 0.392765 , 0.425833 , 0.433552 
 836 , 0.523574 , 0.457479 , 0.482847 , 0.508178 , 0.382976 , 0.358286 , 0.366341 , 0.393552 , 0.42611 , 0.43387 
 837 , 0.524353 , 0.458158 , 0.483456 , 0.508826 , 0.383352 , 0.35884 , 0.366802 , 0.394148 , 0.426528 , 0.434244 
 838 , 0.52493 , 0.458796 , 0.483991 , 0.50928 , 0.383744 , 0.359407 , 0.36707 , 0.394502 , 0.427085 , 0.434798 
 839 , 0.525361 , 0.459322 , 0.484487 , 0.509725 , 0.384127 , 0.359927 , 0.367258 , 0.394846 , 0.427625 , 0.43541 
 840 , 0.525734 , 0.45982 , 0.484964 , 0.510152 , 0.384486 , 0.360444 , 0.367442 , 0.39516 , 0.428117 , 0.435994 
 841 , 0.525906 , 0.460193 , 0.485249 , 0.510456 , 0.384635 , 0.360952 , 0.36764 , 0.395354 , 0.428413 , 0.436379 
 842 , 0.526524 , 0.460674 , 0.485534 , 0.510783 , 0.384703 , 0.361517 , 0.36806 , 0.395632 , 0.428903 , 0.436817 
 843 , 0.527153 , 0.461153 , 0.485824 , 0.511114 , 0.384764 , 0.362082 , 0.368495 , 0.395918 , 0.4294 , 0.437261 
 844 , 0.528009 , 0.461612 , 0.486352 , 0.511641 , 0.385125 , 0.362444 , 0.369068 , 0.396335 , 0.429808 , 0.437696 
 845 , 0.528513 , 0.461925 , 0.486786 , 0.512175 , 0.385536 , 0.362789 , 0.369393 , 0.396679 , 0.429998 , 0.437937 
 846 , 0.529017 , 0.462244 , 0.487222 , 0.512719 , 0.385956 , 0.363155 , 0.369707 , 0.397021 , 0.430188 , 0.43816 
 847 , 0.529363 , 0.462467 , 0.487511 , 0.513111 , 0.386208 , 0.363383 , 0.369812 , 0.397271 , 0.430359 , 0.438395 
 848 , 0.529511 , 0.462629 , 0.487826 , 0.513419 , 0.386231 , 0.363526 , 0.369736 , 0.397447 , 0.430546 , 0.438714 
 849 , 0.529618 , 0.462818 , 0.488236 , 0.513769 , 0.386213 , 0.363695 , 0.369673 , 0.397638 , 0.430753 , 0.439077 
 850 , 0.529815 , 0.463029 , 0.488669 , 0.51418 , 0.386252 , 0.363988 , 0.369676 , 0.397887 , 0.430982 , 0.4394 
 851 , 0.530391 , 0.463346 , 0.48909 , 0.514763 , 0.386563 , 0.364724 , 0.369911 , 0.398371 , 0.431267 , 0.439543 
 852 , 0.531106 , 0.463742 , 0.489354 , 0.515309 , 0.387058 , 0.365373 , 0.370158 , 0.398936 , 0.43154 , 0.439657 
 853 , 0.531834 , 0.464145 , 0.48963 , 0.515861 , 0.387567 , 0.366043 , 0.370419 , 0.399507 , 0.431819 , 0.43977 
 854 , 0.53236 , 0.464773 , 0.489903 , 0.516233 , 0.387763 , 0.366463 , 0.370428 , 0.399716 , 0.432234 , 0.440151 
 855 , 0.532817 , 0.465486 , 0.490317 , 0.516556 , 0.387812 , 0.366934 , 0.370672 , 0.399842 , 0.432814 , 0.440776 
 856 , 0.533288 , 0.466211 , 0.490744 , 0.516892 , 0.387873 , 0.367416 , 0.37092 , 0.399964 , 0.433413 , 0.441414 
 857 , 0.533472 , 0.466783 , 0.491019 , 0.517302 , 0.387898 , 0.367778 , 0.371385 , 0.400317 , 0.433793 , 0.441867 
 858 , 0.533564 , 0.467085 , 0.491046 , 0.517851 , 0.387836 , 0.368046 , 0.371829 , 0.400899 , 0.433967 , 0.442092 
 859 , 0.533701 , 0.467315 , 0.491016 , 0.518447 , 0.387733 , 0.36832 , 0.372199 , 0.401516 , 0.434111 , 0.442279 
 860 , 0.533987 , 0.467524 , 0.491094 , 0.519038 , 0.387743 , 0.368649 , 0.372557 , 0.40211 , 0.434271 , 0.442525 
 861 , 0.534596 , 0.467755 , 0.491482 , 0.519595 , 0.388054 , 0.369134 , 0.372938 , 0.402493 , 0.43444 , 0.442913 
 862 , 0.535142 , 0.468068 , 0.491932 , 0.520176 , 0.388402 , 0.369669 , 0.373435 , 0.402704 , 0.43452 , 0.443252 
 863 , 0.535709 , 0.468398 , 0.492386 , 0.520776 , 0.388757 , 0.370211 , 0.373948 , 0.402923 , 0.434616 , 0.4436 
 864 , 0.536285 , 0.468704 , 0.492567 , 0.52114 , 0.388945 , 0.370646 , 0.374076 , 0.403026 , 0.434841 , 0.443878 
 865 , 0.536858 , 0.469016 , 0.49289 , 0.521418 , 0.389108 , 0.371029 , 0.373929 , 0.40335 , 0.435317 , 0.444324 
 866 , 0.537446 , 0.469339 , 0.493224 , 0.521702 , 0.389276 , 0.371424 , 0.373779 , 0.403682 , 0.435802 , 0.444778 
 867 , 0.538024 , 0.469776 , 0.493506 , 0.522105 , 0.389393 , 0.371902 , 0.373736 , 0.40401 , 0.436205 , 0.445136 
 868 , 0.538605 , 0.470347 , 0.493728 , 0.522575 , 0.389623 , 0.372389 , 0.37406 , 0.404426 , 0.436551 , 0.445507 
 869 , 0.539217 , 0.470955 , 0.493948 , 0.523065 , 0.389896 , 0.372858 , 0.374506 , 0.404869 , 0.436893 , 0.445896 
 870 , 0.539747 , 0.471586 , 0.494277 , 0.523495 , 0.390201 , 0.373317 , 0.374942 , 0.405351 , 0.437288 , 0.446322 
 871 , 0.540212 , 0.472183 , 0.494803 , 0.523787 , 0.390451 , 0.373761 , 0.375243 , 0.405821 , 0.437755 , 0.446761 
 872 , 0.540802 , 0.472688 , 0.495333 , 0.524032 , 0.390595 , 0.37427 , 0.37538 , 0.406239 , 0.438232 , 0.447142 
 873 , 0.541414 , 0.473187 , 0.495875 , 0.524281 , 0.390745 , 0.374778 , 0.375536 , 0.406668 , 0.438713 , 0.447521 
 874 , 0.54209 , 0.473297 , 0.496258 , 0.524685 , 0.390932 , 0.374996 , 0.37604 , 0.407166 , 0.43921 , 0.447659 
 875 , 0.542449 , 0.473455 , 0.496713 , 0.525283 , 0.391074 , 0.375292 , 0.376549 , 0.407604 , 0.439534 , 0.447781 
 876 , 0.542811 , 0.473617 , 0.497182 , 0.525899 , 0.391214 , 0.375587 , 0.377066 , 0.408058 , 0.439876 , 0.447904 
 877 , 0.543238 , 0.473874 , 0.497681 , 0.526666 , 0.391465 , 0.376159 , 0.377387 , 0.408444 , 0.440172 , 0.44816 
 878 , 0.543782 , 0.474271 , 0.498079 , 0.527111 , 0.391869 , 0.376627 , 0.377564 , 0.408857 , 0.440611 , 0.448459 
 879 , 0.544356 , 0.474699 , 0.498462 , 0.527473 , 0.392307 , 0.377055 , 0.37773 , 0.409305 , 0.441099 , 0.448752 
 880 , 0.544899 , 0.475105 , 0.498763 , 0.52758 , 0.392611 , 0.377422 , 0.377681 , 0.409603 , 0.44157 , 0.449042 
 881 , 0.545436 , 0.475416 , 0.499033 , 0.527642 , 0.392709 , 0.377809 , 0.377519 , 0.409785 , 0.44205 , 0.449409 
 882 , 0.546033 , 0.475668 , 0.499417 , 0.528027 , 0.392831 , 0.378323 , 0.377527 , 0.410065 , 0.442564 , 0.449898 
 883 , 0.546622 , 0.475938 , 0.499789 , 0.528448 , 0.392972 , 0.378838 , 0.377624 , 0.41037 , 0.443077 , 0.450351 
 884 , 0.54704 , 0.476275 , 0.500031 , 0.528959 , 0.393243 , 0.379293 , 0.378382 , 0.410876 , 0.443456 , 0.45042 
 885 , 0.547675 , 0.476653 , 0.499997 , 0.529155 , 0.393437 , 0.379663 , 0.379152 , 0.411306 , 0.443763 , 0.450329 
 886 , 0.548331 , 0.477036 , 0.499967 , 0.529352 , 0.393642 , 0.380044 , 0.379951 , 0.411751 , 0.444087 , 0.450237 
 887 , 0.549212 , 0.477421 , 0.500088 , 0.529686 , 0.393912 , 0.380276 , 0.380637 , 0.412248 , 0.444627 , 0.450478 
 888 , 0.54973 , 0.477589 , 0.500386 , 0.530063 , 0.394156 , 0.380521 , 0.381008 , 0.412589 , 0.445246 , 0.450837 
 889 , 0.550205 , 0.477741 , 0.50072 , 0.530468 , 0.394407 , 0.380784 , 0.381352 , 0.412914 , 0.445895 , 0.45122 
 890 , 0.550391 , 0.477544 , 0.500929 , 0.530635 , 0.394605 , 0.380932 , 0.381527 , 0.413123 , 0.446401 , 0.451317 
 891 , 0.550389 , 0.477224 , 0.501018 , 0.530492 , 0.394674 , 0.380928 , 0.381559 , 0.413333 , 0.446712 , 0.451017 
 892 , 0.550464 , 0.477067 , 0.501132 , 0.530275 , 0.394701 , 0.380911 , 0.381615 , 0.413641 , 0.446996 , 0.450616 
 893 , 0.550651 , 0.477016 , 0.501283 , 0.530045 , 0.394784 , 0.380985 , 0.381603 , 0.413897 , 0.447203 , 0.450285 
 894 , 0.551306 , 0.477413 , 0.501495 , 0.529821 , 0.395153 , 0.381489 , 0.381465 , 0.413906 , 0.44711 , 0.450414 
 895 , 0.552191 , 0.477781 , 0.501571 , 0.529837 , 0.395871 , 0.38213 , 0.381702 , 0.414065 , 0.447274 , 0.450894 
 896 , 0.553141 , 0.478177 , 0.501646 , 0.529858 , 0.396657 , 0.382818 , 0.38196 , 0.414235 , 0.44744 , 0.451414 
 897 , 0.553726 , 0.478888 , 0.501528 , 0.529892 , 0.396683 , 0.382762 , 0.382353 , 0.414539 , 0.44804 , 0.451638 
 898 , 0.554348 , 0.479518 , 0.501787 , 0.529718 , 0.396319 , 0.382699 , 0.382329 , 0.414532 , 0.448663 , 0.451715 
 899 , 0.555007 , 0.480157 , 0.502106 , 0.529519 , 0.395903 , 0.382631 , 0.382269 , 0.414492 , 0.449319 , 0.451785 
 900 , 0.555539 , 0.480298 , 0.502436 , 0.529666 , 0.395645 , 0.383079 , 0.382524 , 0.414773 , 0.4498 , 0.451727 
 901 , 0.55584 , 0.480156 , 0.502514 , 0.530359 , 0.395476 , 0.383724 , 0.382971 , 0.415278 , 0.449852 , 0.45135 
 902 , 0.55606 , 0.480055 , 0.502419 , 0.531281 , 0.395298 , 0.384277 , 0.383394 , 0.415802 , 0.449709 , 0.4508 
 903 , 0.556427 , 0.480061 , 0.502426 , 0.53223 , 0.395204 , 0.384849 , 0.383676 , 0.416219 , 0.449671 , 0.450578 
 904 , 0.557158 , 0.480305 , 0.502675 , 0.533106 , 0.395327 , 0.385457 , 0.383599 , 0.416314 , 0.449979 , 0.451266 
 905 , 0.557959 , 0.480474 , 0.502844 , 0.53381 , 0.395464 , 0.386102 , 0.383607 , 0.416304 , 0.450482 , 0.452156 
 906 , 0.558799 , 0.480648 , 0.503025 , 0.534545 , 0.395611 , 0.386766 , 0.383625 , 0.416296 , 0.451006 , 0.453076 
 907 , 0.559102 , 0.480869 , 0.502398 , 0.53428 , 0.395326 , 0.386748 , 0.383448 , 0.415806 , 0.451053 , 0.45307 
 908 , 0.558956 , 0.481171 , 0.502758 , 0.533903 , 0.395162 , 0.386929 , 0.383633 , 0.415892 , 0.451295 , 0.453331 
 909 , 0.558791 , 0.481484 , 0.503147 , 0.533505 , 0.394988 , 0.387125 , 0.383833 , 0.415987 , 0.451555 , 0.453601 
 910 , 0.558915 , 0.481778 , 0.503917 , 0.533825 , 0.395098 , 0.387603 , 0.384556 , 0.416617 , 0.451539 , 0.453932 
 911 , 0.559822 , 0.482419 , 0.504059 , 0.534389 , 0.395351 , 0.388361 , 0.385333 , 0.417281 , 0.451316 , 0.454046 
 912 , 0.561068 , 0.48326 , 0.503809 , 0.534935 , 0.395625 , 0.38921 , 0.38604 , 0.41786 , 0.45106 , 0.454045 
 913 , 0.562089 , 0.484161 , 0.503731 , 0.535415 , 0.395827 , 0.390052 , 0.386541 , 0.418402 , 0.45135 , 0.454257 
 914 , 0.562398 , 0.484829 , 0.504195 , 0.535951 , 0.395888 , 0.390772 , 0.386562 , 0.418831 , 0.452512 , 0.454773 
 915 , 0.562198 , 0.484954 , 0.505129 , 0.536812 , 0.395897 , 0.391351 , 0.386388 , 0.419195 , 0.453593 , 0.455207 
 916 , 0.562068 , 0.485047 , 0.506026 , 0.537695 , 0.395937 , 0.391939 , 0.386244 , 0.419578 , 0.454633 , 0.455607 
 917 , 0.562828 , 0.484741 , 0.506414 , 0.538793 , 0.396391 , 0.392465 , 0.38645 , 0.420192 , 0.455144 , 0.455619 
 918 , 0.563769 , 0.484481 , 0.506637 , 0.539475 , 0.396689 , 0.392575 , 0.387153 , 0.420749 , 0.455677 , 0.455701 
 919 , 0.564722 , 0.484215 , 0.506855 , 0.540161 , 0.39699 , 0.392686 , 0.387874 , 0.421317 , 0.456222 , 0.455794 
 920 , 0.565083 , 0.484264 , 0.507007 , 0.540335 , 0.396618 , 0.392811 , 0.388137 , 0.421203 , 0.456643 , 0.456094 
 921 , 0.564795 , 0.484434 , 0.506877 , 0.540006 , 0.39603 , 0.392886 , 0.387896 , 0.421099 , 0.456714 , 0.456295 
 922 , 0.564325 , 0.484625 , 0.506659 , 0.539545 , 0.395417 , 0.392951 , 0.387509 , 0.421071 , 0.456686 , 0.456447 
 923 , 0.563375 , 0.484467 , 0.505901 , 0.538453 , 0.394549 , 0.392449 , 0.387128 , 0.420969 , 0.456089 , 0.455989 
 924 , 0.562356 , 0.484058 , 0.504816 , 0.536963 , 0.393553 , 0.391619 , 0.386875 , 0.420794 , 0.455198 , 0.455045 
 925 , 0.561949 , 0.483822 , 0.504064 , 0.535858 , 0.392705 , 0.391157 , 0.386762 , 0.420592 , 0.454738 , 0.454345 
 926 , 0.561594 , 0.48352 , 0.503439 , 0.534722 , 0.391989 , 0.390645 , 0.38657 , 0.420256 , 0.454236 , 0.453555 
 927 , 0.561643 , 0.482924 , 0.503708 , 0.533819 , 0.39223 , 0.389977 , 0.386 , 0.419287 , 0.453631 , 0.452575 
 928 , 0.561543 , 0.482083 , 0.503424 , 0.532 , 0.392095 , 0.388749 , 0.385349 , 0.417928 , 0.452274 , 0.451466 
 929 , 0.561407 , 0.481061 , 0.503076 , 0.52981 , 0.391941 , 0.387267 , 0.384549 , 0.41628 , 0.45064 , 0.450101 
 930 , 0.560331 , 0.479146 , 0.501915 , 0.527362 , 0.391588 , 0.385704 , 0.382562 , 0.414365 , 0.450182 , 0.449497 
 931 , 0.558509 , 0.476091 , 0.50055 , 0.525619 , 0.391113 , 0.383935 , 0.379756 , 0.411796 , 0.450405 , 0.448391 
 932 , 0.55617 , 0.472234 , 0.49891 , 0.523732 , 0.390524 , 0.381794 , 0.376268 , 0.408588 , 0.450777 , 0.446906 
 933 , 0.554719 , 0.468035 , 0.496912 , 0.522581 , 0.389347 , 0.380431 , 0.373883 , 0.406313 , 0.450203 , 0.445131 
 934 , 0.553434 , 0.464043 , 0.494015 , 0.521305 , 0.38815 , 0.379249 , 0.372831 , 0.405348 , 0.448129 , 0.442851 
 935 , 0.551233 , 0.459983 , 0.490145 , 0.518913 , 0.387311 , 0.377312 , 0.371801 , 0.404615 , 0.445123 , 0.43995 
 936 , 0.549127 , 0.45701 , 0.486484 , 0.516345 , 0.386281 , 0.375497 , 0.370547 , 0.403845 , 0.44223 , 0.437392 
 937 , 0.547998 , 0.458295 , 0.484746 , 0.513959 , 0.384675 , 0.374697 , 0.368857 , 0.403179 , 0.440496 , 0.436581 
 938 , 0.547548 , 0.460731 , 0.484644 , 0.511824 , 0.381587 , 0.374711 , 0.366608 , 0.40224 , 0.438992 , 0.435965 
 939 , 0.547088 , 0.463275 , 0.484533 , 0.509606 , 0.3784 , 0.374734 , 0.364283 , 0.401267 , 0.43743 , 0.435331 
 940 , 0.543659 , 0.464714 , 0.483701 , 0.507835 , 0.375401 , 0.372692 , 0.364746 , 0.400635 , 0.437502 , 0.434587 
 941 , 0.54144 , 0.465129 , 0.483018 , 0.50708 , 0.373257 , 0.371806 , 0.365805 , 0.400165 , 0.437508 , 0.432721 
 942 , 0.539315 , 0.465448 , 0.482339 , 0.50641 , 0.371167 , 0.371011 , 0.366938 , 0.399696 , 0.437502 , 0.430724 
 943 , 0.53886 , 0.464186 , 0.483154 , 0.506822 , 0.370373 , 0.372117 , 0.367646 , 0.399389 , 0.437177 , 0.429642 
 944 , 0.538347 , 0.462364 , 0.483015 , 0.507788 , 0.370245 , 0.373245 , 0.367934 , 0.398051 , 0.436468 , 0.429462 
 945 , 0.537245 , 0.460644 , 0.481739 , 0.508795 , 0.370137 , 0.373773 , 0.368077 , 0.395977 , 0.435591 , 0.429607 
 946 , 0.536112 , 0.459043 , 0.480146 , 0.509423 , 0.369622 , 0.374078 , 0.366755 , 0.393124 , 0.434468 , 0.429258 
 947 , 0.535036 , 0.457548 , 0.478676 , 0.509084 , 0.368334 , 0.373736 , 0.363087 , 0.389764 , 0.433372 , 0.428459 
 948 , 0.534121 , 0.455712 , 0.478708 , 0.507993 , 0.366764 , 0.372817 , 0.359594 , 0.388112 , 0.433173 , 0.428515 
 949 , 0.533228 , 0.453974 , 0.478607 , 0.506856 , 0.365146 , 0.371978 , 0.35647 , 0.386825 , 0.432851 , 0.428459 
 950 , 0.532583 , 0.453459 , 0.477064 , 0.505326 , 0.362991 , 0.371966 , 0.3577 , 0.389858 , 0.431225 , 0.427128 
 951 , 0.530956 , 0.45328 , 0.47482 , 0.502523 , 0.360593 , 0.372918 , 0.358076 , 0.390869 , 0.427916 , 0.424912 
 952 , 0.52935 , 0.453089 , 0.472603 , 0.499762 , 0.358224 , 0.373871 , 0.358427 , 0.391841 , 0.424647 , 0.422721 
 953 , 0.528464 , 0.455206 , 0.472454 , 0.498816 , 0.357594 , 0.374834 , 0.357465 , 0.392374 , 0.423357 , 0.423203 
 954 , 0.529635 , 0.458322 , 0.473678 , 0.500992 , 0.358657 , 0.376575 , 0.357068 , 0.393122 , 0.423833 , 0.42389 
 955 , 0.531592 , 0.461544 , 0.475226 , 0.504268 , 0.360223 , 0.378621 , 0.357063 , 0.393997 , 0.42483 , 0.424334 
 956 , 0.532652 , 0.462663 , 0.475963 , 0.506615 , 0.361501 , 0.380498 , 0.357407 , 0.394131 , 0.426802 , 0.424694 
 957 , 0.532159 , 0.461262 , 0.475422 , 0.507312 , 0.36177 , 0.381821 , 0.357802 , 0.393928 , 0.42925 , 0.425282 
 958 , 0.530605 , 0.459242 , 0.474176 , 0.506839 , 0.360873 , 0.382494 , 0.357696 , 0.394364 , 0.430821 , 0.426393 
 959 , 0.529609 , 0.457482 , 0.473293 , 0.506725 , 0.360376 , 0.383503 , 0.357672 , 0.394962 , 0.431789 , 0.427452 
 960 , 0.530663 , 0.45658 , 0.473851 , 0.507957 , 0.361451 , 0.385971 , 0.358033 , 0.396236 , 0.43052 , 0.428472 
 961 , 0.53174 , 0.456793 , 0.475595 , 0.508145 , 0.363603 , 0.388329 , 0.358874 , 0.397091 , 0.430297 , 0.4294 
 962 , 0.532758 , 0.456996 , 0.477243 , 0.508322 , 0.365637 , 0.390559 , 0.359674 , 0.397892 , 0.430089 , 0.430284 
 963 , 0.534134 , 0.459027 , 0.478356 , 0.507589 , 0.36599 , 0.390916 , 0.360508 , 0.398924 , 0.430838 , 0.430862 
 964 , 0.534904 , 0.460805 , 0.47846 , 0.508198 , 0.365766 , 0.390453 , 0.361095 , 0.399446 , 0.431253 , 0.431358 
 965 , 0.535476 , 0.462382 , 0.478325 , 0.509156 , 0.365446 , 0.389857 , 0.361586 , 0.399811 , 0.431527 , 0.431828 
 966 , 0.535108 , 0.463625 , 0.477756 , 0.510186 , 0.36528 , 0.389457 , 0.36221 , 0.400977 , 0.432219 , 0.431941 
 967 , 0.534787 , 0.464417 , 0.477281 , 0.510888 , 0.365252 , 0.389736 , 0.362673 , 0.403169 , 0.433068 , 0.431675 
 968 , 0.535169 , 0.464933 , 0.477224 , 0.511166 , 0.365279 , 0.390636 , 0.36286 , 0.405882 , 0.433773 , 0.431231 
 969 , 0.535461 , 0.465226 , 0.477722 , 0.511623 , 0.365607 , 0.391786 , 0.362842 , 0.407819 , 0.434505 , 0.431425 
 970 , 0.535407 , 0.465067 , 0.479292 , 0.512594 , 0.366615 , 0.393474 , 0.362493 , 0.407976 , 0.43534 , 0.432993 
 971 , 0.534514 , 0.464913 , 0.479879 , 0.513931 , 0.367556 , 0.394588 , 0.362722 , 0.407385 , 0.436081 , 0.434064 
 972 , 0.533629 , 0.464761 , 0.480444 , 0.515256 , 0.368477 , 0.395691 , 0.362947 , 0.406794 , 0.436807 , 0.435109 
 973 , 0.532586 , 0.463742 , 0.479253 , 0.515048 , 0.36773 , 0.396056 , 0.362424 , 0.405205 , 0.436261 , 0.434284 
 974 , 0.532229 , 0.462756 , 0.478966 , 0.513639 , 0.367103 , 0.396137 , 0.361658 , 0.404081 , 0.436002 , 0.434449 
 975 , 0.531966 , 0.461766 , 0.47881 , 0.512047 , 0.36649 , 0.396169 , 0.360842 , 0.403022 , 0.435787 , 0.434759 
 976 , 0.533423 , 0.461553 , 0.479023 , 0.511327 , 0.366596 , 0.39587 , 0.360812 , 0.40309 , 0.43505 , 0.434487 
 977 , 0.535143 , 0.461968 , 0.479256 , 0.511011 , 0.366795 , 0.39532 , 0.36108 , 0.403211 , 0.433903 , 0.433728 
 978 , 0.536552 , 0.462631 , 0.479401 , 0.510737 , 0.366819 , 0.394681 , 0.361332 , 0.403041 , 0.432614 , 0.432773 
 979 , 0.536707 , 0.463578 , 0.479321 , 0.510009 , 0.36654 , 0.393788 , 0.361501 , 0.402876 , 0.432181 , 0.43239 
 980 , 0.535211 , 0.46474 , 0.479031 , 0.508791 , 0.365955 , 0.392915 , 0.36156 , 0.402744 , 0.433003 , 0.43287 
 981 , 0.53383 , 0.465431 , 0.479073 , 0.507942 , 0.365679 , 0.393003 , 0.361633 , 0.402698 , 0.434002 , 0.433562 
 982 , 0.532413 , 0.466012 , 0.479167 , 0.50729 , 0.365471 , 0.393295 , 0.361731 , 0.402752 , 0.434955 , 0.434241 
 983 , 0.530671 , 0.465835 , 0.479689 , 0.508122 , 0.365737 , 0.395013 , 0.362019 , 0.403524 , 0.435584 , 0.434833 
 984 , 0.52986 , 0.466193 , 0.479553 , 0.510454 , 0.365728 , 0.396238 , 0.362114 , 0.404775 , 0.436733 , 0.434943 
 985 , 0.52908 , 0.466571 , 0.479411 , 0.512854 , 0.36571 , 0.397447 , 0.362206 , 0.406043 , 0.437913 , 0.435034 
 986 , 0.532119 , 0.467106 , 0.480481 , 0.515889 , 0.366351 , 0.398378 , 0.362185 , 0.405933 , 0.438745 , 0.435856 
 987 , 0.535522 , 0.467797 , 0.481486 , 0.517766 , 0.368326 , 0.398827 , 0.362304 , 0.404924 , 0.438632 , 0.437079 
 988 , 0.538734 , 0.468547 , 0.482331 , 0.519013 , 0.37095 , 0.399068 , 0.36252 , 0.403613 , 0.438077 , 0.438436 
 989 , 0.540296 , 0.46887 , 0.481835 , 0.518437 , 0.372656 , 0.398437 , 0.362436 , 0.402692 , 0.436857 , 0.438568 
 990 , 0.54033 , 0.468698 , 0.480592 , 0.516325 , 0.372192 , 0.397258 , 0.361892 , 0.402474 , 0.435461 , 0.437439 
 991 , 0.540201 , 0.468326 , 0.480036 , 0.514234 , 0.369353 , 0.396435 , 0.360989 , 0.40286 , 0.434736 , 0.435968 
 992 , 0.540138 , 0.46816 , 0.479619 , 0.512459 , 0.36646 , 0.395934 , 0.360261 , 0.403454 , 0.43405 , 0.434656 
 993 , 0.540209 , 0.46862 , 0.479631 , 0.511765 , 0.36363 , 0.396455 , 0.360148 , 0.404659 , 0.433454 , 0.433912 
 994 , 0.539291 , 0.468825 , 0.478915 , 0.511659 , 0.36286 , 0.397094 , 0.360504 , 0.405427 , 0.432526 , 0.433126 
 995 , 0.538354 , 0.469029 , 0.478174 , 0.511542 , 0.362067 , 0.397757 , 0.360877 , 0.406212 , 0.431567 , 0.432316 
 996 , 0.536056 , 0.47016 , 0.478563 , 0.512458 , 0.361774 , 0.398406 , 0.360289 , 0.405574 , 0.432385 , 0.432602 
 997 , 0.535835 , 0.471894 , 0.479135 , 0.514242 , 0.361369 , 0.399357 , 0.35979 , 0.404887 , 0.433145 , 0.433855 
 998 , 0.536281 , 0.473843 , 0.479768 , 0.51636 , 0.3609 , 0.400433 , 0.359312 , 0.404177 , 0.433883 , 0.435446 
 999 , 0.538149 , 0.473791 , 0.480131 , 0.518467 , 0.361175 , 0.400891 , 0.358867 , 0.403091 , 0.433514 , 0.435689 
 1000 , 0.540486 , 0.472144 , 0.480586 , 0.520221 , 0.361799 , 0.400262 , 0.358595 , 0.402455 , 0.432978 , 0.434877 
 1001 , 0.542528 , 0.469866 , 0.481326 , 0.521615 , 0.362382 , 0.398742 , 0.358487 , 0.402596 , 0.432929 , 0.43364 
 1002 , 0.544834 , 0.468006 , 0.481954 , 0.522513 , 0.363097 , 0.397096 , 0.358915 , 0.403498 , 0.432914 , 0.43258 
 1003 , 0.547046 , 0.467168 , 0.482242 , 0.522264 , 0.364 , 0.395373 , 0.360142 , 0.405381 , 0.432854 , 0.431979 
 1004 , 0.546883 , 0.467344 , 0.482068 , 0.520858 , 0.36473 , 0.39406 , 0.360591 , 0.405394 , 0.432276 , 0.431885 
 1005 , 0.546501 , 0.467602 , 0.481704 , 0.519228 , 0.365224 , 0.392572 , 0.360956 , 0.405351 , 0.431701 , 0.431801 
 1006 , 0.543549 , 0.468626 , 0.479237 , 0.515659 , 0.362648 , 0.389693 , 0.360055 , 0.40467 , 0.431599 , 0.431988 
 1007 , 0.542402 , 0.468805 , 0.476978 , 0.513371 , 0.359965 , 0.388309 , 0.359501 , 0.404514 , 0.431161 , 0.43112 
 1008 , 0.541495 , 0.468861 , 0.474667 , 0.511204 , 0.357164 , 0.387099 , 0.358986 , 0.404444 , 0.430651 , 0.430055 
 1009 , 0.541628 , 0.468614 , 0.476151 , 0.512641 , 0.357185 , 0.38997 , 0.358288 , 0.403551 , 0.430523 , 0.429793 
 1010 , 0.542249 , 0.468357 , 0.478799 , 0.514271 , 0.358179 , 0.393086 , 0.357789 , 0.402631 , 0.430826 , 0.430568 
 1011 , 0.543032 , 0.468157 , 0.481607 , 0.515325 , 0.359348 , 0.395582 , 0.357449 , 0.401844 , 0.431382 , 0.431982 
 1012 , 0.543508 , 0.467528 , 0.483712 , 0.515672 , 0.35994 , 0.396557 , 0.356301 , 0.400413 , 0.432022 , 0.433491 
 1013 , 0.543747 , 0.46634 , 0.485123 , 0.516112 , 0.360052 , 0.39607 , 0.35458 , 0.398722 , 0.433041 , 0.435066 
 1014 , 0.544241 , 0.464864 , 0.486731 , 0.518848 , 0.36053 , 0.39603 , 0.353496 , 0.398103 , 0.434887 , 0.436667 
 1015 , 0.544649 , 0.46314 , 0.487559 , 0.521485 , 0.360646 , 0.395381 , 0.352857 , 0.398075 , 0.436447 , 0.437272 
 1016 , 0.544663 , 0.460635 , 0.48508 , 0.523306 , 0.359308 , 0.392338 , 0.354162 , 0.400529 , 0.436554 , 0.43372 
 1017 , 0.542716 , 0.459058 , 0.483034 , 0.52265 , 0.357901 , 0.388194 , 0.352344 , 0.400887 , 0.43471 , 0.428258 
 1018 , 0.540625 , 0.457393 , 0.480867 , 0.521904 , 0.356403 , 0.3838 , 0.350365 , 0.40122 , 0.432727 , 0.422461 
 1019 , 0.541017 , 0.458893 , 0.480467 , 0.52023 , 0.355228 , 0.381626 , 0.348719 , 0.40045 , 0.430708 , 0.421618 
 1020 , 0.541799 , 0.460099 , 0.479297 , 0.516212 , 0.353295 , 0.379957 , 0.347914 , 0.39869 , 0.428141 , 0.421202 
 1021 , 0.542678 , 0.461066 , 0.477631 , 0.510998 , 0.350903 , 0.378368 , 0.347468 , 0.396451 , 0.425213 , 0.42076 
 1022 , 0.540447 , 0.460241 , 0.475893 , 0.504458 , 0.34803 , 0.376689 , 0.346048 , 0.392527 , 0.423778 , 0.419914 
 1023 , 0.536572 , 0.458893 , 0.474466 , 0.498977 , 0.344737 , 0.374715 , 0.344407 , 0.388307 , 0.424117 , 0.419623 
 1024 , 0.533072 , 0.458468 , 0.473599 , 0.496426 , 0.341156 , 0.37229 , 0.343341 , 0.385177 , 0.425861 , 0.420705 
 1025 , 0.530267 , 0.457859 , 0.4732 , 0.495994 , 0.338685 , 0.370966 , 0.342098 , 0.382114 , 0.426196 , 0.421638 
 1026 , 0.529133 , 0.456686 , 0.473698 , 0.499746 , 0.338628 , 0.372076 , 0.340518 , 0.379399 , 0.42351 , 0.422077 
 1027 , 0.529027 , 0.45327 , 0.473255 , 0.501919 , 0.338936 , 0.374265 , 0.338622 , 0.377019 , 0.419344 , 0.421324 
 1028 , 0.528952 , 0.44963 , 0.472768 , 0.503998 , 0.339062 , 0.376395 , 0.336513 , 0.374562 , 0.414974 , 0.42049 
 1029 , 0.529756 , 0.445563 , 0.471968 , 0.502309 , 0.335801 , 0.375191 , 0.333086 , 0.373577 , 0.411525 , 0.419021 
 1030 , 0.528925 , 0.443366 , 0.47024 , 0.499929 , 0.331968 , 0.371685 , 0.328597 , 0.371077 , 0.407226 , 0.41579 
 1031 , 0.527592 , 0.441545 , 0.468177 , 0.497237 , 0.327783 , 0.367411 , 0.323597 , 0.368037 , 0.402492 , 0.411927 
 1032 , 0.524894 , 0.440989 , 0.461563 , 0.491361 , 0.321744 , 0.360639 , 0.321675 , 0.366497 , 0.397401 , 0.405932 
 1033 , 0.521922 , 0.439636 , 0.453997 , 0.484478 , 0.315117 , 0.355153 , 0.320428 , 0.365681 , 0.392135 , 0.400191 
 1034 , 0.519051 , 0.437009 , 0.446714 , 0.477445 , 0.308332 , 0.351615 , 0.318849 , 0.365099 , 0.386689 , 0.39524 
 1035 , 0.516013 , 0.434818 , 0.44245 , 0.473002 , 0.303339 , 0.350282 , 0.316952 , 0.362742 , 0.3825 , 0.392994 
 1036 , 0.51327 , 0.433462 , 0.441981 , 0.471534 , 0.300862 , 0.351262 , 0.314857 , 0.358285 , 0.380431 , 0.393862 
 1037 , 0.51223 , 0.433247 , 0.44275 , 0.469994 , 0.299879 , 0.351224 , 0.313269 , 0.353219 , 0.380857 , 0.394753 
 1038 , 0.510784 , 0.432268 , 0.442894 , 0.468271 , 0.298359 , 0.350511 , 0.310511 , 0.347707 , 0.381428 , 0.394756 
 1039 , 0.50799 , 0.428118 , 0.440281 , 0.466168 , 0.294852 , 0.347012 , 0.303193 , 0.341431 , 0.382585 , 0.390831 
 1040 , 0.504561 , 0.422416 , 0.434325 , 0.468506 , 0.287614 , 0.342334 , 0.297676 , 0.335939 , 0.38354 , 0.38858 
 1041 , 0.500778 , 0.416196 , 0.427702 , 0.471433 , 0.279638 , 0.337206 , 0.291849 , 0.330109 , 0.384528 , 0.386285 
 1042 , 0.504957 , 0.408992 , 0.422382 , 0.475278 , 0.274941 , 0.334799 , 0.292588 , 0.331164 , 0.378271 , 0.379593 
 1043 , 0.508624 , 0.4021 , 0.418495 , 0.475263 , 0.272363 , 0.331563 , 0.292678 , 0.332347 , 0.369875 , 0.368562 
 1044 , 0.511546 , 0.395173 , 0.415246 , 0.472649 , 0.270775 , 0.327504 , 0.291893 , 0.3332 , 0.360209 , 0.354797 
 1045 , 0.51302 , 0.391413 , 0.412245 , 0.466031 , 0.268902 , 0.321235 , 0.28899 , 0.330751 , 0.356324 , 0.346196 
 1046 , 0.513513 , 0.39056 , 0.409289 , 0.458138 , 0.266289 , 0.314775 , 0.284479 , 0.326846 , 0.35578 , 0.342472 
 1047 , 0.513914 , 0.391454 , 0.406028 , 0.452609 , 0.262458 , 0.31055 , 0.279323 , 0.324135 , 0.354389 , 0.341911 
 1048 , 0.510598 , 0.390983 , 0.40144 , 0.447902 , 0.257379 , 0.307436 , 0.274123 , 0.320763 , 0.352415 , 0.340572 
 1049 , 0.499654 , 0.387404 , 0.394307 , 0.445266 , 0.249968 , 0.306968 , 0.2692 , 0.316272 , 0.349398 , 0.337623 
 1050 , 0.488347 , 0.378477 , 0.384824 , 0.436848 , 0.239856 , 0.302444 , 0.263138 , 0.310438 , 0.345869 , 0.333062 
 1051 , 0.476471 , 0.369307 , 0.375195 , 0.4281 , 0.229443 , 0.297811 , 0.256227 , 0.303865 , 0.341736 , 0.328125 
 1052 , 0.468083 , 0.366187 , 0.373547 , 0.422611 , 0.223075 , 0.296532 , 0.241842 , 0.292459 , 0.332035 , 0.322922 
 1053 , 0.460625 , 0.360679 , 0.372311 , 0.42196 , 0.218816 , 0.296217 , 0.229554 , 0.282183 , 0.32311 , 0.315755 
 1054 , 0.452998 , 0.354092 , 0.371161 , 0.423012 , 0.215005 , 0.296223 , 0.216966 , 0.271433 , 0.313814 , 0.307461 
 1055 , 0.444418 , 0.344458 , 0.366867 , 0.421169 , 0.209723 , 0.288193 , 0.208644 , 0.267729 , 0.311212 , 0.296723 
 1056 , 0.435272 , 0.336007 , 0.363014 , 0.417812 , 0.203833 , 0.276674 , 0.199995 , 0.264243 , 0.309989 , 0.286379 
 1057 , 0.425564 , 0.330008 , 0.360883 , 0.413608 , 0.197617 , 0.263813 , 0.18906 , 0.258011 , 0.307699 , 0.27715 
 1058 , 0.418567 , 0.322714 , 0.354112 , 0.409512 , 0.191767 , 0.249239 , 0.183792 , 0.252129 , 0.302251 , 0.268605 
 1059 , 0.414601 , 0.313908 , 0.341233 , 0.403673 , 0.186023 , 0.233205 , 0.184813 , 0.246447 , 0.293191 , 0.259995 
 1060 , 0.409149 , 0.304055 , 0.324125 , 0.387834 , 0.177856 , 0.218067 , 0.183947 , 0.239093 , 0.283739 , 0.245921 
 1061 , 0.402332 , 0.295205 , 0.306126 , 0.370479 , 0.168162 , 0.204277 , 0.178882 , 0.228569 , 0.273399 , 0.233898 
 1062 , 0.391752 , 0.293543 , 0.289245 , 0.349905 , 0.154529 , 0.201011 , 0.157637 , 0.207314 , 0.262314 , 0.233047 
 1063 , 0.374896 , 0.291951 , 0.272222 , 0.33433 , 0.141212 , 0.193984 , 0.137502 , 0.185697 , 0.249772 , 0.236787 
 1064 , 0.35634 , 0.290219 , 0.253746 , 0.318299 , 0.12676 , 0.185987 , 0.115812 , 0.162471 , 0.236059 , 0.241611 
 1065 , 0.332545 , 0.278675 , 0.243074 , 0.31166 , 0.119193 , 0.179557 , 0.100933 , 0.154096 , 0.221012 , 0.231621 
 1066 , 0.315109 , 0.261362 , 0.232197 , 0.307854 , 0.111245 , 0.174954 , 0.086399 , 0.149073 , 0.206503 , 0.218196 
 1067 , 0.301585 , 0.240711 , 0.220366 , 0.305376 , 0.102401 , 0.171445 , 0.070965 , 0.145252 , 0.191876 , 0.202864 
 1068 , 0.300416 , 0.220493 , 0.214542 , 0.30026 , 0.094588 , 0.162973 , 0.063669 , 0.139835 , 0.176506 , 0.185454 
 1069 , 0.305595 , 0.201796 , 0.212377 , 0.291577 , 0.087519 , 0.150248 , 0.060902 , 0.13194 , 0.158645 , 0.165058 
 1070 , 0.3071 , 0.185776 , 0.210356 , 0.278415 , 0.080736 , 0.134896 , 0.05694 , 0.120781 , 0.136565 , 0.14111 
 1071 , 0.301757 , 0.168646 , 0.200137 , 0.255632 , 0.069307 , 0.113236 , 0.049119 , 0.105461 , 0.115492 , 0.120486 
 1072 , 0.282756 , 0.15091 , 0.174157 , 0.215547 , 0.049349 , 0.080771 , 0.034235 , 0.083086 , 0.097702 , 0.107653 
 1073 , 0.253067 , 0.130857 , 0.146645 , 0.172434 , 0.026343 , 0.046479 , 0.0184 , 0.056811 , 0.078484 , 0.095297 
 1074 , 0.223437 , 0.109674 , 0.116555 , 0.129268 , 0.003548 , 0.013074 , 0.002521 , 0.031871 , 0.059193 , 0.081654 
 1075 , 0.207414 , 0.098106 , 0.091336 , 0.117724 , 0.002489 , 0.018727 , 0.002995 , 0.032651 , 0.047202 , 0.064435 
 1076 , 0.197896 , 0.085701 , 0.063349 , 0.107601 , 0.001386 , 0.024752 , 0.003461 , 0.033663 , 0.036205 , 0.046684 
 1077 , 0.190366 , 0.072336 , 0.033144 , 0.097427 , 0.000235 , 0.031162 , 0.003925 , 0.034781 , 0.024848 , 0.027849 
 1078 , 0.177175 , 0.067162 , 0.028627 , 0.088491 , 0 , 0.035067 , 0.003074 , 0.026588 , 0.017522 , 0.022611 
 1079 , 0.160081 , 0.063435 , 0.03084 , 0.078247 , 0 , 0.038546 , 0.001877 , 0.016339 , 0.010966 , 0.020907 
 1080 , 0.139959 , 0.058811 , 0.033015 , 0.066142 , 0 , 0.042386 , 0.000628 , 0.005657 , 0.003781 , 0.019123 
 1081 , 0.112956 , 0.047826 , 0.030501 , 0.051427 , 0 , 0.037915 , 0 , 0 , 0 , 0.01562 
 1082 , 0.079569 , 0.030998 , 0.023317 , 0.034709 , 0 , 0.024989 , 0 , 0 , 0 , 0.010323 
 1083 , 0.04561 , 0.014174 , 0.015631 , 0.018733 , 0 , 0.011224 , 0 , 0 , 0 , 0.004589 
 1084 , 0.017047 , 0 , 0.009106 , 0.004609 , 0 , 0 , 0 , 0 , 0 , 0 
 1085 , 0.02129 , 0 , 0.006235 , 0.003413 , 0 , 0 , 0 , 0 , 0 , 0 
 1086 , 0.024834 , 0 , 0.003397 , 0.001827 , 0 , 0 , 0 , 0 , 0 , 0 
 1087 , 0.028405 , 0 , 0.000141 , 0.000071 , 0 , 0 , 0 , 0 , 0 , 0 
 1088 , 0.023774 , 0 , 0 , 0 , 0 , 0 , 0 , 0 , 0 , 0 
 1089 , 0.019286 , 0 , 0 , 0 , 0 , 0 , 0 , 0 , 0 , 0 
 1090 , 0.014867 , 0 , 0 , 0 , 0 , 0 , 0 , 0 , 0 , 0 
 1091 , 0.011115 , 0 , 0 , 0 , 0 , 0 , 0 , 0 , 0 , 0 
 1092 , 0.007273 , 0 , 0 , 0 , 0 , 0 , 0 , 0 , 0 , 0 
 1093 , 0.0028 , 0 , 0 , 0 , 0 , 0 , 0 , 0 , 0 , 0 
 1094 , 0 , 0 , 0 , 0 , 0 , 0 , 0 , 0 , 0 , 0 
 1095 , 0 , 0 , 0 , 0 , 0 , 0 , 0 , 0 , 0 , 0 
 1096 , 0 , 0 , 0 , 0 , 0 , 0 , 0 , 0 , 0 , 0 
 1097 , 0 , 0 , 0 , 0 , 0 , 0 , 0 , 0 , 0 , 0 
 1098 , 0 , 0 , 0 , 0 , 0 , 0 , 0 , 0 , 0 , 0 
 1099 , 0 , 0 , 0 , 0 , 0 , 0 , 0 , 0 , 0 , 0 
 1100 , 0 , 0 , 0 , 0 , 0 , 0 , 0 , 0 , 0 , 0 
 1101 , 0 , 0 , 0 , 0 , 0 , 0 , 0 , 0 , 0 , 0 
 1102 , 0 , 0 , 0 , 0 , 0 , 0 , 0 , 0 , 0 , 0 
 1103 , 0 , 0 , 0 , 0 , 0 , 0 , 0 , 0 , 0 , 0 
 1104 , 0 , 0 , 0 , 0 , 0 , 0 , 0 , 0 , 0 , 0 
 1105 , 0 , 0 , 0 , 0 , 0 , 0 , 0 , 0 , 0 , 0 
 1106 , 0 , 0 , 0 , 0 , 0 , 0 , 0 , 0 , 0 , 0 
 1107 , 0 , 0 , 0 , 0 , 0 , 0 , 0 , 0 , 0 , 0 
 1108 , 0 , 0 , 0 , 0 , 0 , 0 , 0 , 0 , 0 , 0 
 1109 , 0 , 0 , 0 , 0 , 0 , 0 , 0 , 0 , 0 , 0 
 1110 , 0 , 0 , 0 , 0 , 0 , 0 , 0 , 0 , 0 , 0 
 1111 , 0 , 0 , 0 , 0 , 0 , 0 , 0 , 0 , 0 , 0 
 1112 , 0 , 0 , 0 , 0 , 0 , 0 , 0 , 0 , 0 , 0 
 1113 , 0 , 0 , 0 , 0 , 0 , 0 , 0 , 0 , 0 , 0 
 1114 , 0 , 0 , 0 , 0 , 0 , 0 , 0 , 0 , 0 , 0 
 1115 , 0 , 0 , 0 , 0 , 0 , 0 , 0 , 0 , 0 , 0 
 1116 , 0 , 0 , 0 , 0 , 0 , 0 , 0 , 0 , 0 , 0 
 1117 , 0 , 0 , 0 , 0 , 0 , 0 , 0 , 0 , 0 , 0 
 1118 , 0 , 0 , 0 , 0 , 0 , 0 , 0 , 0 , 0 , 0 
 1119 , 0 , 0 , 0 , 0 , 0 , 0 , 0 , 0 , 0 , 0 
 1120 , 0 , 0 , 0 , 0 , 0 , 0 , 0 , 0 , 0 , 0 
 1121 , 0 , 0 , 0 , 0 , 0 , 0 , 0 , 0 , 0 , 0 
 1122 , 0 , 0 , 0 , 0 , 0 , 0 , 0 , 0 , 0 , 0 
 1123 , 0 , 0 , 0 , 0 , 0 , 0 , 0 , 0 , 0 , 0 
 1124 , 0.846382 , 0.816709 , 0.817171 , 0.799518 , 0.774443 , 0.7882 , 0.808215 , 0.839088 , 0.845717 , 0.863997 
 1125 , 0.942609 , 0.91141 , 0.909835 , 0.893443 , 0.861329 , 0.87803 , 0.899297 , 0.931294 , 0.941395 , 0.959256 
 1126 , 0.977155 , 0.955243 , 0.947819 , 0.929898 , 0.894961 , 0.918436 , 0.932821 , 0.966431 , 0.978726 , 0.994777 
 1127 , 0.985413 , 0.972501 , 0.960151 , 0.94097 , 0.904307 , 0.933688 , 0.941468 , 0.975748 , 0.989739 , 1.003487 
 1128 , 0.984729 , 0.979026 , 0.963176 , 0.942464 , 0.905401 , 0.940073 , 0.942755 , 0.977022 , 0.992419 , 1.003697 
 1129 , 0.977984 , 0.974335 , 0.959174 , 0.934674 , 0.901528 , 0.941798 , 0.94397 , 0.976377 , 0.993102 , 1.000704 
 1130 , 0.893048 , 0.887701 , 1.26738 , 0.850267 , 0.823529 , 1.245989 , 1.251337 , 1.294118 , 1.315508 , 0.668449 
