JUL12WSG200005.spu,JUL12WSG200004.spu,
Wavelength,JUL12WSG200006.spu,JUL12WSG200007.spu,JUL12WSG200008.spu,JUL12WSG200009.spu,JUL12WSG200010.spu,JUL12WSG200011.spu,JUL12WSG200012.spu,JUL12WSG200013.spu,JUL12WSG200014.spu,JUL12WSG200015.spu
  (nm),7/12/2016 ,7/12/2016 ,7/12/2016 ,7/12/2016 ,7/12/2016 ,7/12/2016 ,7/12/2016 ,7/12/2016 ,7/12/2016 ,7/12/2016 
  time  ,:01:52 A,:02:00 A,:02:08 A,:02:15 A,:02:23 A,:03:28 A,:03:36 A,:03:44 A,:03:53 A,:04:01 A
temp C,SW,SW,SW,SW,SW,SW,SW,SW,SW,SW
,,,,,,,,,,
 310 , 1 , 1 , 1 , 1 , 1 , 1 , 1 , 1 , 1 , 1 
 311 , 1 , 1 , 1 , 1 , 1 , 1 , 1 , 1 , 1 , 1 
 312 , 1 , 1 , 1 , 1 , 1 , 1 , 0 , 1 , 1 , 1 
 313 , 1 , 1 , 1 , 1 , 1 , 1 , 0 , 1 , 1 , 1 
 314 , 1 , 1 , 1 , 1 , 1 , 1 , 0 , 1 , 1 , 1 
 315 , 1 , 1 , 1 , 1 , 1 , 1 , 0 , 1 , 1 , 0 
 316 , 1 , 1 , 1 , 1 , 1 , 1 , 0 , 1 , 1 , 0 
 317 , 1 , 1 , 1 , 1 , 1 , 1 , 0 , 1 , 1 , 0 
 318 , 0.434181 , 0.434181 , 0.434181 , 0.434181 , 0.434181 , 0 , 0 , 0 , 0 , 0 
 319 , 2.726409 , 2.726409 , 2.726409 , 2.726409 , 2.726409 , 0 , 0 , 0 , 0 , 0 
 320 , 4.477369 , 4.477369 , 4.477369 , 4.477369 , 4.477369 , 0 , 0 , 0 , 0 , 0 
 321 , 5.858531 , 5.858531 , 5.858531 , 5.858531 , 5.858531 , 0 , 0 , 0 , 0 , 0 
 322 , 5.090791 , 5.090791 , 5.090791 , 5.090791 , 0 , 0 , 0 , 0 , 0 , 0 
 323 , 3.866183 , 3.866183 , 3.866183 , 3.866183 , 0 , 0 , 0 , 0 , 0 , 0 
 324 , 2.762979 , 2.762979 , 2.762979 , 2.762979 , 0 , 0 , 0 , 0 , 0 , 0 
 325 , 3.126876 , 3.126876 , 0 , 3.126876 , 0 , 0 , 0 , 0 , 0 , 0 
 326 , 4.619316 , 4.619316 , 0 , 4.619316 , 0 , 0 , 0 , 0 , 0 , 0 
 327 , 5.287683 , 5.287683 , 0 , 5.287683 , 0 , 0 , 0 , 0 , 0 , 0 
 328 , 5.552539 , 0 , 0 , 0 , 0 , 0 , 0 , 0 , 0 , 0 
 329 , 5.459892 , 0 , 0 , 0 , 0 , 0 , 0 , 0 , 0 , 0 
 330 , 5.205816 , 0 , 0 , 0 , 0 , 0 , 0 , 0 , 0 , 0 
 331 , 4.859917 , 0 , 0 , 0 , 0 , 0 , 0 , 0 , 0 , 0 
 332 , 0 , 0 , 0 , 0 , 0 , 0 , 0 , 0 , 0 , 0 
 333 , 0 , 0 , 0 , 0 , 0 , 0 , 0 , 0 , 0 , 0 
 334 , 0 , 0 , 0 , 0 , 0 , 0 , 0 , 0 , 0 , 0 
 335 , 0 , 0 , 0 , 0 , 0 , 0.000293 , 0 , 0 , 0.00011 , 0 
 336 , 0 , 0 , 0 , 0 , 0 , 0.001749 , 0 , 0 , 0.000655 , 0 
 337 , 0 , 0 , 0 , 0 , 0 , 0.003184 , 0 , 0 , 0.001192 , 0 
 338 , 0 , 0 , 0 , 0 , 0 , 0.004589 , 0 , 0 , 0.001715 , 0 
 339 , 0 , 0 , 0 , 0 , 0 , 0.005961 , 0.00062 , 0.000875 , 0.002992 , 0.000394 
 340 , 0 , 0 , 0 , 0 , 0 , 0.0072 , 0.001352 , 0.001776 , 0.004286 , 0.000857 
 341 , 0 , 0 , 0 , 0 , 0 , 0.008307 , 0.002072 , 0.002536 , 0.005445 , 0.001312 
 342 , 0 , 0.000352 , 0.000281 , 0.000384 , 0.000076 , 0.009155 , 0.002775 , 0.003276 , 0.006351 , 0.001991 
 343 , 0 , 0.001114 , 0.000819 , 0.001087 , 0.000255 , 0.009735 , 0.003409 , 0.004067 , 0.006984 , 0.002856 
 344 , 0 , 0.001848 , 0.001264 , 0.001638 , 0.000445 , 0.010234 , 0.003977 , 0.004819 , 0.007518 , 0.003607 
 345 , 0.000058 , 0.002606 , 0.001675 , 0.002107 , 0.000688 , 0.010671 , 0.004489 , 0.005553 , 0.00802 , 0.004265 
 346 , 0.000885 , 0.003931 , 0.002454 , 0.002787 , 0.001364 , 0.011133 , 0.004992 , 0.006501 , 0.00897 , 0.004838 
 347 , 0.001703 , 0.005073 , 0.003068 , 0.003346 , 0.001858 , 0.011517 , 0.005391 , 0.007313 , 0.00983 , 0.00534 
 348 , 0.002516 , 0.006068 , 0.003562 , 0.003813 , 0.002232 , 0.011841 , 0.005714 , 0.008016 , 0.010614 , 0.005782 
 349 , 0.003172 , 0.006415 , 0.004152 , 0.004642 , 0.002946 , 0.012958 , 0.006272 , 0.008589 , 0.011405 , 0.006465 
 350 , 0.00372 , 0.00652 , 0.00478 , 0.005612 , 0.003824 , 0.014381 , 0.006896 , 0.00908 , 0.012147 , 0.007221 
 351 , 0.004222 , 0.00662 , 0.005375 , 0.00654 , 0.004692 , 0.015768 , 0.007473 , 0.009521 , 0.01282 , 0.007935 
 352 , 0.004495 , 0.006774 , 0.005768 , 0.007192 , 0.005319 , 0.01643 , 0.007921 , 0.009842 , 0.013117 , 0.008411 
 353 , 0.004377 , 0.007028 , 0.005797 , 0.007327 , 0.00546 , 0.015782 , 0.008161 , 0.009977 , 0.012775 , 0.008469 
 354 , 0.004272 , 0.007252 , 0.005818 , 0.007448 , 0.005588 , 0.015243 , 0.008374 , 0.01009 , 0.012466 , 0.008512 
 355 , 0.004178 , 0.007449 , 0.005832 , 0.007557 , 0.005706 , 0.014785 , 0.008565 , 0.010185 , 0.012186 , 0.008546 
 356 , 0.004613 , 0.007622 , 0.006143 , 0.007922 , 0.005456 , 0.015327 , 0.008834 , 0.010529 , 0.013055 , 0.008967 
 357 , 0.005085 , 0.007787 , 0.006456 , 0.008272 , 0.005238 , 0.015906 , 0.009098 , 0.010868 , 0.013991 , 0.009398 
 358 , 0.005566 , 0.007943 , 0.006755 , 0.008596 , 0.005058 , 0.016471 , 0.009352 , 0.01119 , 0.014936 , 0.009818 
 359 , 0.005588 , 0.008159 , 0.006921 , 0.008966 , 0.005131 , 0.016811 , 0.009558 , 0.011433 , 0.015319 , 0.010072 
 360 , 0.005307 , 0.008409 , 0.006988 , 0.009368 , 0.005367 , 0.016977 , 0.009722 , 0.011612 , 0.015282 , 0.010198 
 361 , 0.005072 , 0.008641 , 0.007052 , 0.00975 , 0.005591 , 0.01713 , 0.009874 , 0.011777 , 0.015252 , 0.010316 
 362 , 0.004994 , 0.008953 , 0.00713 , 0.009981 , 0.005816 , 0.017271 , 0.010062 , 0.011985 , 0.015273 , 0.010473 
 363 , 0.005415 , 0.009646 , 0.007269 , 0.009673 , 0.006068 , 0.017399 , 0.010421 , 0.012405 , 0.015468 , 0.010813 
 364 , 0.00582 , 0.010326 , 0.007398 , 0.00941 , 0.006298 , 0.017519 , 0.010761 , 0.012805 , 0.015651 , 0.011136 
 365 , 0.006209 , 0.010992 , 0.007516 , 0.009185 , 0.006511 , 0.017631 , 0.011082 , 0.013187 , 0.015822 , 0.011442 
 366 , 0.006266 , 0.010514 , 0.007657 , 0.009371 , 0.006562 , 0.017587 , 0.010951 , 0.013053 , 0.015604 , 0.011234 
 367 , 0.006255 , 0.009869 , 0.007801 , 0.009642 , 0.00658 , 0.017517 , 0.010744 , 0.012827 , 0.015324 , 0.010947 
 368 , 0.006247 , 0.009304 , 0.007943 , 0.009907 , 0.0066 , 0.017458 , 0.01056 , 0.012626 , 0.015069 , 0.010695 
 369 , 0.006153 , 0.008955 , 0.008022 , 0.009892 , 0.006525 , 0.017553 , 0.010482 , 0.01251 , 0.014852 , 0.010494 
 370 , 0.005953 , 0.008824 , 0.008026 , 0.009559 , 0.006341 , 0.017836 , 0.010525 , 0.012486 , 0.014675 , 0.010345 
 371 , 0.005748 , 0.008708 , 0.008029 , 0.009259 , 0.006174 , 0.018114 , 0.010566 , 0.012461 , 0.014515 , 0.010212 
 372 , 0.005566 , 0.008612 , 0.008042 , 0.00901 , 0.006034 , 0.018394 , 0.010604 , 0.012435 , 0.014402 , 0.010125 
 373 , 0.005657 , 0.008641 , 0.008196 , 0.009109 , 0.006113 , 0.018849 , 0.010617 , 0.012424 , 0.014779 , 0.010551 
 374 , 0.005767 , 0.008673 , 0.008348 , 0.009204 , 0.006185 , 0.01925 , 0.010623 , 0.012405 , 0.01513 , 0.010943 
 375 , 0.005891 , 0.008706 , 0.008496 , 0.009298 , 0.006251 , 0.019609 , 0.010624 , 0.01238 , 0.015461 , 0.011308 
 376 , 0.005756 , 0.008682 , 0.00854 , 0.009264 , 0.006396 , 0.019704 , 0.010836 , 0.0125 , 0.015701 , 0.011556 
 377 , 0.005536 , 0.008628 , 0.00856 , 0.009182 , 0.006556 , 0.019703 , 0.011092 , 0.012654 , 0.015879 , 0.01173 
 378 , 0.005334 , 0.008569 , 0.008596 , 0.009104 , 0.006699 , 0.019715 , 0.011311 , 0.012783 , 0.016036 , 0.011883 
 379 , 0.005221 , 0.008523 , 0.008576 , 0.009049 , 0.006776 , 0.019828 , 0.011459 , 0.012839 , 0.016244 , 0.012005 
 380 , 0.005285 , 0.008529 , 0.008461 , 0.009061 , 0.006751 , 0.020112 , 0.011492 , 0.012783 , 0.016549 , 0.012086 
 381 , 0.005367 , 0.008562 , 0.008388 , 0.009101 , 0.006746 , 0.020368 , 0.011517 , 0.012745 , 0.016814 , 0.012167 
 382 , 0.005459 , 0.00861 , 0.008336 , 0.009158 , 0.006751 , 0.020611 , 0.011536 , 0.012715 , 0.017061 , 0.012247 
 383 , 0.005446 , 0.008604 , 0.008395 , 0.009278 , 0.006822 , 0.020907 , 0.011671 , 0.012845 , 0.017251 , 0.012345 
 384 , 0.005438 , 0.008611 , 0.008466 , 0.009426 , 0.0069 , 0.021179 , 0.011813 , 0.012985 , 0.017429 , 0.012434 
 385 , 0.005436 , 0.008628 , 0.008542 , 0.009589 , 0.006978 , 0.021436 , 0.011955 , 0.013124 , 0.017603 , 0.012517 
 386 , 0.005515 , 0.008723 , 0.008567 , 0.009646 , 0.007066 , 0.021622 , 0.012182 , 0.013192 , 0.017793 , 0.012774 
 387 , 0.005646 , 0.008866 , 0.008558 , 0.009628 , 0.007156 , 0.021755 , 0.012458 , 0.01321 , 0.017988 , 0.013142 
 388 , 0.005771 , 0.009001 , 0.008551 , 0.009608 , 0.007243 , 0.021885 , 0.012719 , 0.013231 , 0.018176 , 0.013491 
 389 , 0.005942 , 0.009165 , 0.008595 , 0.009673 , 0.007342 , 0.022105 , 0.012955 , 0.013294 , 0.018386 , 0.01379 
 390 , 0.006293 , 0.00944 , 0.008808 , 0.01003 , 0.007495 , 0.022644 , 0.013132 , 0.013512 , 0.018684 , 0.013956 
 391 , 0.006628 , 0.009704 , 0.009011 , 0.01037 , 0.007642 , 0.023163 , 0.0133 , 0.01372 , 0.018969 , 0.014116 
 392 , 0.006951 , 0.009958 , 0.009206 , 0.010699 , 0.007783 , 0.023661 , 0.013462 , 0.013917 , 0.019242 , 0.014268 
 393 , 0.007176 , 0.010385 , 0.009692 , 0.011047 , 0.008104 , 0.024074 , 0.013885 , 0.014234 , 0.019674 , 0.0146 
 394 , 0.007374 , 0.010812 , 0.010189 , 0.011373 , 0.008432 , 0.024441 , 0.014324 , 0.014546 , 0.020097 , 0.014936 
 395 , 0.007554 , 0.011205 , 0.01065 , 0.011673 , 0.008735 , 0.024779 , 0.014725 , 0.014834 , 0.02049 , 0.015247 
 396 , 0.007883 , 0.011586 , 0.011063 , 0.012042 , 0.009107 , 0.02519 , 0.015107 , 0.01515 , 0.020947 , 0.015655 
 397 , 0.008328 , 0.011939 , 0.011418 , 0.012454 , 0.009522 , 0.025645 , 0.015447 , 0.015475 , 0.021443 , 0.016132 
 398 , 0.008715 , 0.012245 , 0.011725 , 0.012809 , 0.009884 , 0.026037 , 0.015746 , 0.015756 , 0.021873 , 0.016544 
 399 , 0.009048 , 0.012508 , 0.011993 , 0.01312 , 0.010201 , 0.02639 , 0.016017 , 0.01602 , 0.022253 , 0.016913 
 400 , 0.009287 , 0.012719 , 0.012253 , 0.013381 , 0.010472 , 0.026776 , 0.016364 , 0.016364 , 0.022595 , 0.017298 
 401 , 0.009501 , 0.012904 , 0.012479 , 0.01361 , 0.010711 , 0.027114 , 0.016667 , 0.016671 , 0.022898 , 0.017637 
 402 , 0.00969 , 0.013069 , 0.012685 , 0.013818 , 0.010925 , 0.027416 , 0.016938 , 0.016945 , 0.023169 , 0.017939 
 403 , 0.009883 , 0.013301 , 0.012941 , 0.014078 , 0.01117 , 0.027771 , 0.017236 , 0.017161 , 0.023502 , 0.018227 
 404 , 0.010072 , 0.013543 , 0.013203 , 0.014347 , 0.011415 , 0.028126 , 0.017526 , 0.017352 , 0.023843 , 0.0185 
 405 , 0.010251 , 0.013773 , 0.01345 , 0.014595 , 0.011643 , 0.02846 , 0.017794 , 0.01753 , 0.024163 , 0.018753 
 406 , 0.010434 , 0.01398 , 0.013683 , 0.014836 , 0.011863 , 0.028787 , 0.018044 , 0.017739 , 0.024481 , 0.019022 
 407 , 0.010639 , 0.014167 , 0.0139 , 0.015067 , 0.012083 , 0.029125 , 0.018264 , 0.018001 , 0.02481 , 0.019325 
 408 , 0.010831 , 0.014343 , 0.014111 , 0.015286 , 0.012291 , 0.029446 , 0.018474 , 0.01825 , 0.025121 , 0.019614 
 409 , 0.011016 , 0.014512 , 0.014308 , 0.015494 , 0.012486 , 0.029749 , 0.018671 , 0.018483 , 0.025413 , 0.019887 
 410 , 0.011242 , 0.014863 , 0.01455 , 0.015795 , 0.012755 , 0.030128 , 0.018991 , 0.018635 , 0.025784 , 0.020202 
 411 , 0.011455 , 0.015195 , 0.014777 , 0.01608 , 0.013011 , 0.030491 , 0.019293 , 0.018774 , 0.026132 , 0.020501 
 412 , 0.011658 , 0.015511 , 0.014993 , 0.016348 , 0.013249 , 0.03083 , 0.019581 , 0.018909 , 0.026458 , 0.020783 
 413 , 0.011875 , 0.015806 , 0.015284 , 0.01663 , 0.013542 , 0.031236 , 0.019844 , 0.019151 , 0.026834 , 0.021099 
 414 , 0.012092 , 0.016084 , 0.015606 , 0.01691 , 0.013851 , 0.03167 , 0.020092 , 0.01945 , 0.027223 , 0.02142 
 415 , 0.012298 , 0.016351 , 0.015917 , 0.017178 , 0.014146 , 0.032083 , 0.020327 , 0.019733 , 0.027597 , 0.021729 
 416 , 0.012513 , 0.016624 , 0.016232 , 0.01745 , 0.014435 , 0.03252 , 0.02059 , 0.019999 , 0.027992 , 0.022047 
 417 , 0.012781 , 0.016934 , 0.016591 , 0.017754 , 0.014723 , 0.033056 , 0.020944 , 0.020246 , 0.028474 , 0.022425 
 418 , 0.013036 , 0.017237 , 0.016937 , 0.018047 , 0.015001 , 0.033574 , 0.021287 , 0.020485 , 0.028941 , 0.022791 
 419 , 0.013286 , 0.017527 , 0.017274 , 0.01833 , 0.01527 , 0.034072 , 0.021615 , 0.020716 , 0.029392 , 0.023147 
 420 , 0.013533 , 0.017862 , 0.017574 , 0.018705 , 0.015598 , 0.034502 , 0.021937 , 0.020994 , 0.029794 , 0.02348 
 421 , 0.013778 , 0.018192 , 0.017865 , 0.019086 , 0.015926 , 0.034916 , 0.022246 , 0.021273 , 0.030186 , 0.023803 
 422 , 0.014018 , 0.018514 , 0.018151 , 0.019456 , 0.016247 , 0.035319 , 0.022546 , 0.021546 , 0.030569 , 0.024117 
 423 , 0.014222 , 0.018804 , 0.018472 , 0.019764 , 0.016555 , 0.035746 , 0.022841 , 0.021796 , 0.03096 , 0.024452 
 424 , 0.014397 , 0.019074 , 0.01883 , 0.020018 , 0.016864 , 0.036198 , 0.02313 , 0.022028 , 0.031359 , 0.02481 
 425 , 0.014573 , 0.01934 , 0.019186 , 0.020273 , 0.01717 , 0.036648 , 0.023411 , 0.022255 , 0.031756 , 0.025161 
 426 , 0.014745 , 0.019613 , 0.019544 , 0.020547 , 0.017482 , 0.037103 , 0.023707 , 0.022501 , 0.032149 , 0.025509 
 427 , 0.014911 , 0.019942 , 0.019916 , 0.020915 , 0.01782 , 0.037601 , 0.024062 , 0.022825 , 0.032557 , 0.025837 
 428 , 0.015073 , 0.020264 , 0.020291 , 0.021276 , 0.018159 , 0.038092 , 0.02441 , 0.02315 , 0.032962 , 0.026162 
 429 , 0.01524 , 0.020588 , 0.020663 , 0.021639 , 0.018492 , 0.038581 , 0.024759 , 0.023468 , 0.033368 , 0.026488 
 430 , 0.015601 , 0.021085 , 0.021249 , 0.022192 , 0.019029 , 0.039436 , 0.025293 , 0.024004 , 0.034121 , 0.027122 
 431 , 0.016006 , 0.021619 , 0.021889 , 0.022793 , 0.019613 , 0.040378 , 0.025874 , 0.024592 , 0.034959 , 0.027835 
 432 , 0.016416 , 0.022154 , 0.022528 , 0.023391 , 0.020191 , 0.041313 , 0.026454 , 0.025176 , 0.035789 , 0.028545 
 433 , 0.016841 , 0.02279 , 0.023259 , 0.024096 , 0.020857 , 0.042405 , 0.027135 , 0.025852 , 0.036778 , 0.029365 
 434 , 0.017295 , 0.02356 , 0.024116 , 0.02493 , 0.021624 , 0.043704 , 0.02795 , 0.026642 , 0.037968 , 0.030324 
 435 , 0.017747 , 0.024331 , 0.024968 , 0.025771 , 0.022394 , 0.045002 , 0.028764 , 0.027431 , 0.039163 , 0.031285 
 436 , 0.018201 , 0.025097 , 0.025824 , 0.026605 , 0.023167 , 0.046288 , 0.02958 , 0.028222 , 0.040342 , 0.032242 
 437 , 0.018664 , 0.025825 , 0.026672 , 0.027408 , 0.023964 , 0.047502 , 0.03038 , 0.029005 , 0.041416 , 0.033154 
 438 , 0.019129 , 0.026554 , 0.027525 , 0.028207 , 0.024761 , 0.048711 , 0.031178 , 0.029789 , 0.042484 , 0.034062 
 439 , 0.019592 , 0.027286 , 0.028376 , 0.029012 , 0.025555 , 0.049921 , 0.031975 , 0.030575 , 0.043558 , 0.03497 
 440 , 0.019955 , 0.027898 , 0.029096 , 0.0297 , 0.02623 , 0.051002 , 0.032661 , 0.031261 , 0.044507 , 0.035756 
 441 , 0.020279 , 0.028462 , 0.029769 , 0.030343 , 0.026853 , 0.052031 , 0.033302 , 0.031904 , 0.045414 , 0.036489 
 442 , 0.0206 , 0.029026 , 0.030438 , 0.030987 , 0.027477 , 0.053064 , 0.033943 , 0.032547 , 0.046319 , 0.037216 
 443 , 0.020912 , 0.029587 , 0.031111 , 0.031629 , 0.028101 , 0.054065 , 0.034578 , 0.033165 , 0.047198 , 0.037945 
 444 , 0.021191 , 0.030143 , 0.03178 , 0.03227 , 0.028736 , 0.055008 , 0.035202 , 0.033716 , 0.048042 , 0.038673 
 445 , 0.021477 , 0.030693 , 0.032457 , 0.032906 , 0.029373 , 0.055953 , 0.03583 , 0.034266 , 0.048887 , 0.039398 
 446 , 0.021758 , 0.031248 , 0.033128 , 0.033542 , 0.030011 , 0.056893 , 0.036458 , 0.034819 , 0.049727 , 0.040122 
 447 , 0.021941 , 0.031586 , 0.033647 , 0.034023 , 0.03048 , 0.057643 , 0.036929 , 0.035256 , 0.050378 , 0.040663 
 448 , 0.02213 , 0.031917 , 0.034164 , 0.034496 , 0.030951 , 0.05839 , 0.037396 , 0.03569 , 0.051019 , 0.041197 
 449 , 0.022314 , 0.03225 , 0.034686 , 0.034973 , 0.031424 , 0.059137 , 0.037865 , 0.03612 , 0.051665 , 0.041729 
 450 , 0.022428 , 0.032512 , 0.035025 , 0.035313 , 0.031772 , 0.059626 , 0.038185 , 0.036429 , 0.052109 , 0.042119 
 451 , 0.022507 , 0.032726 , 0.035263 , 0.035581 , 0.032039 , 0.059949 , 0.038417 , 0.036655 , 0.052431 , 0.042423 
 452 , 0.022579 , 0.032941 , 0.035496 , 0.035842 , 0.032306 , 0.060278 , 0.038656 , 0.036888 , 0.052747 , 0.042721 
 453 , 0.022614 , 0.033096 , 0.035692 , 0.036062 , 0.032533 , 0.06055 , 0.03884 , 0.03706 , 0.053015 , 0.042962 
 454 , 0.022542 , 0.033091 , 0.035776 , 0.03615 , 0.03264 , 0.06067 , 0.038889 , 0.037092 , 0.053123 , 0.043037 
 455 , 0.022476 , 0.03309 , 0.035858 , 0.036237 , 0.032752 , 0.060788 , 0.038936 , 0.037123 , 0.053234 , 0.043115 
 456 , 0.022403 , 0.033082 , 0.035939 , 0.036322 , 0.032856 , 0.060903 , 0.038988 , 0.037153 , 0.053348 , 0.043198 
 457 , 0.022338 , 0.033067 , 0.035982 , 0.03637 , 0.032911 , 0.060963 , 0.039007 , 0.037156 , 0.053392 , 0.043253 
 458 , 0.022277 , 0.033056 , 0.036011 , 0.036414 , 0.032952 , 0.061007 , 0.039024 , 0.037157 , 0.053432 , 0.04331 
 459 , 0.022216 , 0.033043 , 0.036044 , 0.036457 , 0.032998 , 0.061055 , 0.039039 , 0.037157 , 0.05347 , 0.043371 
 460 , 0.022112 , 0.032959 , 0.036015 , 0.036404 , 0.032971 , 0.061006 , 0.039014 , 0.037106 , 0.053443 , 0.04335 
 461 , 0.021968 , 0.032815 , 0.035929 , 0.036259 , 0.032878 , 0.060869 , 0.038946 , 0.037003 , 0.053368 , 0.043265 
 462 , 0.021824 , 0.032676 , 0.035842 , 0.036113 , 0.032784 , 0.060729 , 0.038883 , 0.036899 , 0.053296 , 0.043184 
 463 , 0.02168 , 0.032525 , 0.035752 , 0.035966 , 0.032683 , 0.060581 , 0.038805 , 0.036787 , 0.053198 , 0.043089 
 464 , 0.021535 , 0.03233 , 0.035665 , 0.0358 , 0.032536 , 0.060391 , 0.03866 , 0.036615 , 0.053009 , 0.042963 
 465 , 0.021395 , 0.03214 , 0.035571 , 0.035627 , 0.03239 , 0.060204 , 0.038526 , 0.036449 , 0.052818 , 0.042834 
 466 , 0.02125 , 0.03195 , 0.035476 , 0.035459 , 0.032248 , 0.060015 , 0.038384 , 0.036276 , 0.052626 , 0.042699 
 467 , 0.021114 , 0.031844 , 0.035386 , 0.035403 , 0.032146 , 0.059894 , 0.038297 , 0.036177 , 0.05253 , 0.042619 
 468 , 0.020974 , 0.031765 , 0.035298 , 0.035369 , 0.032055 , 0.059794 , 0.038224 , 0.036085 , 0.052455 , 0.042544 
 469 , 0.020834 , 0.031685 , 0.035209 , 0.035334 , 0.031963 , 0.059698 , 0.03815 , 0.035999 , 0.052383 , 0.042475 
 470 , 0.020762 , 0.03165 , 0.03518 , 0.035316 , 0.031944 , 0.059716 , 0.038145 , 0.035984 , 0.052379 , 0.042468 
 471 , 0.020758 , 0.031675 , 0.035233 , 0.03533 , 0.032001 , 0.05988 , 0.038231 , 0.036053 , 0.052471 , 0.042543 
 472 , 0.020755 , 0.0317 , 0.035285 , 0.035339 , 0.032064 , 0.060043 , 0.038316 , 0.036127 , 0.052563 , 0.042618 
 473 , 0.020757 , 0.031731 , 0.035349 , 0.035365 , 0.032127 , 0.060213 , 0.038412 , 0.036201 , 0.052667 , 0.042704 
 474 , 0.020789 , 0.03178 , 0.035494 , 0.035494 , 0.032221 , 0.060428 , 0.038604 , 0.036317 , 0.052934 , 0.042885 
 475 , 0.020826 , 0.031832 , 0.035639 , 0.035622 , 0.032318 , 0.060649 , 0.038796 , 0.036431 , 0.053199 , 0.043067 
 476 , 0.020858 , 0.031884 , 0.035783 , 0.035751 , 0.032415 , 0.06087 , 0.038988 , 0.03655 , 0.053464 , 0.043249 
 477 , 0.020814 , 0.031954 , 0.035874 , 0.03588 , 0.032509 , 0.061076 , 0.039125 , 0.036676 , 0.053696 , 0.043413 
 478 , 0.020747 , 0.032026 , 0.035943 , 0.036015 , 0.032604 , 0.061279 , 0.039233 , 0.036807 , 0.053923 , 0.043569 
 479 , 0.02068 , 0.032103 , 0.036012 , 0.036145 , 0.032699 , 0.061483 , 0.039348 , 0.036939 , 0.054151 , 0.043725 
 480 , 0.020608 , 0.032134 , 0.03607 , 0.036197 , 0.032736 , 0.061608 , 0.03941 , 0.037003 , 0.054265 , 0.04381 
 481 , 0.020532 , 0.032084 , 0.036104 , 0.036098 , 0.032651 , 0.061586 , 0.039391 , 0.036946 , 0.054208 , 0.043785 
 482 , 0.020457 , 0.032034 , 0.036131 , 0.035999 , 0.032572 , 0.061564 , 0.039366 , 0.036889 , 0.05415 , 0.043759 
 483 , 0.020382 , 0.031984 , 0.036163 , 0.035906 , 0.032493 , 0.061546 , 0.039345 , 0.036831 , 0.054091 , 0.043733 
 484 , 0.020285 , 0.031942 , 0.036157 , 0.035928 , 0.032455 , 0.061542 , 0.039368 , 0.036818 , 0.054105 , 0.043747 
 485 , 0.020191 , 0.031897 , 0.036153 , 0.035957 , 0.03242 , 0.061541 , 0.039391 , 0.036806 , 0.054118 , 0.043761 
 486 , 0.020097 , 0.031857 , 0.036148 , 0.03598 , 0.032384 , 0.06154 , 0.039414 , 0.036794 , 0.05413 , 0.043775 
 487 , 0.020136 , 0.03199 , 0.036315 , 0.036169 , 0.032477 , 0.061838 , 0.039605 , 0.036954 , 0.054375 , 0.043995 
 488 , 0.020243 , 0.032206 , 0.036563 , 0.036438 , 0.032646 , 0.062282 , 0.039883 , 0.037199 , 0.054742 , 0.044316 
 489 , 0.020356 , 0.032418 , 0.036812 , 0.036703 , 0.032815 , 0.062733 , 0.040161 , 0.037449 , 0.055104 , 0.044638 
 490 , 0.020503 , 0.03269 , 0.037145 , 0.037036 , 0.033056 , 0.063272 , 0.040509 , 0.037757 , 0.055584 , 0.045046 
 491 , 0.020742 , 0.033089 , 0.037691 , 0.037504 , 0.033474 , 0.064029 , 0.041027 , 0.038202 , 0.056327 , 0.045645 
 492 , 0.020977 , 0.033491 , 0.038234 , 0.037974 , 0.033889 , 0.064784 , 0.041544 , 0.038655 , 0.057074 , 0.046248 
 493 , 0.021218 , 0.033889 , 0.038776 , 0.038447 , 0.034307 , 0.065544 , 0.042058 , 0.039099 , 0.057821 , 0.04685 
 494 , 0.021391 , 0.034277 , 0.039258 , 0.038939 , 0.034692 , 0.066246 , 0.042536 , 0.039521 , 0.058509 , 0.047393 
 495 , 0.021565 , 0.034662 , 0.039729 , 0.039437 , 0.035067 , 0.066948 , 0.043012 , 0.039943 , 0.059194 , 0.047933 
 496 , 0.021734 , 0.035054 , 0.040209 , 0.039932 , 0.03545 , 0.067647 , 0.043485 , 0.040362 , 0.059884 , 0.048471 
 497 , 0.021936 , 0.035451 , 0.040695 , 0.04044 , 0.035815 , 0.068295 , 0.043928 , 0.040741 , 0.060495 , 0.049001 
 498 , 0.022154 , 0.035862 , 0.041193 , 0.040954 , 0.036176 , 0.068906 , 0.044342 , 0.041091 , 0.061052 , 0.049519 
 499 , 0.022374 , 0.036275 , 0.041693 , 0.04147 , 0.036532 , 0.069518 , 0.044758 , 0.041442 , 0.061617 , 0.050045 
 500 , 0.022611 , 0.036724 , 0.042247 , 0.042018 , 0.036936 , 0.070198 , 0.045228 , 0.041823 , 0.062231 , 0.050614 
 501 , 0.0229 , 0.037301 , 0.042967 , 0.042674 , 0.037485 , 0.071079 , 0.045858 , 0.042312 , 0.063046 , 0.051346 
 502 , 0.023191 , 0.037871 , 0.043687 , 0.043335 , 0.038038 , 0.071962 , 0.046491 , 0.042798 , 0.06386 , 0.052077 
 503 , 0.023477 , 0.038443 , 0.044411 , 0.043994 , 0.038588 , 0.072843 , 0.047123 , 0.043287 , 0.064673 , 0.052813 
 504 , 0.02394 , 0.039228 , 0.045299 , 0.044874 , 0.039304 , 0.073929 , 0.047863 , 0.043942 , 0.065714 , 0.053712 
 505 , 0.024428 , 0.040043 , 0.046211 , 0.045789 , 0.040043 , 0.075055 , 0.048621 , 0.044622 , 0.066793 , 0.054632 
 506 , 0.024914 , 0.040859 , 0.047132 , 0.046707 , 0.040782 , 0.076171 , 0.049374 , 0.045303 , 0.067874 , 0.055559 
 507 , 0.025444 , 0.041708 , 0.048098 , 0.047641 , 0.041566 , 0.077289 , 0.050146 , 0.045984 , 0.068928 , 0.056518 
 508 , 0.026006 , 0.042599 , 0.04911 , 0.04859 , 0.04239 , 0.078402 , 0.050932 , 0.046667 , 0.069956 , 0.057508 
 509 , 0.026573 , 0.043486 , 0.050119 , 0.049542 , 0.043209 , 0.079516 , 0.051711 , 0.047349 , 0.070984 , 0.0585 
 510 , 0.027132 , 0.044373 , 0.05111 , 0.05047 , 0.044016 , 0.080581 , 0.052464 , 0.047998 , 0.071976 , 0.059462 
 511 , 0.027679 , 0.04526 , 0.052028 , 0.051296 , 0.044745 , 0.081445 , 0.05307 , 0.048505 , 0.072781 , 0.060256 
 512 , 0.028223 , 0.046145 , 0.052941 , 0.052129 , 0.045472 , 0.082304 , 0.053669 , 0.049006 , 0.073585 , 0.061053 
 513 , 0.028768 , 0.047032 , 0.053857 , 0.052958 , 0.046206 , 0.083166 , 0.054276 , 0.049516 , 0.074392 , 0.061847 
 514 , 0.029398 , 0.048029 , 0.054899 , 0.053847 , 0.047031 , 0.08403 , 0.054905 , 0.050041 , 0.075275 , 0.06267 
 515 , 0.03004 , 0.049042 , 0.055964 , 0.054752 , 0.047879 , 0.08489 , 0.055538 , 0.05057 , 0.076177 , 0.063495 
 516 , 0.030683 , 0.050057 , 0.057037 , 0.055653 , 0.048722 , 0.085751 , 0.056171 , 0.051093 , 0.077075 , 0.064322 
 517 , 0.031466 , 0.051268 , 0.058295 , 0.056743 , 0.049759 , 0.086834 , 0.056944 , 0.051763 , 0.078115 , 0.065358 
 518 , 0.032422 , 0.052718 , 0.059783 , 0.058061 , 0.051033 , 0.088189 , 0.057889 , 0.052607 , 0.079342 , 0.066657 
 519 , 0.033374 , 0.054176 , 0.061273 , 0.059373 , 0.052308 , 0.089543 , 0.058835 , 0.053446 , 0.080571 , 0.067961 
 520 , 0.034343 , 0.055661 , 0.06279 , 0.06071 , 0.053613 , 0.090938 , 0.059801 , 0.054316 , 0.081835 , 0.069284 
 521 , 0.035449 , 0.057447 , 0.064569 , 0.062243 , 0.055128 , 0.092658 , 0.060967 , 0.055398 , 0.083456 , 0.070822 
 522 , 0.036555 , 0.059232 , 0.066348 , 0.063771 , 0.056642 , 0.094377 , 0.062133 , 0.056476 , 0.085077 , 0.072354 
 523 , 0.037656 , 0.061015 , 0.068132 , 0.065298 , 0.058155 , 0.0961 , 0.063297 , 0.057559 , 0.086694 , 0.07389 
 524 , 0.038813 , 0.062827 , 0.069951 , 0.06681 , 0.059732 , 0.097852 , 0.064466 , 0.058657 , 0.088364 , 0.07545 
 525 , 0.039984 , 0.06465 , 0.071789 , 0.068321 , 0.061333 , 0.099616 , 0.065638 , 0.059763 , 0.09005 , 0.077023 
 526 , 0.041163 , 0.066477 , 0.073622 , 0.069828 , 0.062935 , 0.101381 , 0.066814 , 0.060872 , 0.091732 , 0.078599 
 527 , 0.042311 , 0.068314 , 0.07545 , 0.071338 , 0.064542 , 0.103142 , 0.068 , 0.061978 , 0.093382 , 0.080163 
 528 , 0.043426 , 0.070157 , 0.077254 , 0.072846 , 0.066167 , 0.104882 , 0.0692 , 0.063094 , 0.09496 , 0.081703 
 529 , 0.044541 , 0.07201 , 0.079059 , 0.074357 , 0.067798 , 0.106623 , 0.070397 , 0.064205 , 0.096546 , 0.08325 
 530 , 0.045648 , 0.07385 , 0.080856 , 0.075862 , 0.069413 , 0.10835 , 0.071583 , 0.065312 , 0.09813 , 0.084785 
 531 , 0.046578 , 0.075499 , 0.082551 , 0.077182 , 0.070851 , 0.109899 , 0.072576 , 0.066348 , 0.099584 , 0.086194 
 532 , 0.047513 , 0.077153 , 0.084249 , 0.078501 , 0.072278 , 0.111445 , 0.073563 , 0.067383 , 0.101039 , 0.087608 
 533 , 0.048443 , 0.078811 , 0.085944 , 0.079818 , 0.073713 , 0.112996 , 0.074558 , 0.068418 , 0.102497 , 0.089014 
 534 , 0.049283 , 0.080221 , 0.087412 , 0.080966 , 0.074981 , 0.114294 , 0.075385 , 0.069258 , 0.103721 , 0.090198 
 535 , 0.050085 , 0.081519 , 0.088777 , 0.082026 , 0.076165 , 0.11547 , 0.076137 , 0.070019 , 0.104826 , 0.091273 
 536 , 0.050886 , 0.08282 , 0.090139 , 0.083092 , 0.077344 , 0.116653 , 0.076892 , 0.070778 , 0.105937 , 0.092346 
 537 , 0.051603 , 0.084038 , 0.091424 , 0.084081 , 0.078467 , 0.117755 , 0.077603 , 0.071492 , 0.106996 , 0.093362 
 538 , 0.052142 , 0.085092 , 0.092553 , 0.084933 , 0.079454 , 0.118707 , 0.078246 , 0.072109 , 0.107917 , 0.094254 
 539 , 0.052677 , 0.086152 , 0.093674 , 0.085781 , 0.080447 , 0.119656 , 0.078891 , 0.072721 , 0.108849 , 0.095149 
 540 , 0.053206 , 0.087203 , 0.094801 , 0.086626 , 0.08143 , 0.120608 , 0.079532 , 0.073336 , 0.109777 , 0.096041 
 541 , 0.053737 , 0.088256 , 0.095889 , 0.087508 , 0.082413 , 0.121588 , 0.080147 , 0.074017 , 0.1107 , 0.096959 
 542 , 0.054269 , 0.089297 , 0.096973 , 0.088391 , 0.08339 , 0.122565 , 0.080767 , 0.074704 , 0.111633 , 0.097872 
 543 , 0.054805 , 0.090345 , 0.098064 , 0.089272 , 0.084365 , 0.123539 , 0.081382 , 0.075387 , 0.112563 , 0.098782 
 544 , 0.055309 , 0.091382 , 0.099123 , 0.090095 , 0.085336 , 0.124532 , 0.082012 , 0.076071 , 0.113511 , 0.09971 
 545 , 0.055793 , 0.092403 , 0.100167 , 0.090893 , 0.086305 , 0.125538 , 0.08265 , 0.076754 , 0.114463 , 0.100638 
 546 , 0.056279 , 0.09343 , 0.10121 , 0.091687 , 0.087272 , 0.12654 , 0.083284 , 0.077434 , 0.115418 , 0.10157 
 547 , 0.056723 , 0.094382 , 0.1022 , 0.092427 , 0.088178 , 0.12746 , 0.083876 , 0.078058 , 0.116305 , 0.102434 
 548 , 0.057055 , 0.095183 , 0.103067 , 0.093061 , 0.088945 , 0.128195 , 0.084359 , 0.07856 , 0.117059 , 0.103135 
 549 , 0.057395 , 0.095986 , 0.103934 , 0.093694 , 0.089713 , 0.128928 , 0.084848 , 0.079054 , 0.117813 , 0.103835 
 550 , 0.057736 , 0.096792 , 0.104806 , 0.09433 , 0.090484 , 0.129656 , 0.085339 , 0.079558 , 0.118561 , 0.104538 
 551 , 0.05785 , 0.097222 , 0.10528 , 0.094699 , 0.090942 , 0.130107 , 0.085644 , 0.079878 , 0.119058 , 0.104935 
 552 , 0.057949 , 0.097623 , 0.105712 , 0.095034 , 0.09137 , 0.13053 , 0.085932 , 0.080194 , 0.119523 , 0.105304 
 553 , 0.058047 , 0.098025 , 0.106151 , 0.095377 , 0.091799 , 0.130953 , 0.086212 , 0.080502 , 0.119987 , 0.105666 
 554 , 0.057993 , 0.098178 , 0.106377 , 0.095543 , 0.09199 , 0.131166 , 0.086342 , 0.080648 , 0.120224 , 0.105868 
 555 , 0.057827 , 0.09818 , 0.10647 , 0.095607 , 0.092009 , 0.131223 , 0.086347 , 0.080669 , 0.120299 , 0.105954 
 556 , 0.05766 , 0.098175 , 0.106562 , 0.095671 , 0.092028 , 0.131279 , 0.086351 , 0.08069 , 0.120365 , 0.106039 
 557 , 0.057454 , 0.098098 , 0.106576 , 0.095687 , 0.092006 , 0.131279 , 0.086331 , 0.080687 , 0.120391 , 0.106068 
 558 , 0.057075 , 0.097762 , 0.10631 , 0.095517 , 0.091843 , 0.131077 , 0.086224 , 0.080605 , 0.120254 , 0.105902 
 559 , 0.056696 , 0.097426 , 0.106042 , 0.095347 , 0.09168 , 0.130868 , 0.08611 , 0.080517 , 0.12012 , 0.105742 
 560 , 0.056317 , 0.097091 , 0.105767 , 0.095169 , 0.091517 , 0.130659 , 0.086004 , 0.080429 , 0.119993 , 0.105583 
 561 , 0.055879 , 0.096571 , 0.105401 , 0.094936 , 0.091193 , 0.130457 , 0.085869 , 0.080331 , 0.119885 , 0.105386 
 562 , 0.055426 , 0.096021 , 0.105025 , 0.094695 , 0.090841 , 0.130254 , 0.085729 , 0.080229 , 0.11978 , 0.105192 
 563 , 0.054975 , 0.095471 , 0.10464 , 0.094453 , 0.090496 , 0.130058 , 0.085596 , 0.080134 , 0.119674 , 0.104997 
 564 , 0.054417 , 0.094812 , 0.104148 , 0.094138 , 0.090035 , 0.129755 , 0.085393 , 0.079926 , 0.11942 , 0.104693 
 565 , 0.05378 , 0.094038 , 0.103538 , 0.093744 , 0.089481 , 0.129369 , 0.085134 , 0.079627 , 0.119041 , 0.104314 
 566 , 0.053147 , 0.09326 , 0.102929 , 0.093358 , 0.088928 , 0.128989 , 0.084873 , 0.079327 , 0.118653 , 0.103933 
 567 , 0.052503 , 0.092464 , 0.102292 , 0.092941 , 0.088348 , 0.128577 , 0.084597 , 0.079012 , 0.118272 , 0.10353 
 568 , 0.051807 , 0.091553 , 0.101524 , 0.092405 , 0.087641 , 0.128046 , 0.084248 , 0.078662 , 0.117882 , 0.103036 
 569 , 0.051108 , 0.090641 , 0.100758 , 0.09187 , 0.086933 , 0.127519 , 0.083894 , 0.078309 , 0.117483 , 0.102531 
 570 , 0.050413 , 0.089733 , 0.099985 , 0.091334 , 0.086218 , 0.126986 , 0.083544 , 0.077961 , 0.117084 , 0.102031 
 571 , 0.049687 , 0.088791 , 0.099098 , 0.090764 , 0.085534 , 0.126444 , 0.083177 , 0.077599 , 0.116645 , 0.101521 
 572 , 0.048962 , 0.087848 , 0.098183 , 0.090194 , 0.084854 , 0.125906 , 0.08281 , 0.077239 , 0.116197 , 0.101026 
 573 , 0.048235 , 0.086902 , 0.09727 , 0.089622 , 0.084167 , 0.125368 , 0.082432 , 0.076883 , 0.115757 , 0.100526 
 574 , 0.047552 , 0.086 , 0.09645 , 0.089082 , 0.083464 , 0.124824 , 0.082061 , 0.076514 , 0.115302 , 0.100007 
 575 , 0.046919 , 0.085122 , 0.095721 , 0.088566 , 0.082732 , 0.124273 , 0.081698 , 0.076131 , 0.114826 , 0.099468 
 576 , 0.04629 , 0.084239 , 0.094999 , 0.088047 , 0.082001 , 0.123723 , 0.081331 , 0.075746 , 0.114351 , 0.098925 
 577 , 0.045664 , 0.083352 , 0.094261 , 0.087523 , 0.081276 , 0.12315 , 0.080944 , 0.075355 , 0.113859 , 0.09837 
 578 , 0.045077 , 0.082418 , 0.093455 , 0.086948 , 0.080585 , 0.122463 , 0.080461 , 0.074922 , 0.113306 , 0.097779 
 579 , 0.044491 , 0.081483 , 0.092647 , 0.086381 , 0.07989 , 0.121779 , 0.079978 , 0.074488 , 0.112747 , 0.097197 
 580 , 0.043896 , 0.080554 , 0.091834 , 0.085806 , 0.079189 , 0.121099 , 0.079493 , 0.074053 , 0.112191 , 0.096613 
 581 , 0.043198 , 0.079444 , 0.090762 , 0.084996 , 0.078265 , 0.12001 , 0.078794 , 0.073363 , 0.111256 , 0.095712 
 582 , 0.042469 , 0.078287 , 0.089621 , 0.084136 , 0.07728 , 0.118808 , 0.078035 , 0.07261 , 0.110216 , 0.094722 
 583 , 0.041739 , 0.077129 , 0.088476 , 0.083268 , 0.076297 , 0.11761 , 0.07728 , 0.071855 , 0.109178 , 0.09373 
 584 , 0.040975 , 0.075856 , 0.087202 , 0.082267 , 0.075176 , 0.116222 , 0.07638 , 0.07096 , 0.107932 , 0.092558 
 585 , 0.040167 , 0.074452 , 0.08577 , 0.081093 , 0.073891 , 0.114619 , 0.07532 , 0.069903 , 0.10644 , 0.091174 
 586 , 0.039366 , 0.073045 , 0.084336 , 0.079919 , 0.072605 , 0.113013 , 0.074264 , 0.068841 , 0.104945 , 0.08979 
 587 , 0.038564 , 0.071653 , 0.082926 , 0.078762 , 0.071331 , 0.111411 , 0.073218 , 0.067792 , 0.10346 , 0.08842 
 588 , 0.037779 , 0.070376 , 0.081624 , 0.077743 , 0.070132 , 0.109876 , 0.072256 , 0.066787 , 0.102052 , 0.087178 
 589 , 0.036992 , 0.069099 , 0.080328 , 0.07672 , 0.068937 , 0.108345 , 0.071292 , 0.06578 , 0.10064 , 0.085942 
 590 , 0.036208 , 0.067821 , 0.079032 , 0.075697 , 0.067743 , 0.106811 , 0.070329 , 0.064777 , 0.099231 , 0.084703 
 591 , 0.035705 , 0.066912 , 0.078112 , 0.075008 , 0.066941 , 0.105785 , 0.069704 , 0.06409 , 0.098248 , 0.083815 
 592 , 0.03529 , 0.066119 , 0.0773 , 0.074422 , 0.066253 , 0.104906 , 0.069184 , 0.063509 , 0.097403 , 0.083034 
 593 , 0.034871 , 0.06533 , 0.076492 , 0.073831 , 0.065568 , 0.104029 , 0.068659 , 0.062924 , 0.096555 , 0.082256 
 594 , 0.034505 , 0.064668 , 0.075811 , 0.07337 , 0.064991 , 0.103349 , 0.068239 , 0.062457 , 0.09588 , 0.081622 
 595 , 0.034213 , 0.064187 , 0.075307 , 0.073082 , 0.064571 , 0.10293 , 0.067972 , 0.062163 , 0.095441 , 0.081196 
 596 , 0.033915 , 0.063702 , 0.074798 , 0.072799 , 0.064147 , 0.102517 , 0.067699 , 0.061863 , 0.095002 , 0.080771 
 597 , 0.033625 , 0.063229 , 0.074301 , 0.072521 , 0.06373 , 0.102108 , 0.067426 , 0.061569 , 0.094574 , 0.080357 
 598 , 0.033433 , 0.062855 , 0.07394 , 0.072337 , 0.063376 , 0.101804 , 0.067211 , 0.061302 , 0.094288 , 0.08003 
 599 , 0.033243 , 0.062479 , 0.07358 , 0.072152 , 0.063026 , 0.101507 , 0.066999 , 0.061034 , 0.094017 , 0.079704 
 600 , 0.033054 , 0.062104 , 0.073215 , 0.071967 , 0.062672 , 0.101208 , 0.066782 , 0.060771 , 0.09374 , 0.079378 
 601 , 0.032821 , 0.06173 , 0.072881 , 0.071794 , 0.06229 , 0.100894 , 0.066588 , 0.060519 , 0.093441 , 0.079045 
 602 , 0.032574 , 0.06134 , 0.072555 , 0.071634 , 0.061898 , 0.100583 , 0.066406 , 0.060267 , 0.093138 , 0.07871 
 603 , 0.032329 , 0.060956 , 0.072225 , 0.071479 , 0.061508 , 0.100267 , 0.066223 , 0.060021 , 0.092835 , 0.078371 
 604 , 0.032101 , 0.060544 , 0.071853 , 0.071282 , 0.061099 , 0.099925 , 0.065999 , 0.059745 , 0.092523 , 0.078023 
 605 , 0.031887 , 0.060088 , 0.071399 , 0.071028 , 0.060652 , 0.099534 , 0.065724 , 0.059436 , 0.092207 , 0.077664 
 606 , 0.031679 , 0.059627 , 0.07095 , 0.070773 , 0.06021 , 0.09914 , 0.065448 , 0.059121 , 0.091889 , 0.077304 
 607 , 0.03146 , 0.059163 , 0.070486 , 0.070513 , 0.059754 , 0.098742 , 0.065167 , 0.058807 , 0.091565 , 0.076934 
 608 , 0.031123 , 0.058593 , 0.069896 , 0.070065 , 0.059215 , 0.098195 , 0.064754 , 0.058413 , 0.091112 , 0.076412 
 609 , 0.030785 , 0.058027 , 0.069301 , 0.069616 , 0.058667 , 0.097655 , 0.064337 , 0.058021 , 0.090662 , 0.075882 
 610 , 0.030448 , 0.057463 , 0.068709 , 0.069168 , 0.058127 , 0.097111 , 0.06392 , 0.057631 , 0.090211 , 0.07536 
 611 , 0.030136 , 0.056915 , 0.06812 , 0.068722 , 0.057624 , 0.096559 , 0.063538 , 0.057248 , 0.089742 , 0.074846 
 612 , 0.029837 , 0.056383 , 0.067531 , 0.068274 , 0.057136 , 0.096005 , 0.06317 , 0.056885 , 0.089277 , 0.074345 
 613 , 0.029535 , 0.055848 , 0.066944 , 0.067832 , 0.056651 , 0.095453 , 0.062807 , 0.056518 , 0.088807 , 0.07384 
 614 , 0.029255 , 0.05536 , 0.066428 , 0.067439 , 0.056228 , 0.094989 , 0.062505 , 0.056212 , 0.08842 , 0.073436 
 615 , 0.029004 , 0.054944 , 0.066034 , 0.067143 , 0.055911 , 0.094689 , 0.062316 , 0.056027 , 0.088183 , 0.073195 
 616 , 0.02875 , 0.054533 , 0.065641 , 0.066848 , 0.055592 , 0.094391 , 0.062126 , 0.05584 , 0.087941 , 0.072955 
 617 , 0.028503 , 0.054119 , 0.065245 , 0.066554 , 0.055281 , 0.094095 , 0.061943 , 0.055654 , 0.087701 , 0.072716 
 618 , 0.028435 , 0.053905 , 0.065034 , 0.066443 , 0.055177 , 0.094047 , 0.061911 , 0.055634 , 0.087733 , 0.072683 
 619 , 0.028367 , 0.053695 , 0.064821 , 0.06633 , 0.055078 , 0.093997 , 0.061876 , 0.055609 , 0.087761 , 0.07265 
 620 , 0.028294 , 0.053485 , 0.064607 , 0.066211 , 0.054973 , 0.093953 , 0.061841 , 0.055588 , 0.087784 , 0.072617 
 621 , 0.028241 , 0.053321 , 0.064409 , 0.066114 , 0.054899 , 0.093908 , 0.061811 , 0.055551 , 0.08779 , 0.072594 
 622 , 0.028194 , 0.053175 , 0.064216 , 0.066015 , 0.054837 , 0.093862 , 0.061791 , 0.0555 , 0.087786 , 0.072585 
 623 , 0.028153 , 0.053028 , 0.064022 , 0.065916 , 0.054775 , 0.093811 , 0.061766 , 0.055443 , 0.087783 , 0.07257 
 624 , 0.028101 , 0.052903 , 0.063873 , 0.065857 , 0.054745 , 0.093784 , 0.061758 , 0.055403 , 0.087813 , 0.072576 
 625 , 0.028053 , 0.052819 , 0.063826 , 0.06589 , 0.054784 , 0.093795 , 0.061798 , 0.055389 , 0.087923 , 0.072631 
 626 , 0.028 , 0.052743 , 0.06378 , 0.065926 , 0.054825 , 0.093804 , 0.06184 , 0.055383 , 0.088038 , 0.072688 
 627 , 0.027953 , 0.052661 , 0.063735 , 0.065962 , 0.054866 , 0.093814 , 0.061883 , 0.055373 , 0.088148 , 0.072741 
 628 , 0.027967 , 0.052579 , 0.063705 , 0.065984 , 0.054863 , 0.093893 , 0.061933 , 0.055406 , 0.088311 , 0.072827 
 629 , 0.027984 , 0.05249 , 0.063671 , 0.066009 , 0.054865 , 0.093973 , 0.061981 , 0.055441 , 0.088472 , 0.072914 
 630 , 0.027996 , 0.052406 , 0.063642 , 0.066029 , 0.054868 , 0.094052 , 0.062031 , 0.055475 , 0.088638 , 0.073002 
 631 , 0.028 , 0.05237 , 0.063622 , 0.066063 , 0.05489 , 0.094173 , 0.062096 , 0.055555 , 0.088827 , 0.073116 
 632 , 0.028004 , 0.052352 , 0.063603 , 0.06609 , 0.054919 , 0.094316 , 0.062179 , 0.055665 , 0.08904 , 0.07325 
 633 , 0.028004 , 0.052334 , 0.063588 , 0.066116 , 0.054948 , 0.09446 , 0.062257 , 0.055775 , 0.089254 , 0.073378 
 634 , 0.028005 , 0.052289 , 0.063561 , 0.066108 , 0.054958 , 0.09459 , 0.062324 , 0.055871 , 0.089442 , 0.073474 
 635 , 0.028001 , 0.052195 , 0.063492 , 0.066046 , 0.054925 , 0.094701 , 0.062366 , 0.055928 , 0.089554 , 0.073488 
 636 , 0.028002 , 0.052102 , 0.063432 , 0.065983 , 0.054893 , 0.094815 , 0.062411 , 0.055988 , 0.089674 , 0.073506 
 637 , 0.027998 , 0.052015 , 0.063366 , 0.06592 , 0.054856 , 0.094929 , 0.06245 , 0.056043 , 0.089788 , 0.07352 
 638 , 0.027875 , 0.051836 , 0.063155 , 0.065682 , 0.054661 , 0.094964 , 0.062398 , 0.056026 , 0.08983 , 0.073413 
 639 , 0.027744 , 0.051654 , 0.062939 , 0.065443 , 0.054458 , 0.094993 , 0.062335 , 0.056001 , 0.089866 , 0.073299 
 640 , 0.027614 , 0.051472 , 0.062727 , 0.065198 , 0.054259 , 0.095026 , 0.062277 , 0.055981 , 0.089907 , 0.07319 
 641 , 0.027449 , 0.051188 , 0.062441 , 0.06487 , 0.053938 , 0.094962 , 0.0622 , 0.055906 , 0.089821 , 0.072981 
 642 , 0.027267 , 0.050854 , 0.062127 , 0.064498 , 0.053553 , 0.094851 , 0.062105 , 0.055801 , 0.089657 , 0.072724 
 643 , 0.027085 , 0.050519 , 0.061812 , 0.064121 , 0.053172 , 0.09474 , 0.062011 , 0.055696 , 0.089494 , 0.072461 
 644 , 0.026893 , 0.050172 , 0.061481 , 0.063713 , 0.052807 , 0.094601 , 0.061911 , 0.055593 , 0.089299 , 0.072188 
 645 , 0.026681 , 0.049814 , 0.061127 , 0.063232 , 0.052501 , 0.09441 , 0.061811 , 0.0555 , 0.089057 , 0.071896 
 646 , 0.026465 , 0.049449 , 0.060763 , 0.062746 , 0.052192 , 0.094214 , 0.061706 , 0.0554 , 0.088807 , 0.071597 
 647 , 0.026249 , 0.049078 , 0.060393 , 0.06226 , 0.051878 , 0.094018 , 0.061601 , 0.055305 , 0.088558 , 0.071297 
 648 , 0.026064 , 0.048693 , 0.060013 , 0.061747 , 0.051556 , 0.093844 , 0.061412 , 0.055142 , 0.088324 , 0.070993 
 649 , 0.02588 , 0.048292 , 0.059631 , 0.06123 , 0.051231 , 0.093673 , 0.061219 , 0.054974 , 0.088093 , 0.070678 
 650 , 0.025691 , 0.047891 , 0.059237 , 0.060707 , 0.050906 , 0.093497 , 0.06102 , 0.054801 , 0.087856 , 0.070367 
 651 , 0.025503 , 0.04756 , 0.058896 , 0.060295 , 0.050618 , 0.093315 , 0.060895 , 0.054681 , 0.087657 , 0.070102 
 652 , 0.025305 , 0.047275 , 0.058587 , 0.059955 , 0.05035 , 0.093123 , 0.060819 , 0.054582 , 0.087486 , 0.069883 
 653 , 0.025106 , 0.046985 , 0.058273 , 0.059614 , 0.050083 , 0.092921 , 0.060738 , 0.054489 , 0.087315 , 0.069659 
 654 , 0.024923 , 0.046692 , 0.057973 , 0.059253 , 0.049824 , 0.09273 , 0.060641 , 0.054393 , 0.087141 , 0.069433 
 655 , 0.024772 , 0.046397 , 0.057684 , 0.05885 , 0.049587 , 0.092572 , 0.060491 , 0.0543 , 0.08698 , 0.069177 
 656 , 0.024619 , 0.0461 , 0.057394 , 0.058453 , 0.049357 , 0.092421 , 0.060348 , 0.054213 , 0.086815 , 0.068926 
 657 , 0.024466 , 0.045803 , 0.057103 , 0.058049 , 0.049121 , 0.092265 , 0.0602 , 0.054125 , 0.086649 , 0.068669 
 658 , 0.024269 , 0.045433 , 0.056785 , 0.057616 , 0.04885 , 0.09213 , 0.060067 , 0.054021 , 0.086505 , 0.068455 
 659 , 0.024078 , 0.045067 , 0.056463 , 0.057176 , 0.048578 , 0.092003 , 0.059926 , 0.053914 , 0.086364 , 0.068254 
 660 , 0.023882 , 0.044705 , 0.056147 , 0.056736 , 0.048305 , 0.09187 , 0.059789 , 0.053806 , 0.086222 , 0.068058 
 661 , 0.023694 , 0.044387 , 0.055779 , 0.056255 , 0.048036 , 0.091693 , 0.059613 , 0.053703 , 0.086037 , 0.067794 
 662 , 0.023511 , 0.044091 , 0.055374 , 0.055741 , 0.047769 , 0.091482 , 0.059419 , 0.053594 , 0.085819 , 0.067489 
 663 , 0.023329 , 0.043795 , 0.054978 , 0.055227 , 0.047501 , 0.09127 , 0.059225 , 0.053485 , 0.0856 , 0.067184 
 664 , 0.023167 , 0.043501 , 0.054602 , 0.054738 , 0.047232 , 0.09108 , 0.059043 , 0.053379 , 0.085383 , 0.066901 
 665 , 0.023046 , 0.043197 , 0.054294 , 0.0543 , 0.04697 , 0.090921 , 0.058881 , 0.053281 , 0.085169 , 0.066671 
 666 , 0.022931 , 0.042895 , 0.053984 , 0.053864 , 0.046709 , 0.090759 , 0.05872 , 0.053186 , 0.084955 , 0.066439 
 667 , 0.022816 , 0.042593 , 0.053678 , 0.053428 , 0.046452 , 0.090598 , 0.058558 , 0.053097 , 0.084746 , 0.066212 
 668 , 0.022664 , 0.042398 , 0.053463 , 0.053121 , 0.046294 , 0.090507 , 0.058452 , 0.053034 , 0.084621 , 0.066061 
 669 , 0.022511 , 0.04221 , 0.053248 , 0.052813 , 0.046138 , 0.090421 , 0.058351 , 0.052971 , 0.084497 , 0.065908 
 670 , 0.022365 , 0.042017 , 0.053034 , 0.052505 , 0.045982 , 0.090335 , 0.05825 , 0.052908 , 0.084372 , 0.065754 
 671 , 0.022301 , 0.041903 , 0.052925 , 0.052336 , 0.045906 , 0.090345 , 0.058216 , 0.052914 , 0.084324 , 0.065655 
 672 , 0.0223 , 0.041834 , 0.052872 , 0.052244 , 0.045889 , 0.090422 , 0.058227 , 0.052954 , 0.084335 , 0.065604 
 673 , 0.022298 , 0.041765 , 0.052813 , 0.052151 , 0.045871 , 0.0905 , 0.058244 , 0.052994 , 0.084346 , 0.065547 
 674 , 0.022308 , 0.041746 , 0.052806 , 0.052115 , 0.045893 , 0.090602 , 0.058292 , 0.053037 , 0.084424 , 0.065545 
 675 , 0.022337 , 0.041853 , 0.052912 , 0.052219 , 0.046032 , 0.090773 , 0.058438 , 0.053093 , 0.084652 , 0.065659 
 676 , 0.022368 , 0.041959 , 0.053019 , 0.052319 , 0.046169 , 0.090943 , 0.058579 , 0.053151 , 0.084871 , 0.065765 
 677 , 0.022399 , 0.042064 , 0.053126 , 0.052419 , 0.046306 , 0.091115 , 0.058726 , 0.053209 , 0.085095 , 0.065877 
 678 , 0.022636 , 0.042371 , 0.053511 , 0.052924 , 0.046646 , 0.091496 , 0.059029 , 0.053423 , 0.085541 , 0.066282 
 679 , 0.022878 , 0.042683 , 0.053922 , 0.053455 , 0.047 , 0.091883 , 0.059344 , 0.05365 , 0.086011 , 0.066711 
 680 , 0.023126 , 0.043002 , 0.054335 , 0.05399 , 0.047366 , 0.092278 , 0.059656 , 0.053878 , 0.086483 , 0.067142 
 681 , 0.023531 , 0.043557 , 0.055032 , 0.05492 , 0.047939 , 0.092905 , 0.060169 , 0.054194 , 0.087182 , 0.067809 
 682 , 0.024038 , 0.044267 , 0.05592 , 0.05611 , 0.048642 , 0.093686 , 0.060815 , 0.054566 , 0.088019 , 0.068624 
 683 , 0.024558 , 0.044996 , 0.056816 , 0.05732 , 0.049357 , 0.094482 , 0.061469 , 0.054946 , 0.088877 , 0.069453 
 684 , 0.025211 , 0.045962 , 0.057942 , 0.058822 , 0.05026 , 0.09547 , 0.06228 , 0.055465 , 0.089945 , 0.070495 
 685 , 0.026161 , 0.047483 , 0.059585 , 0.061021 , 0.051611 , 0.096912 , 0.063438 , 0.05631 , 0.091523 , 0.072024 
 686 , 0.027139 , 0.049041 , 0.061266 , 0.063264 , 0.052987 , 0.098384 , 0.064617 , 0.057174 , 0.093136 , 0.073575 
 687 , 0.028129 , 0.05063 , 0.062978 , 0.065551 , 0.054388 , 0.099883 , 0.065821 , 0.058051 , 0.094787 , 0.075158 
 688 , 0.029641 , 0.052972 , 0.065379 , 0.068744 , 0.056499 , 0.101974 , 0.067389 , 0.059277 , 0.097036 , 0.077378 
 689 , 0.031182 , 0.055355 , 0.067823 , 0.071992 , 0.05865 , 0.10411 , 0.068988 , 0.060516 , 0.099319 , 0.079651 
 690 , 0.032732 , 0.057748 , 0.070281 , 0.07526 , 0.060809 , 0.106254 , 0.0706 , 0.061757 , 0.101616 , 0.081928 
 691 , 0.034655 , 0.060693 , 0.073223 , 0.078988 , 0.063405 , 0.108744 , 0.072452 , 0.063237 , 0.104277 , 0.084562 
 692 , 0.036771 , 0.063929 , 0.076413 , 0.082943 , 0.066247 , 0.11143 , 0.074453 , 0.064845 , 0.107124 , 0.087367 
 693 , 0.038878 , 0.067142 , 0.079581 , 0.086874 , 0.069067 , 0.114095 , 0.076433 , 0.066445 , 0.109949 , 0.090155 
 694 , 0.041111 , 0.070554 , 0.082908 , 0.090932 , 0.072042 , 0.116864 , 0.078472 , 0.068091 , 0.11283 , 0.093043 
 695 , 0.043707 , 0.07448 , 0.086653 , 0.095353 , 0.075386 , 0.119894 , 0.080661 , 0.069855 , 0.115903 , 0.096242 
 696 , 0.046274 , 0.078361 , 0.090362 , 0.099724 , 0.078694 , 0.122888 , 0.08282 , 0.071601 , 0.118945 , 0.099402 
 697 , 0.048818 , 0.082204 , 0.094034 , 0.104054 , 0.081961 , 0.125849 , 0.084949 , 0.073324 , 0.121959 , 0.102532 
 698 , 0.051831 , 0.086692 , 0.098193 , 0.108767 , 0.085655 , 0.129163 , 0.087261 , 0.075246 , 0.125245 , 0.105886 
 699 , 0.054832 , 0.091166 , 0.102337 , 0.113464 , 0.089345 , 0.13245 , 0.08956 , 0.077157 , 0.128512 , 0.109207 
 700 , 0.057796 , 0.095599 , 0.106443 , 0.118108 , 0.092995 , 0.135705 , 0.091833 , 0.079049 , 0.131736 , 0.112489 
 701 , 0.060894 , 0.100244 , 0.110637 , 0.122706 , 0.096726 , 0.138992 , 0.094132 , 0.080938 , 0.134951 , 0.115792 
 702 , 0.064061 , 0.10498 , 0.114855 , 0.12722 , 0.10045 , 0.142282 , 0.096437 , 0.082827 , 0.138161 , 0.119096 
 703 , 0.067185 , 0.109655 , 0.119027 , 0.131685 , 0.104132 , 0.14554 , 0.098712 , 0.08469 , 0.141333 , 0.122356 
 704 , 0.070335 , 0.114345 , 0.123203 , 0.136102 , 0.107807 , 0.148752 , 0.100945 , 0.08653 , 0.144447 , 0.12556 
 705 , 0.073599 , 0.11915 , 0.127469 , 0.140523 , 0.111562 , 0.151965 , 0.103098 , 0.088346 , 0.147472 , 0.128695 
 706 , 0.076839 , 0.123928 , 0.131707 , 0.144926 , 0.115304 , 0.15516 , 0.105241 , 0.090149 , 0.150463 , 0.131814 
 707 , 0.08006 , 0.128667 , 0.135915 , 0.149304 , 0.119022 , 0.158341 , 0.10737 , 0.091936 , 0.153436 , 0.134909 
 708 , 0.083134 , 0.133134 , 0.139878 , 0.153121 , 0.122486 , 0.161211 , 0.109334 , 0.093463 , 0.15602 , 0.137655 
 709 , 0.086214 , 0.137625 , 0.143865 , 0.156915 , 0.125935 , 0.164053 , 0.111299 , 0.094992 , 0.158607 , 0.140401 
 710 , 0.089312 , 0.142139 , 0.147874 , 0.160731 , 0.129398 , 0.166908 , 0.113266 , 0.096524 , 0.16121 , 0.143164 
 711 , 0.092422 , 0.146455 , 0.151728 , 0.164312 , 0.132604 , 0.169558 , 0.115105 , 0.097894 , 0.163592 , 0.145651 
 712 , 0.095621 , 0.150742 , 0.155553 , 0.167864 , 0.135762 , 0.172162 , 0.116901 , 0.099184 , 0.1659 , 0.14801 
 713 , 0.098901 , 0.155144 , 0.159477 , 0.17151 , 0.139011 , 0.174831 , 0.118738 , 0.10051 , 0.168267 , 0.150432 
 714 , 0.102308 , 0.159657 , 0.163485 , 0.175192 , 0.1423 , 0.17755 , 0.120599 , 0.101834 , 0.170626 , 0.152836 
 715 , 0.105903 , 0.164286 , 0.167547 , 0.17881 , 0.145561 , 0.180258 , 0.122446 , 0.103105 , 0.172868 , 0.155134 
 716 , 0.10962 , 0.169079 , 0.17174 , 0.182539 , 0.148927 , 0.18305 , 0.124362 , 0.104415 , 0.175183 , 0.157504 
 717 , 0.113473 , 0.174037 , 0.176079 , 0.186406 , 0.152403 , 0.185934 , 0.126345 , 0.105772 , 0.177578 , 0.159957 
 718 , 0.117553 , 0.179125 , 0.180465 , 0.190142 , 0.15591 , 0.188833 , 0.128298 , 0.107215 , 0.179991 , 0.16249 
 719 , 0.121741 , 0.184362 , 0.185 , 0.193977 , 0.159529 , 0.191838 , 0.130282 , 0.108697 , 0.182474 , 0.165122 
 720 , 0.126039 , 0.189734 , 0.189649 , 0.197915 , 0.163245 , 0.194928 , 0.132319 , 0.110223 , 0.185021 , 0.167819 
 721 , 0.130439 , 0.194992 , 0.194174 , 0.201695 , 0.166893 , 0.197873 , 0.134232 , 0.11167 , 0.187531 , 0.170393 
 722 , 0.134905 , 0.200139 , 0.198596 , 0.205441 , 0.170485 , 0.200743 , 0.136117 , 0.11308 , 0.190045 , 0.172903 
 723 , 0.139405 , 0.20533 , 0.203061 , 0.209218 , 0.174104 , 0.203643 , 0.138023 , 0.114504 , 0.192582 , 0.175437 
 724 , 0.143987 , 0.210511 , 0.207481 , 0.212902 , 0.177703 , 0.206508 , 0.139902 , 0.115923 , 0.195067 , 0.177939 
 725 , 0.148642 , 0.215601 , 0.211754 , 0.216325 , 0.181201 , 0.209243 , 0.141706 , 0.117311 , 0.197412 , 0.18032 
 726 , 0.153268 , 0.220675 , 0.216002 , 0.219721 , 0.184686 , 0.211956 , 0.143498 , 0.118689 , 0.19974 , 0.182685 
 727 , 0.157865 , 0.225719 , 0.220228 , 0.223098 , 0.188149 , 0.214653 , 0.145278 , 0.120055 , 0.202056 , 0.185034 
 728 , 0.162395 , 0.230519 , 0.224116 , 0.226113 , 0.191352 , 0.217139 , 0.146877 , 0.121378 , 0.204206 , 0.187301 
 729 , 0.166843 , 0.23521 , 0.22789 , 0.229041 , 0.194484 , 0.219581 , 0.148451 , 0.122705 , 0.206336 , 0.189552 
 730 , 0.171202 , 0.239813 , 0.231594 , 0.231916 , 0.197555 , 0.221981 , 0.15 , 0.124008 , 0.208422 , 0.191761 
 731 , 0.175443 , 0.244192 , 0.235087 , 0.234599 , 0.200471 , 0.224231 , 0.15143 , 0.125202 , 0.210439 , 0.193839 
 732 , 0.179528 , 0.248345 , 0.238467 , 0.237143 , 0.203276 , 0.226424 , 0.152789 , 0.126305 , 0.212427 , 0.195816 
 733 , 0.183526 , 0.252414 , 0.241774 , 0.239631 , 0.206019 , 0.22857 , 0.154122 , 0.127382 , 0.214373 , 0.197748 
 734 , 0.187352 , 0.256231 , 0.24491 , 0.241995 , 0.208581 , 0.230639 , 0.15539 , 0.128444 , 0.216197 , 0.199551 
 735 , 0.190955 , 0.259706 , 0.247802 , 0.244197 , 0.210852 , 0.232569 , 0.156567 , 0.129489 , 0.217778 , 0.201132 
 736 , 0.194512 , 0.263143 , 0.250652 , 0.246377 , 0.213081 , 0.234457 , 0.157718 , 0.130515 , 0.219301 , 0.202678 
 737 , 0.198003 , 0.266511 , 0.253445 , 0.248512 , 0.215262 , 0.236304 , 0.158848 , 0.131522 , 0.220801 , 0.204193 
 738 , 0.201193 , 0.269545 , 0.25593 , 0.250392 , 0.217165 , 0.237902 , 0.159912 , 0.1324 , 0.222167 , 0.205596 
 739 , 0.204389 , 0.272572 , 0.258365 , 0.252266 , 0.219088 , 0.239523 , 0.160988 , 0.133274 , 0.223574 , 0.207004 
 740 , 0.207564 , 0.275586 , 0.260779 , 0.254132 , 0.220999 , 0.241125 , 0.162051 , 0.134143 , 0.224966 , 0.20841 
 741 , 0.21034 , 0.278147 , 0.262849 , 0.255676 , 0.222664 , 0.242519 , 0.162922 , 0.134856 , 0.226133 , 0.209621 
 742 , 0.212889 , 0.28051 , 0.264862 , 0.257104 , 0.22418 , 0.243814 , 0.163714 , 0.135486 , 0.227178 , 0.210766 
 743 , 0.215434 , 0.282867 , 0.266875 , 0.258529 , 0.225695 , 0.245112 , 0.164502 , 0.136113 , 0.228225 , 0.211908 
 744 , 0.217738 , 0.28507 , 0.268742 , 0.259858 , 0.227122 , 0.246313 , 0.165235 , 0.136705 , 0.229218 , 0.212965 
 745 , 0.219686 , 0.287015 , 0.270315 , 0.26099 , 0.228433 , 0.247324 , 0.165857 , 0.13724 , 0.230136 , 0.213848 
 746 , 0.221656 , 0.288971 , 0.271878 , 0.262117 , 0.229763 , 0.248334 , 0.166476 , 0.137787 , 0.23106 , 0.214732 
 747 , 0.223604 , 0.290917 , 0.273425 , 0.263224 , 0.231081 , 0.249333 , 0.167086 , 0.138326 , 0.231972 , 0.215608 
 748 , 0.224933 , 0.292273 , 0.274469 , 0.263922 , 0.232008 , 0.249939 , 0.167486 , 0.138619 , 0.232605 , 0.216273 
 749 , 0.226323 , 0.29365 , 0.275579 , 0.264667 , 0.232944 , 0.250569 , 0.167907 , 0.13893 , 0.233238 , 0.216971 
 750 , 0.227746 , 0.295061 , 0.276714 , 0.26543 , 0.233903 , 0.251211 , 0.168333 , 0.139254 , 0.233883 , 0.21769 
 751 , 0.228772 , 0.29595 , 0.277581 , 0.265995 , 0.234667 , 0.251657 , 0.168653 , 0.139467 , 0.23436 , 0.218226 
 752 , 0.229622 , 0.296766 , 0.278344 , 0.266513 , 0.235409 , 0.252031 , 0.168927 , 0.139634 , 0.234809 , 0.21869 
 753 , 0.230522 , 0.297619 , 0.279141 , 0.267066 , 0.23618 , 0.252429 , 0.169217 , 0.139809 , 0.235281 , 0.219176 
 754 , 0.23133 , 0.298289 , 0.279941 , 0.267686 , 0.236741 , 0.252865 , 0.16958 , 0.139965 , 0.235675 , 0.21952 
 755 , 0.232044 , 0.298593 , 0.280753 , 0.268442 , 0.236953 , 0.253366 , 0.17007 , 0.140064 , 0.235937 , 0.219612 
 756 , 0.232846 , 0.298901 , 0.281648 , 0.26927 , 0.23719 , 0.253916 , 0.170608 , 0.140165 , 0.23623 , 0.219707 
 757 , 0.233725 , 0.299249 , 0.282645 , 0.270184 , 0.23744 , 0.25454 , 0.171212 , 0.140289 , 0.236558 , 0.219818 
 758 , 0.234584 , 0.299698 , 0.283858 , 0.271185 , 0.237621 , 0.255382 , 0.171963 , 0.140512 , 0.236962 , 0.220006 
 759 , 0.235503 , 0.300177 , 0.285248 , 0.272219 , 0.237773 , 0.256264 , 0.172761 , 0.140721 , 0.237357 , 0.220194 
 760 , 0.236503 , 0.300699 , 0.286766 , 0.273345 , 0.237935 , 0.257228 , 0.173629 , 0.140951 , 0.237788 , 0.220397 
 761 , 0.237427 , 0.301715 , 0.288086 , 0.274269 , 0.238756 , 0.25814 , 0.17429 , 0.141318 , 0.238487 , 0.221055 
 762 , 0.238171 , 0.302794 , 0.289072 , 0.275136 , 0.239791 , 0.259045 , 0.174929 , 0.141806 , 0.239317 , 0.221872 
 763 , 0.238916 , 0.303873 , 0.290058 , 0.276002 , 0.240819 , 0.259946 , 0.175566 , 0.142286 , 0.240149 , 0.222686 
 764 , 0.239558 , 0.305034 , 0.290809 , 0.276659 , 0.242056 , 0.260635 , 0.175986 , 0.142792 , 0.240987 , 0.223589 
 765 , 0.240073 , 0.306317 , 0.291246 , 0.277018 , 0.243515 , 0.261121 , 0.176132 , 0.143305 , 0.241872 , 0.224649 
 766 , 0.240575 , 0.30755 , 0.291669 , 0.277346 , 0.244902 , 0.261622 , 0.176274 , 0.143785 , 0.242728 , 0.225675 
 767 , 0.241051 , 0.308694 , 0.292075 , 0.277658 , 0.246165 , 0.262109 , 0.176417 , 0.144239 , 0.243532 , 0.226619 
 768 , 0.241518 , 0.309655 , 0.292524 , 0.277952 , 0.247055 , 0.262718 , 0.176608 , 0.144681 , 0.244241 , 0.227344 
 769 , 0.241932 , 0.310512 , 0.292964 , 0.278261 , 0.247879 , 0.263241 , 0.17679 , 0.14511 , 0.24489 , 0.228005 
 770 , 0.242327 , 0.31133 , 0.293385 , 0.278556 , 0.248664 , 0.263738 , 0.176963 , 0.145525 , 0.245506 , 0.22864 
 771 , 0.242722 , 0.311934 , 0.29392 , 0.279046 , 0.24921 , 0.264297 , 0.177303 , 0.145918 , 0.246039 , 0.229175 
 772 , 0.243144 , 0.312535 , 0.294488 , 0.279543 , 0.24971 , 0.264899 , 0.177664 , 0.146262 , 0.246551 , 0.229669 
 773 , 0.243561 , 0.313128 , 0.29505 , 0.280034 , 0.250194 , 0.265491 , 0.178018 , 0.146606 , 0.247054 , 0.230158 
 774 , 0.243914 , 0.313619 , 0.295576 , 0.280525 , 0.250655 , 0.266041 , 0.178386 , 0.146912 , 0.24752 , 0.230599 
 775 , 0.2442 , 0.313988 , 0.296058 , 0.28105 , 0.251088 , 0.266522 , 0.178763 , 0.147184 , 0.247923 , 0.230994 
 776 , 0.244493 , 0.314351 , 0.29654 , 0.281593 , 0.251531 , 0.26699 , 0.179136 , 0.147455 , 0.248318 , 0.231388 
 777 , 0.244783 , 0.314701 , 0.297033 , 0.282115 , 0.251973 , 0.267462 , 0.179505 , 0.147718 , 0.248724 , 0.231786 
 778 , 0.245045 , 0.315002 , 0.297575 , 0.28254 , 0.252395 , 0.26793 , 0.179871 , 0.147977 , 0.24919 , 0.232204 
 779 , 0.245321 , 0.315302 , 0.29813 , 0.282937 , 0.252786 , 0.268405 , 0.18024 , 0.148243 , 0.249641 , 0.232581 
 780 , 0.245594 , 0.315605 , 0.298694 , 0.283333 , 0.253176 , 0.268888 , 0.180612 , 0.14851 , 0.250096 , 0.232966 
 781 , 0.245766 , 0.31596 , 0.29921 , 0.283732 , 0.253628 , 0.269346 , 0.180958 , 0.148693 , 0.250505 , 0.233321 
 782 , 0.245895 , 0.316403 , 0.299768 , 0.284231 , 0.254167 , 0.269817 , 0.181326 , 0.14886 , 0.250972 , 0.233744 
 783 , 0.246032 , 0.316861 , 0.300337 , 0.284739 , 0.254725 , 0.270291 , 0.181702 , 0.149034 , 0.251444 , 0.23417 
 784 , 0.246148 , 0.317304 , 0.300904 , 0.285281 , 0.255241 , 0.270778 , 0.1821 , 0.149251 , 0.251933 , 0.234648 
 785 , 0.246324 , 0.317684 , 0.301487 , 0.285794 , 0.255728 , 0.271255 , 0.182523 , 0.149501 , 0.252418 , 0.235138 
 786 , 0.246527 , 0.318049 , 0.302082 , 0.286304 , 0.256232 , 0.271732 , 0.182956 , 0.149762 , 0.252917 , 0.23563 
 787 , 0.246731 , 0.318419 , 0.302683 , 0.286803 , 0.256747 , 0.272215 , 0.183379 , 0.150025 , 0.253437 , 0.236124 
 788 , 0.246869 , 0.318789 , 0.303198 , 0.287167 , 0.257218 , 0.272665 , 0.18372 , 0.15029 , 0.25401 , 0.236605 
 789 , 0.246924 , 0.319162 , 0.303654 , 0.287459 , 0.257667 , 0.273142 , 0.184039 , 0.15055 , 0.25456 , 0.237099 
 790 , 0.246985 , 0.319546 , 0.304121 , 0.287752 , 0.258121 , 0.273626 , 0.184369 , 0.150821 , 0.255121 , 0.237609 
 791 , 0.247053 , 0.319915 , 0.304576 , 0.288079 , 0.258617 , 0.274091 , 0.184709 , 0.151017 , 0.255615 , 0.238163 
 792 , 0.247208 , 0.320283 , 0.305127 , 0.288695 , 0.259156 , 0.274548 , 0.185073 , 0.151228 , 0.256175 , 0.23874 
 793 , 0.247366 , 0.320654 , 0.305698 , 0.289326 , 0.259709 , 0.275014 , 0.185445 , 0.151446 , 0.256748 , 0.23933 
 794 , 0.24757 , 0.321047 , 0.30625 , 0.289934 , 0.260265 , 0.275464 , 0.185822 , 0.151663 , 0.257326 , 0.23989 
 795 , 0.24775 , 0.32147 , 0.306745 , 0.290432 , 0.260843 , 0.275927 , 0.186189 , 0.151894 , 0.257892 , 0.240436 
 796 , 0.247909 , 0.321907 , 0.307234 , 0.290923 , 0.261427 , 0.276401 , 0.186564 , 0.152132 , 0.258462 , 0.241002 
 797 , 0.248052 , 0.322364 , 0.307732 , 0.291406 , 0.262012 , 0.276892 , 0.186931 , 0.152388 , 0.259024 , 0.241574 
 798 , 0.248129 , 0.322842 , 0.308236 , 0.291828 , 0.262552 , 0.277427 , 0.18729 , 0.152681 , 0.259533 , 0.24214 
 799 , 0.248229 , 0.323318 , 0.308763 , 0.292237 , 0.263101 , 0.277984 , 0.187677 , 0.15297 , 0.260062 , 0.242711 
 800 , 0.24833 , 0.323805 , 0.309306 , 0.29265 , 0.263665 , 0.278551 , 0.188077 , 0.153269 , 0.2606 , 0.243296 
 801 , 0.248356 , 0.324146 , 0.309736 , 0.292994 , 0.264146 , 0.279011 , 0.188387 , 0.153405 , 0.261105 , 0.243801 
 802 , 0.248348 , 0.324472 , 0.310134 , 0.293351 , 0.264621 , 0.27936 , 0.188654 , 0.153528 , 0.261613 , 0.244342 
 803 , 0.248337 , 0.324811 , 0.31055 , 0.29372 , 0.265107 , 0.279721 , 0.188927 , 0.153659 , 0.262141 , 0.244893 
 804 , 0.248296 , 0.325098 , 0.310906 , 0.294137 , 0.265595 , 0.279999 , 0.189218 , 0.153834 , 0.262657 , 0.245429 
 805 , 0.248275 , 0.325487 , 0.311299 , 0.294553 , 0.266128 , 0.280387 , 0.18954 , 0.154047 , 0.263169 , 0.245946 
 806 , 0.248264 , 0.325917 , 0.311723 , 0.294979 , 0.266695 , 0.280829 , 0.189888 , 0.154263 , 0.263706 , 0.246478 
 807 , 0.248243 , 0.32632 , 0.312178 , 0.295391 , 0.267217 , 0.281298 , 0.190249 , 0.154454 , 0.264207 , 0.246939 
 808 , 0.248223 , 0.326542 , 0.312657 , 0.295781 , 0.267522 , 0.281719 , 0.19061 , 0.154553 , 0.264593 , 0.247184 
 809 , 0.248226 , 0.326688 , 0.313145 , 0.296239 , 0.267764 , 0.282077 , 0.190991 , 0.154643 , 0.264987 , 0.247423 
 810 , 0.248218 , 0.326837 , 0.313663 , 0.296719 , 0.268016 , 0.282454 , 0.1914 , 0.154736 , 0.265398 , 0.247681 
 811 , 0.248268 , 0.326964 , 0.314285 , 0.297176 , 0.26823 , 0.282879 , 0.191875 , 0.154815 , 0.265759 , 0.247953 
 812 , 0.248241 , 0.327245 , 0.314938 , 0.297621 , 0.268584 , 0.283404 , 0.192375 , 0.15493 , 0.266228 , 0.248033 
 813 , 0.248208 , 0.327543 , 0.315637 , 0.298091 , 0.268961 , 0.283962 , 0.192907 , 0.155061 , 0.266738 , 0.248118 
 814 , 0.248242 , 0.327893 , 0.316185 , 0.298611 , 0.269425 , 0.284528 , 0.193321 , 0.155241 , 0.267276 , 0.248242 
 815 , 0.248363 , 0.328111 , 0.316592 , 0.299146 , 0.269859 , 0.285068 , 0.193619 , 0.155418 , 0.267763 , 0.248866 
 816 , 0.248504 , 0.328313 , 0.317015 , 0.299702 , 0.27029 , 0.285631 , 0.193922 , 0.155594 , 0.268266 , 0.249615 
 817 , 0.248664 , 0.328582 , 0.317464 , 0.3002 , 0.270753 , 0.286154 , 0.194217 , 0.155775 , 0.268788 , 0.250386 
 818 , 0.248808 , 0.328982 , 0.317995 , 0.300539 , 0.2713 , 0.286589 , 0.194537 , 0.155966 , 0.269273 , 0.251016 
 819 , 0.248907 , 0.32938 , 0.318566 , 0.300874 , 0.271904 , 0.287054 , 0.194902 , 0.156161 , 0.269725 , 0.251529 
 820 , 0.249012 , 0.329789 , 0.319151 , 0.301223 , 0.272526 , 0.28753 , 0.195286 , 0.156371 , 0.270187 , 0.252049 
 821 , 0.249223 , 0.330332 , 0.319688 , 0.30176 , 0.2732 , 0.288026 , 0.195668 , 0.156712 , 0.270716 , 0.252573 
 822 , 0.249474 , 0.330905 , 0.320222 , 0.302383 , 0.273794 , 0.288542 , 0.196015 , 0.157004 , 0.271361 , 0.25316 
 823 , 0.24972 , 0.331485 , 0.320752 , 0.303003 , 0.27439 , 0.28906 , 0.196369 , 0.157297 , 0.272009 , 0.253748 
 824 , 0.249965 , 0.331902 , 0.321224 , 0.303561 , 0.274857 , 0.289524 , 0.196614 , 0.157458 , 0.272572 , 0.254375 
 825 , 0.250241 , 0.332179 , 0.32166 , 0.304068 , 0.275314 , 0.289953 , 0.196881 , 0.157749 , 0.273095 , 0.25498 
 826 , 0.250521 , 0.332439 , 0.322099 , 0.304575 , 0.275782 , 0.290378 , 0.197151 , 0.15807 , 0.273617 , 0.255586 
 827 , 0.250804 , 0.33277 , 0.322578 , 0.305055 , 0.276268 , 0.290849 , 0.197472 , 0.158442 , 0.274125 , 0.256157 
 828 , 0.251013 , 0.333282 , 0.323089 , 0.305411 , 0.276781 , 0.291387 , 0.197836 , 0.158808 , 0.27462 , 0.256657 
 829 , 0.251163 , 0.333861 , 0.323587 , 0.305704 , 0.277295 , 0.291927 , 0.198163 , 0.159121 , 0.275128 , 0.257147 
 830 , 0.251325 , 0.334437 , 0.324073 , 0.305993 , 0.277812 , 0.292456 , 0.198496 , 0.159437 , 0.275643 , 0.257643 
 831 , 0.251601 , 0.334941 , 0.324444 , 0.306316 , 0.278317 , 0.292923 , 0.198835 , 0.159803 , 0.276214 , 0.258189 
 832 , 0.251908 , 0.335406 , 0.324801 , 0.306766 , 0.278792 , 0.293431 , 0.199238 , 0.160192 , 0.276724 , 0.258723 
 833 , 0.252216 , 0.335866 , 0.32516 , 0.307206 , 0.279269 , 0.293941 , 0.199636 , 0.160577 , 0.277235 , 0.259253 
 834 , 0.25251 , 0.336374 , 0.325603 , 0.307657 , 0.279727 , 0.294459 , 0.199983 , 0.160946 , 0.277727 , 0.259804 
 835 , 0.252827 , 0.336889 , 0.326169 , 0.308112 , 0.280276 , 0.295052 , 0.200276 , 0.161287 , 0.278277 , 0.260426 
 836 , 0.253145 , 0.337398 , 0.326741 , 0.308558 , 0.280829 , 0.295653 , 0.200561 , 0.161617 , 0.278837 , 0.261047 
 837 , 0.253444 , 0.337852 , 0.327277 , 0.309004 , 0.281449 , 0.296235 , 0.200842 , 0.161915 , 0.279375 , 0.261638 
 838 , 0.253678 , 0.338205 , 0.327625 , 0.309367 , 0.282072 , 0.2967 , 0.201108 , 0.162174 , 0.279906 , 0.262161 
 839 , 0.253889 , 0.33853 , 0.327875 , 0.309684 , 0.282632 , 0.297087 , 0.201369 , 0.162437 , 0.280445 , 0.262665 
 840 , 0.254099 , 0.338862 , 0.328135 , 0.309996 , 0.283175 , 0.297477 , 0.201641 , 0.162693 , 0.280983 , 0.26318 
 841 , 0.254365 , 0.339234 , 0.328576 , 0.310359 , 0.28356 , 0.297886 , 0.201961 , 0.162919 , 0.281523 , 0.263717 
 842 , 0.254672 , 0.339667 , 0.329224 , 0.310805 , 0.284006 , 0.298334 , 0.202332 , 0.163136 , 0.282046 , 0.264271 
 843 , 0.254983 , 0.340103 , 0.329875 , 0.311256 , 0.284456 , 0.298786 , 0.202699 , 0.16335 , 0.282579 , 0.26483 
 844 , 0.255149 , 0.340366 , 0.330372 , 0.311654 , 0.284853 , 0.299231 , 0.203068 , 0.163541 , 0.282943 , 0.265212 
 845 , 0.255305 , 0.34059 , 0.330666 , 0.311989 , 0.285193 , 0.299764 , 0.203352 , 0.163756 , 0.283206 , 0.265469 
 846 , 0.255468 , 0.340816 , 0.330951 , 0.312325 , 0.285534 , 0.3003 , 0.203638 , 0.163975 , 0.283476 , 0.265725 
 847 , 0.255657 , 0.341103 , 0.331243 , 0.312625 , 0.285903 , 0.300798 , 0.203889 , 0.164198 , 0.283823 , 0.265983 
 848 , 0.255872 , 0.34138 , 0.331652 , 0.312861 , 0.286317 , 0.301202 , 0.204125 , 0.164412 , 0.284284 , 0.266321 
 849 , 0.256086 , 0.341626 , 0.332139 , 0.313086 , 0.286752 , 0.301586 , 0.204388 , 0.164626 , 0.284767 , 0.266712 
 850 , 0.256288 , 0.341865 , 0.332623 , 0.313319 , 0.287178 , 0.301966 , 0.20464 , 0.164826 , 0.285242 , 0.267115 
 851 , 0.256415 , 0.342097 , 0.332997 , 0.313602 , 0.287495 , 0.302284 , 0.204838 , 0.164992 , 0.285632 , 0.267524 
 852 , 0.256534 , 0.34241 , 0.333287 , 0.313918 , 0.287807 , 0.302601 , 0.205034 , 0.165191 , 0.28603 , 0.267874 
 853 , 0.256657 , 0.342737 , 0.333585 , 0.314243 , 0.288134 , 0.30292 , 0.205229 , 0.165394 , 0.286431 , 0.268234 
 854 , 0.256773 , 0.343104 , 0.333911 , 0.314511 , 0.288566 , 0.303332 , 0.205417 , 0.165527 , 0.286834 , 0.268525 
 855 , 0.256974 , 0.343486 , 0.334274 , 0.314894 , 0.289131 , 0.303877 , 0.205588 , 0.165641 , 0.287129 , 0.268913 
 856 , 0.257176 , 0.343882 , 0.334646 , 0.315285 , 0.289704 , 0.304435 , 0.205765 , 0.165751 , 0.287431 , 0.269308 
 857 , 0.257478 , 0.344293 , 0.335033 , 0.315605 , 0.290322 , 0.304908 , 0.205956 , 0.165985 , 0.287693 , 0.269768 
 858 , 0.257733 , 0.344677 , 0.335437 , 0.315818 , 0.290869 , 0.30531 , 0.206201 , 0.16631 , 0.288131 , 0.270213 
 859 , 0.257934 , 0.345044 , 0.335854 , 0.316021 , 0.291383 , 0.305709 , 0.206473 , 0.166647 , 0.288666 , 0.270631 
 860 , 0.25807 , 0.345369 , 0.33624 , 0.316294 , 0.291814 , 0.306131 , 0.206745 , 0.166937 , 0.289223 , 0.271027 
 861 , 0.258091 , 0.345589 , 0.336561 , 0.316734 , 0.292023 , 0.306541 , 0.206975 , 0.167089 , 0.28977 , 0.271358 
 862 , 0.25821 , 0.345831 , 0.336924 , 0.317134 , 0.292273 , 0.306856 , 0.207179 , 0.16723 , 0.290222 , 0.271734 
 863 , 0.258336 , 0.346087 , 0.337296 , 0.317542 , 0.29253 , 0.30718 , 0.207382 , 0.167375 , 0.290692 , 0.272118 
 864 , 0.25847 , 0.346299 , 0.337621 , 0.317743 , 0.292798 , 0.307476 , 0.207574 , 0.167457 , 0.291021 , 0.272433 
 865 , 0.258575 , 0.346554 , 0.337896 , 0.318019 , 0.293073 , 0.307915 , 0.207829 , 0.167557 , 0.291252 , 0.272672 
 866 , 0.258682 , 0.346812 , 0.338178 , 0.318294 , 0.293346 , 0.308361 , 0.208096 , 0.167655 , 0.291493 , 0.272921 
 867 , 0.258645 , 0.347049 , 0.338536 , 0.318557 , 0.293572 , 0.30872 , 0.208325 , 0.167786 , 0.291733 , 0.273199 
 868 , 0.258476 , 0.34722 , 0.338834 , 0.31876 , 0.293749 , 0.308978 , 0.208489 , 0.167918 , 0.292033 , 0.273567 
 869 , 0.258284 , 0.347382 , 0.339102 , 0.318952 , 0.293922 , 0.309221 , 0.208638 , 0.168046 , 0.292363 , 0.273962 
 870 , 0.258219 , 0.347607 , 0.33937 , 0.319206 , 0.294156 , 0.309463 , 0.208803 , 0.168182 , 0.292719 , 0.2744 
 871 , 0.258433 , 0.347981 , 0.339734 , 0.319584 , 0.294501 , 0.309752 , 0.209027 , 0.168354 , 0.293112 , 0.274882 
 872 , 0.258711 , 0.348392 , 0.340252 , 0.319988 , 0.294868 , 0.310131 , 0.209315 , 0.168545 , 0.293515 , 0.275321 
 873 , 0.258991 , 0.348807 , 0.34078 , 0.3204 , 0.29524 , 0.310534 , 0.209611 , 0.168734 , 0.293935 , 0.275776 
 874 , 0.259187 , 0.349107 , 0.341223 , 0.320774 , 0.295573 , 0.311207 , 0.209985 , 0.168981 , 0.294414 , 0.276259 
 875 , 0.259357 , 0.349297 , 0.341505 , 0.321046 , 0.295943 , 0.311736 , 0.210291 , 0.169179 , 0.294862 , 0.276803 
 876 , 0.259529 , 0.349493 , 0.341789 , 0.321329 , 0.296329 , 0.312283 , 0.210612 , 0.169377 , 0.295327 , 0.277369 
 877 , 0.259491 , 0.349696 , 0.34205 , 0.321617 , 0.296848 , 0.312644 , 0.210915 , 0.169503 , 0.295802 , 0.277867 
 878 , 0.259351 , 0.350075 , 0.342501 , 0.32206 , 0.29744 , 0.313047 , 0.211231 , 0.169653 , 0.296361 , 0.278389 
 879 , 0.259206 , 0.350512 , 0.343009 , 0.322552 , 0.298051 , 0.313488 , 0.211558 , 0.169828 , 0.296963 , 0.278936 
 880 , 0.259114 , 0.350926 , 0.343553 , 0.322995 , 0.298575 , 0.31389 , 0.211888 , 0.169941 , 0.297543 , 0.279535 
 881 , 0.259123 , 0.351249 , 0.344021 , 0.323348 , 0.298999 , 0.314258 , 0.21221 , 0.169967 , 0.298077 , 0.280177 
 882 , 0.259157 , 0.351509 , 0.344369 , 0.323691 , 0.299458 , 0.314655 , 0.212533 , 0.169978 , 0.298617 , 0.280807 
 883 , 0.259181 , 0.35177 , 0.344723 , 0.324049 , 0.29993 , 0.315052 , 0.212856 , 0.170008 , 0.299164 , 0.281434 
 884 , 0.259102 , 0.351904 , 0.34513 , 0.324467 , 0.300349 , 0.315422 , 0.21313 , 0.170182 , 0.29961 , 0.281886 
 885 , 0.258943 , 0.35192 , 0.345697 , 0.324746 , 0.300639 , 0.315681 , 0.21344 , 0.17037 , 0.300001 , 0.282297 
 886 , 0.258772 , 0.351937 , 0.346286 , 0.325038 , 0.300947 , 0.315945 , 0.21376 , 0.170559 , 0.300404 , 0.282725 
 887 , 0.258488 , 0.351908 , 0.346698 , 0.325276 , 0.301224 , 0.31625 , 0.214085 , 0.170686 , 0.300859 , 0.283106 
 888 , 0.258217 , 0.352164 , 0.346893 , 0.325694 , 0.301654 , 0.316661 , 0.214407 , 0.17083 , 0.30144 , 0.283588 
 889 , 0.257944 , 0.352485 , 0.347065 , 0.326169 , 0.302137 , 0.317105 , 0.214731 , 0.170979 , 0.302076 , 0.284113 
 890 , 0.257565 , 0.352683 , 0.347161 , 0.326625 , 0.302452 , 0.317466 , 0.214982 , 0.17102 , 0.302582 , 0.284541 
 891 , 0.257089 , 0.352555 , 0.347242 , 0.327089 , 0.302491 , 0.317728 , 0.215121 , 0.170921 , 0.302863 , 0.284842 
 892 , 0.256586 , 0.352245 , 0.347366 , 0.327592 , 0.302449 , 0.317991 , 0.215242 , 0.170797 , 0.303083 , 0.285135 
 893 , 0.256075 , 0.35189 , 0.347493 , 0.328112 , 0.302404 , 0.318247 , 0.215383 , 0.17063 , 0.303282 , 0.285433 
 894 , 0.255596 , 0.351484 , 0.347626 , 0.328521 , 0.302399 , 0.318461 , 0.21553 , 0.17031 , 0.303396 , 0.28567 
 895 , 0.254921 , 0.351247 , 0.347941 , 0.328801 , 0.302581 , 0.318746 , 0.215735 , 0.169974 , 0.303674 , 0.285909 
 896 , 0.254193 , 0.35099 , 0.348283 , 0.329103 , 0.302773 , 0.319058 , 0.215951 , 0.169608 , 0.30397 , 0.286168 
 897 , 0.253948 , 0.351215 , 0.349019 , 0.329396 , 0.303391 , 0.319454 , 0.216395 , 0.169756 , 0.304799 , 0.286701 
 898 , 0.254046 , 0.35136 , 0.349495 , 0.329755 , 0.30385 , 0.319767 , 0.216916 , 0.169934 , 0.305652 , 0.287273 
 899 , 0.25418 , 0.351504 , 0.34997 , 0.330135 , 0.304311 , 0.320086 , 0.217472 , 0.170123 , 0.306544 , 0.287875 
 900 , 0.254182 , 0.35175 , 0.350227 , 0.330512 , 0.304659 , 0.320416 , 0.217821 , 0.170202 , 0.307188 , 0.288405 
 901 , 0.253906 , 0.352123 , 0.350358 , 0.330835 , 0.305037 , 0.320786 , 0.218015 , 0.170278 , 0.307633 , 0.288966 
 902 , 0.253493 , 0.352553 , 0.350518 , 0.331147 , 0.305504 , 0.321191 , 0.218199 , 0.170405 , 0.308103 , 0.289588 
 903 , 0.253104 , 0.352985 , 0.350693 , 0.331454 , 0.305997 , 0.321567 , 0.21835 , 0.170518 , 0.308531 , 0.290161 
 904 , 0.252845 , 0.353411 , 0.350961 , 0.331803 , 0.306503 , 0.321876 , 0.218438 , 0.170567 , 0.308816 , 0.290552 
 905 , 0.252717 , 0.353857 , 0.351419 , 0.332397 , 0.30689 , 0.322262 , 0.218597 , 0.170592 , 0.309054 , 0.290915 
 906 , 0.252578 , 0.354318 , 0.351892 , 0.333013 , 0.307298 , 0.322656 , 0.218757 , 0.170624 , 0.309295 , 0.291299 
 907 , 0.252432 , 0.354418 , 0.352025 , 0.333572 , 0.307317 , 0.322965 , 0.21916 , 0.170681 , 0.309666 , 0.291637 
 908 , 0.252485 , 0.354798 , 0.352057 , 0.333761 , 0.307568 , 0.323274 , 0.219513 , 0.170735 , 0.310308 , 0.292174 
 909 , 0.252536 , 0.355188 , 0.352093 , 0.333959 , 0.307833 , 0.323597 , 0.219888 , 0.170794 , 0.310984 , 0.292731 
 910 , 0.252992 , 0.355687 , 0.352386 , 0.334163 , 0.308117 , 0.324073 , 0.220145 , 0.17098 , 0.311598 , 0.293462 
 911 , 0.253344 , 0.355948 , 0.352927 , 0.334396 , 0.308432 , 0.3246 , 0.220393 , 0.171211 , 0.311962 , 0.29411 
 912 , 0.253563 , 0.356065 , 0.353534 , 0.33465 , 0.30875 , 0.325123 , 0.220675 , 0.171438 , 0.312226 , 0.294691 
 913 , 0.253625 , 0.356137 , 0.354172 , 0.334836 , 0.309272 , 0.325614 , 0.220933 , 0.171682 , 0.312451 , 0.295247 
 914 , 0.253501 , 0.356116 , 0.354649 , 0.335033 , 0.30989 , 0.326011 , 0.221104 , 0.171951 , 0.312706 , 0.295722 
 915 , 0.253508 , 0.356051 , 0.354817 , 0.335484 , 0.310137 , 0.32641 , 0.221222 , 0.17223 , 0.31316 , 0.296165 
 916 , 0.253516 , 0.35603 , 0.354962 , 0.335942 , 0.310365 , 0.326778 , 0.221331 , 0.172528 , 0.313631 , 0.2966 
 917 , 0.253479 , 0.356507 , 0.354887 , 0.336421 , 0.310366 , 0.326839 , 0.221287 , 0.172974 , 0.314201 , 0.296911 
 918 , 0.253262 , 0.357245 , 0.355228 , 0.336504 , 0.31088 , 0.32701 , 0.221281 , 0.173442 , 0.314581 , 0.297356 
 919 , 0.253046 , 0.357993 , 0.355571 , 0.336584 , 0.311397 , 0.327176 , 0.22127 , 0.173918 , 0.314964 , 0.297803 
 920 , 0.252611 , 0.35848 , 0.355918 , 0.336769 , 0.311716 , 0.327367 , 0.22136 , 0.173867 , 0.315239 , 0.298182 
 921 , 0.252072 , 0.358852 , 0.356086 , 0.337126 , 0.311926 , 0.327539 , 0.221567 , 0.173657 , 0.315558 , 0.298575 
 922 , 0.251496 , 0.359208 , 0.356197 , 0.33755 , 0.312123 , 0.327708 , 0.221812 , 0.173424 , 0.315912 , 0.298992 
 923 , 0.250538 , 0.35907 , 0.356199 , 0.337552 , 0.312124 , 0.327663 , 0.221886 , 0.172898 , 0.316092 , 0.299089 
 924 , 0.249212 , 0.358218 , 0.35606 , 0.336821 , 0.311821 , 0.327195 , 0.221674 , 0.171818 , 0.315934 , 0.298696 
 925 , 0.247926 , 0.357119 , 0.355899 , 0.335719 , 0.311416 , 0.326491 , 0.221329 , 0.170403 , 0.315558 , 0.298085 
 926 , 0.246575 , 0.355788 , 0.35561 , 0.334552 , 0.310778 , 0.3257 , 0.220877 , 0.168874 , 0.314963 , 0.29726 
 927 , 0.245449 , 0.353877 , 0.354737 , 0.333729 , 0.309126 , 0.324874 , 0.220081 , 0.167462 , 0.3135 , 0.295635 
 928 , 0.243877 , 0.352329 , 0.353784 , 0.333856 , 0.307214 , 0.324091 , 0.219205 , 0.166288 , 0.312296 , 0.293938 
 929 , 0.241959 , 0.35042 , 0.352618 , 0.333991 , 0.304893 , 0.323152 , 0.218137 , 0.164856 , 0.310838 , 0.291876 
 930 , 0.239816 , 0.3491 , 0.351221 , 0.333836 , 0.302688 , 0.321977 , 0.216752 , 0.163342 , 0.309388 , 0.28999 
 931 , 0.237493 , 0.346879 , 0.349923 , 0.332646 , 0.300079 , 0.32095 , 0.214873 , 0.161272 , 0.30749 , 0.288084 
 932 , 0.234664 , 0.343939 , 0.348388 , 0.330955 , 0.296848 , 0.319777 , 0.212528 , 0.158667 , 0.305102 , 0.285787 
 933 , 0.232433 , 0.341538 , 0.34698 , 0.328883 , 0.294419 , 0.318945 , 0.210651 , 0.156245 , 0.303398 , 0.283835 
 934 , 0.230389 , 0.339453 , 0.345046 , 0.326439 , 0.293009 , 0.318221 , 0.209507 , 0.154133 , 0.302284 , 0.282199 
 935 , 0.227553 , 0.336753 , 0.342085 , 0.323575 , 0.291554 , 0.317122 , 0.208431 , 0.15178 , 0.300845 , 0.280232 
 936 , 0.224756 , 0.334275 , 0.339272 , 0.320812 , 0.290773 , 0.315764 , 0.207264 , 0.149674 , 0.299548 , 0.278432 
 937 , 0.222993 , 0.333353 , 0.337951 , 0.319335 , 0.292352 , 0.314166 , 0.206298 , 0.14898 , 0.299188 , 0.277783 
 938 , 0.221517 , 0.333205 , 0.337776 , 0.318506 , 0.294349 , 0.313036 , 0.205707 , 0.148622 , 0.299527 , 0.277578 
 939 , 0.219975 , 0.333048 , 0.337585 , 0.317635 , 0.296437 , 0.311856 , 0.20509 , 0.148243 , 0.299876 , 0.277368 
 940 , 0.218561 , 0.333203 , 0.338036 , 0.317316 , 0.296443 , 0.311353 , 0.204222 , 0.147816 , 0.299888 , 0.277639 
 941 , 0.217366 , 0.332028 , 0.337555 , 0.316166 , 0.295396 , 0.310891 , 0.202557 , 0.147484 , 0.299648 , 0.277347 
 942 , 0.216168 , 0.330703 , 0.336967 , 0.314907 , 0.294235 , 0.310423 , 0.2008 , 0.14716 , 0.299374 , 0.27699 
 943 , 0.215466 , 0.328967 , 0.336499 , 0.313433 , 0.293107 , 0.310924 , 0.20017 , 0.14706 , 0.299504 , 0.276486 
 944 , 0.214921 , 0.327594 , 0.335764 , 0.311272 , 0.291993 , 0.31148 , 0.200276 , 0.146768 , 0.299346 , 0.276013 
 945 , 0.214327 , 0.326574 , 0.334805 , 0.308712 , 0.290868 , 0.31176 , 0.200506 , 0.146272 , 0.298872 , 0.275608 
 946 , 0.214028 , 0.325947 , 0.334036 , 0.307508 , 0.289712 , 0.311671 , 0.200949 , 0.145978 , 0.29833 , 0.275491 
 947 , 0.214174 , 0.325993 , 0.3339 , 0.309076 , 0.288603 , 0.311073 , 0.201741 , 0.146129 , 0.298017 , 0.275952 
 948 , 0.214134 , 0.326098 , 0.33449 , 0.311938 , 0.287704 , 0.310718 , 0.202585 , 0.146533 , 0.298494 , 0.276653 
 949 , 0.214019 , 0.326241 , 0.33492 , 0.314701 , 0.286832 , 0.310346 , 0.203331 , 0.146918 , 0.298891 , 0.277204 
 950 , 0.212977 , 0.326758 , 0.333432 , 0.316144 , 0.286277 , 0.309827 , 0.202939 , 0.147048 , 0.298377 , 0.275984 
 951 , 0.212443 , 0.327403 , 0.331631 , 0.316268 , 0.286131 , 0.309331 , 0.202183 , 0.146926 , 0.297509 , 0.274485 
 952 , 0.211923 , 0.32804 , 0.329854 , 0.316375 , 0.28599 , 0.308838 , 0.20144 , 0.1468 , 0.29665 , 0.27301 
 953 , 0.2121 , 0.328294 , 0.329021 , 0.313787 , 0.286706 , 0.309024 , 0.201023 , 0.147013 , 0.297044 , 0.272696 
 954 , 0.212463 , 0.328533 , 0.329303 , 0.311603 , 0.287412 , 0.310088 , 0.201438 , 0.147588 , 0.297941 , 0.27338 
 955 , 0.212812 , 0.328801 , 0.32995 , 0.30995 , 0.287997 , 0.311421 , 0.20217 , 0.148274 , 0.298888 , 0.274339 
 956 , 0.213388 , 0.329311 , 0.331571 , 0.309814 , 0.28873 , 0.312626 , 0.202789 , 0.149434 , 0.299901 , 0.275453 
 957 , 0.213938 , 0.330027 , 0.333606 , 0.310824 , 0.289593 , 0.313101 , 0.202874 , 0.150897 , 0.300747 , 0.276452 
 958 , 0.21409 , 0.330636 , 0.334655 , 0.311196 , 0.290387 , 0.312627 , 0.202269 , 0.152055 , 0.301207 , 0.276967 
 959 , 0.214473 , 0.3314 , 0.335507 , 0.31162 , 0.291246 , 0.312298 , 0.201882 , 0.153175 , 0.301651 , 0.277594 
 960 , 0.215832 , 0.332789 , 0.335748 , 0.312284 , 0.292428 , 0.312591 , 0.202333 , 0.154305 , 0.30208 , 0.278694 
 961 , 0.216835 , 0.333047 , 0.336353 , 0.312886 , 0.29334 , 0.313646 , 0.203431 , 0.155448 , 0.302534 , 0.279085 
 962 , 0.217774 , 0.333296 , 0.33692 , 0.313449 , 0.294202 , 0.314647 , 0.204462 , 0.156522 , 0.302963 , 0.279456 
 963 , 0.218818 , 0.333861 , 0.337872 , 0.31436 , 0.294919 , 0.316245 , 0.205945 , 0.157482 , 0.303878 , 0.280124 
 964 , 0.220467 , 0.335488 , 0.338777 , 0.315521 , 0.295723 , 0.317865 , 0.20764 , 0.158572 , 0.305322 , 0.281763 
 965 , 0.22219 , 0.337305 , 0.339615 , 0.316677 , 0.296523 , 0.319394 , 0.209299 , 0.159642 , 0.306812 , 0.283571 
 966 , 0.223347 , 0.33861 , 0.340199 , 0.317797 , 0.297205 , 0.320393 , 0.210719 , 0.160847 , 0.308311 , 0.284976 
 967 , 0.224031 , 0.339211 , 0.340614 , 0.318519 , 0.297771 , 0.320861 , 0.211553 , 0.162028 , 0.309477 , 0.285607 
 968 , 0.224554 , 0.339364 , 0.341002 , 0.318815 , 0.298272 , 0.32109 , 0.211865 , 0.163062 , 0.310225 , 0.285638 
 969 , 0.225138 , 0.339382 , 0.341433 , 0.319002 , 0.298802 , 0.32137 , 0.211868 , 0.163824 , 0.311127 , 0.285638 
 970 , 0.225886 , 0.339128 , 0.342043 , 0.319134 , 0.299486 , 0.321873 , 0.211268 , 0.16404 , 0.312429 , 0.285674 
 971 , 0.22655 , 0.339022 , 0.342918 , 0.320029 , 0.300445 , 0.322729 , 0.211056 , 0.164234 , 0.313692 , 0.286241 
 972 , 0.227197 , 0.338914 , 0.343783 , 0.320927 , 0.301404 , 0.323582 , 0.210864 , 0.164427 , 0.314918 , 0.286802 
 973 , 0.227079 , 0.338739 , 0.344189 , 0.3218 , 0.302234 , 0.324389 , 0.211831 , 0.164514 , 0.313647 , 0.287448 
 974 , 0.226917 , 0.338294 , 0.343462 , 0.322492 , 0.302471 , 0.324814 , 0.212545 , 0.164513 , 0.312396 , 0.287587 
 975 , 0.226743 , 0.337807 , 0.342568 , 0.323156 , 0.302619 , 0.325183 , 0.213229 , 0.164495 , 0.311138 , 0.287646 
 976 , 0.227007 , 0.337668 , 0.341774 , 0.322931 , 0.302353 , 0.325176 , 0.213734 , 0.164361 , 0.310715 , 0.287364 
 977 , 0.227484 , 0.338049 , 0.341571 , 0.321872 , 0.302347 , 0.325212 , 0.214291 , 0.164142 , 0.311003 , 0.287373 
 978 , 0.227984 , 0.338717 , 0.341766 , 0.320475 , 0.302666 , 0.325396 , 0.214938 , 0.1639 , 0.311567 , 0.287704 
 979 , 0.22848 , 0.339238 , 0.342198 , 0.319682 , 0.303087 , 0.325703 , 0.215207 , 0.16376 , 0.312362 , 0.288278 
 980 , 0.228947 , 0.3395 , 0.343094 , 0.319863 , 0.303596 , 0.326172 , 0.21509 , 0.163846 , 0.31343 , 0.289178 
 981 , 0.229324 , 0.339629 , 0.344384 , 0.320417 , 0.304 , 0.326647 , 0.215333 , 0.164139 , 0.314399 , 0.290053 
 982 , 0.229664 , 0.339804 , 0.345478 , 0.32083 , 0.304437 , 0.327082 , 0.21561 , 0.16439 , 0.315287 , 0.290887 
 983 , 0.229732 , 0.340324 , 0.345181 , 0.320278 , 0.305164 , 0.327318 , 0.216164 , 0.164295 , 0.315658 , 0.291497 
 984 , 0.229857 , 0.34062 , 0.344259 , 0.319659 , 0.305667 , 0.32743 , 0.215871 , 0.163914 , 0.315901 , 0.291637 
 985 , 0.229985 , 0.340903 , 0.343318 , 0.319041 , 0.306161 , 0.327539 , 0.215547 , 0.163518 , 0.316142 , 0.291766 
 986 , 0.229808 , 0.340854 , 0.3431 , 0.318396 , 0.306124 , 0.327904 , 0.215446 , 0.163541 , 0.316653 , 0.291918 
 987 , 0.229578 , 0.340673 , 0.343177 , 0.317748 , 0.30588 , 0.328363 , 0.215686 , 0.164104 , 0.317118 , 0.292305 
 988 , 0.229344 , 0.34045 , 0.343322 , 0.31709 , 0.305579 , 0.328839 , 0.216082 , 0.16489 , 0.31752 , 0.292809 
 989 , 0.229203 , 0.340463 , 0.343443 , 0.317097 , 0.305146 , 0.329255 , 0.216296 , 0.16578 , 0.317666 , 0.293164 
 990 , 0.229214 , 0.341077 , 0.343445 , 0.317783 , 0.304902 , 0.329549 , 0.216383 , 0.166501 , 0.317614 , 0.2933 
 991 , 0.229378 , 0.342422 , 0.343285 , 0.318655 , 0.305183 , 0.329738 , 0.216531 , 0.166789 , 0.317636 , 0.293299 
 992 , 0.22954 , 0.343492 , 0.343154 , 0.319379 , 0.305541 , 0.32991 , 0.21659 , 0.166971 , 0.317654 , 0.293372 
 993 , 0.229742 , 0.343538 , 0.343169 , 0.319631 , 0.306059 , 0.33006 , 0.216351 , 0.166852 , 0.317696 , 0.293695 
 994 , 0.230375 , 0.342092 , 0.344199 , 0.320439 , 0.306054 , 0.330471 , 0.21564 , 0.166937 , 0.317831 , 0.294333 
 995 , 0.231034 , 0.340602 , 0.345273 , 0.321285 , 0.306046 , 0.330897 , 0.214908 , 0.167019 , 0.317963 , 0.294998 
 996 , 0.231418 , 0.339846 , 0.345866 , 0.321771 , 0.306285 , 0.331281 , 0.214387 , 0.166784 , 0.318602 , 0.295519 
 997 , 0.231274 , 0.34012 , 0.345255 , 0.321799 , 0.306289 , 0.331844 , 0.214445 , 0.166615 , 0.31915 , 0.295751 
 998 , 0.230953 , 0.340711 , 0.344259 , 0.321682 , 0.306214 , 0.332472 , 0.214687 , 0.16647 , 0.319686 , 0.295898 
 999 , 0.230829 , 0.341001 , 0.343627 , 0.321872 , 0.305892 , 0.332693 , 0.214743 , 0.165944 , 0.319645 , 0.29547 
 1000 , 0.230979 , 0.340962 , 0.343645 , 0.321797 , 0.30557 , 0.332272 , 0.214421 , 0.165222 , 0.319295 , 0.294808 
 1001 , 0.23134 , 0.340715 , 0.344201 , 0.321202 , 0.305369 , 0.331361 , 0.213773 , 0.164508 , 0.318938 , 0.294231 
 1002 , 0.231298 , 0.340685 , 0.344611 , 0.320513 , 0.304771 , 0.330446 , 0.213382 , 0.164089 , 0.318643 , 0.294102 
 1003 , 0.230401 , 0.340923 , 0.344652 , 0.319894 , 0.303429 , 0.329693 , 0.213481 , 0.164177 , 0.3184 , 0.294769 
 1004 , 0.228889 , 0.340589 , 0.344341 , 0.320408 , 0.301919 , 0.329565 , 0.213721 , 0.164045 , 0.317783 , 0.295405 
 1005 , 0.227319 , 0.340258 , 0.34395 , 0.320873 , 0.300406 , 0.3294 , 0.213938 , 0.163861 , 0.317143 , 0.296073 
 1006 , 0.225911 , 0.340133 , 0.342857 , 0.320576 , 0.2997 , 0.328927 , 0.213728 , 0.163136 , 0.316639 , 0.296809 
 1007 , 0.224597 , 0.340345 , 0.341476 , 0.32014 , 0.298674 , 0.327861 , 0.2132 , 0.162096 , 0.316291 , 0.29679 
 1008 , 0.223241 , 0.340623 , 0.339988 , 0.319663 , 0.29755 , 0.326654 , 0.212607 , 0.160972 , 0.315958 , 0.296638 
 1009 , 0.222144 , 0.339612 , 0.339618 , 0.320381 , 0.297629 , 0.326058 , 0.211435 , 0.160083 , 0.315932 , 0.295688 
 1010 , 0.221379 , 0.338193 , 0.339536 , 0.320523 , 0.298266 , 0.325857 , 0.210367 , 0.159409 , 0.316084 , 0.294992 
 1011 , 0.220809 , 0.3367 , 0.339457 , 0.319975 , 0.299109 , 0.325832 , 0.209475 , 0.158848 , 0.316318 , 0.294649 
 1012 , 0.220514 , 0.335765 , 0.339505 , 0.319045 , 0.299662 , 0.325838 , 0.208843 , 0.158265 , 0.316095 , 0.293976 
 1013 , 0.220446 , 0.335828 , 0.33992 , 0.318524 , 0.300156 , 0.325992 , 0.208476 , 0.157678 , 0.315588 , 0.292902 
 1014 , 0.220166 , 0.33692 , 0.340984 , 0.320149 , 0.301352 , 0.326472 , 0.20804 , 0.157121 , 0.315607 , 0.291675 
 1015 , 0.219721 , 0.337863 , 0.341819 , 0.321724 , 0.302308 , 0.326899 , 0.207564 , 0.156446 , 0.315715 , 0.290457 
 1016 , 0.218712 , 0.338019 , 0.341603 , 0.322842 , 0.302114 , 0.327069 , 0.206991 , 0.155419 , 0.316188 , 0.289492 
 1017 , 0.216636 , 0.336082 , 0.341471 , 0.321607 , 0.299984 , 0.325476 , 0.205613 , 0.154054 , 0.314079 , 0.288477 
 1018 , 0.214441 , 0.333987 , 0.341336 , 0.320257 , 0.297707 , 0.32376 , 0.204148 , 0.152611 , 0.311822 , 0.287407 
 1019 , 0.213002 , 0.333337 , 0.341336 , 0.318758 , 0.295935 , 0.322597 , 0.20328 , 0.151739 , 0.309392 , 0.288071 
 1020 , 0.212504 , 0.332938 , 0.340861 , 0.316814 , 0.295656 , 0.323318 , 0.203179 , 0.150966 , 0.309143 , 0.289564 
 1021 , 0.212403 , 0.332585 , 0.340123 , 0.314598 , 0.296057 , 0.324949 , 0.203422 , 0.150184 , 0.309948 , 0.291437 
 1022 , 0.212349 , 0.331192 , 0.338892 , 0.312851 , 0.296697 , 0.3261 , 0.203475 , 0.149124 , 0.31023 , 0.291901 
 1023 , 0.211914 , 0.329061 , 0.337156 , 0.311925 , 0.297095 , 0.325981 , 0.203299 , 0.147969 , 0.309674 , 0.291078 
 1024 , 0.210801 , 0.32672 , 0.335053 , 0.311846 , 0.296837 , 0.324307 , 0.202919 , 0.146896 , 0.308245 , 0.289573 
 1025 , 0.209165 , 0.324361 , 0.333117 , 0.311351 , 0.295652 , 0.322506 , 0.202203 , 0.145322 , 0.306924 , 0.287848 
 1026 , 0.20668 , 0.322301 , 0.331757 , 0.30997 , 0.292612 , 0.320716 , 0.200863 , 0.142781 , 0.305924 , 0.285784 
 1027 , 0.205112 , 0.321851 , 0.331384 , 0.307776 , 0.288883 , 0.320187 , 0.199597 , 0.139804 , 0.30488 , 0.283737 
 1028 , 0.203442 , 0.321389 , 0.330894 , 0.305397 , 0.285016 , 0.319617 , 0.19829 , 0.13674 , 0.303864 , 0.281649 
 1029 , 0.20182 , 0.321219 , 0.328916 , 0.30207 , 0.28233 , 0.319117 , 0.197677 , 0.134922 , 0.30443 , 0.280787 
 1030 , 0.198961 , 0.32002 , 0.326207 , 0.298775 , 0.28073 , 0.318309 , 0.196363 , 0.133372 , 0.306236 , 0.280583 
 1031 , 0.195637 , 0.318485 , 0.323162 , 0.295334 , 0.279329 , 0.317387 , 0.194798 , 0.131813 , 0.308483 , 0.280551 
 1032 , 0.193206 , 0.316602 , 0.321094 , 0.293465 , 0.278991 , 0.315633 , 0.192262 , 0.131317 , 0.309852 , 0.279701 
 1033 , 0.19201 , 0.313645 , 0.319226 , 0.291599 , 0.277739 , 0.313979 , 0.189571 , 0.13126 , 0.309676 , 0.278603 
 1034 , 0.191773 , 0.309647 , 0.317214 , 0.289199 , 0.275198 , 0.312648 , 0.186978 , 0.131325 , 0.308175 , 0.2775 
 1035 , 0.19143 , 0.306658 , 0.315841 , 0.286904 , 0.272538 , 0.311531 , 0.1846 , 0.13012 , 0.306014 , 0.276439 
 1036 , 0.19071 , 0.305536 , 0.315035 , 0.285209 , 0.270462 , 0.310221 , 0.182654 , 0.127295 , 0.30342 , 0.275097 
 1037 , 0.188938 , 0.307165 , 0.313439 , 0.285202 , 0.270948 , 0.307054 , 0.181217 , 0.123642 , 0.301892 , 0.272357 
 1038 , 0.187013 , 0.308274 , 0.31102 , 0.284604 , 0.271073 , 0.303739 , 0.179133 , 0.119984 , 0.300185 , 0.269481 
 1039 , 0.18487 , 0.306812 , 0.305522 , 0.281494 , 0.269535 , 0.300424 , 0.17471 , 0.117041 , 0.298084 , 0.266623 
 1040 , 0.181818 , 0.30201 , 0.300671 , 0.277407 , 0.263956 , 0.297518 , 0.168601 , 0.114398 , 0.294243 , 0.264564 
 1041 , 0.178511 , 0.29663 , 0.295566 , 0.272951 , 0.257717 , 0.29449 , 0.161997 , 0.111606 , 0.290019 , 0.262446 
 1042 , 0.171923 , 0.290276 , 0.29081 , 0.269984 , 0.253216 , 0.290276 , 0.158951 , 0.109396 , 0.287119 , 0.260984 
 1043 , 0.165361 , 0.285766 , 0.2875 , 0.266931 , 0.2507 , 0.286771 , 0.156262 , 0.107293 , 0.284669 , 0.259738 
 1044 , 0.15876 , 0.282283 , 0.284946 , 0.263624 , 0.249242 , 0.283657 , 0.153489 , 0.105128 , 0.282338 , 0.258538 
 1045 , 0.15274 , 0.280138 , 0.28455 , 0.261051 , 0.24919 , 0.280894 , 0.151302 , 0.102872 , 0.279769 , 0.257321 
 1046 , 0.146927 , 0.278698 , 0.283947 , 0.258852 , 0.249615 , 0.27815 , 0.149807 , 0.10014 , 0.277418 , 0.2554 
 1047 , 0.140695 , 0.276889 , 0.28003 , 0.256442 , 0.249156 , 0.274974 , 0.148973 , 0.096575 , 0.275793 , 0.252039 
 1048 , 0.13497 , 0.274757 , 0.27557 , 0.253494 , 0.246934 , 0.271844 , 0.146791 , 0.092358 , 0.273501 , 0.248844 
 1049 , 0.130869 , 0.271927 , 0.270383 , 0.249629 , 0.241095 , 0.26901 , 0.141833 , 0.087092 , 0.269896 , 0.246301 
 1050 , 0.126038 , 0.264154 , 0.267491 , 0.245396 , 0.235471 , 0.264191 , 0.135537 , 0.082175 , 0.264598 , 0.246044 
 1051 , 0.12076 , 0.255938 , 0.264272 , 0.241025 , 0.229297 , 0.259085 , 0.128822 , 0.076863 , 0.258837 , 0.245773 
 1052 , 0.115018 , 0.248462 , 0.259881 , 0.240274 , 0.222009 , 0.254753 , 0.122492 , 0.072062 , 0.251958 , 0.245624 
 1053 , 0.108821 , 0.243311 , 0.255721 , 0.240247 , 0.213028 , 0.251863 , 0.116629 , 0.066584 , 0.244905 , 0.243939 
 1054 , 0.10208 , 0.238668 , 0.251352 , 0.240478 , 0.203022 , 0.249333 , 0.110547 , 0.060578 , 0.237418 , 0.241605 
 1055 , 0.095387 , 0.233647 , 0.248712 , 0.236748 , 0.19744 , 0.247681 , 0.106449 , 0.055772 , 0.231444 , 0.232499 
 1056 , 0.088594 , 0.227663 , 0.245293 , 0.230467 , 0.193424 , 0.244822 , 0.10254 , 0.051007 , 0.225806 , 0.220559 
 1057 , 0.081454 , 0.220527 , 0.240118 , 0.222513 , 0.189544 , 0.240051 , 0.097997 , 0.045771 , 0.219896 , 0.207604 
 1058 , 0.075485 , 0.212863 , 0.237956 , 0.213278 , 0.185584 , 0.234313 , 0.093551 , 0.039323 , 0.212574 , 0.195887 
 1059 , 0.070583 , 0.204875 , 0.239567 , 0.202705 , 0.181773 , 0.227828 , 0.089125 , 0.031592 , 0.203653 , 0.18591 
 1060 , 0.063261 , 0.197269 , 0.242599 , 0.191581 , 0.178638 , 0.222419 , 0.083744 , 0.023511 , 0.193932 , 0.176483 
 1061 , 0.05599 , 0.189467 , 0.243968 , 0.180042 , 0.174435 , 0.216676 , 0.078171 , 0.015841 , 0.185041 , 0.168284 
 1062 , 0.049812 , 0.18305 , 0.237769 , 0.169518 , 0.16673 , 0.210824 , 0.072918 , 0.011641 , 0.181588 , 0.1671 
 1063 , 0.044596 , 0.173415 , 0.229298 , 0.158328 , 0.15684 , 0.205237 , 0.067438 , 0.007081 , 0.177117 , 0.16641 
 1064 , 0.03903 , 0.162643 , 0.219855 , 0.146116 , 0.145911 , 0.199247 , 0.061561 , 0.002175 , 0.172226 , 0.165736 
 1065 , 0.033908 , 0.15567 , 0.206389 , 0.138012 , 0.134402 , 0.1943 , 0.058809 , 0.00131 , 0.166715 , 0.158023 
 1066 , 0.027879 , 0.149137 , 0.191509 , 0.129997 , 0.122101 , 0.189015 , 0.056317 , 0.000785 , 0.161668 , 0.148432 
 1067 , 0.021174 , 0.142442 , 0.175398 , 0.121413 , 0.108875 , 0.183219 , 0.053736 , 0.000219 , 0.156833 , 0.137674 
 1068 , 0.015129 , 0.134067 , 0.163214 , 0.116276 , 0.100918 , 0.175359 , 0.048404 , 0 , 0.150679 , 0.126721 
 1069 , 0.009543 , 0.124028 , 0.152607 , 0.112061 , 0.09637 , 0.165456 , 0.041235 , 0 , 0.142911 , 0.115203 
 1070 , 0.003843 , 0.112362 , 0.139933 , 0.104915 , 0.092137 , 0.153568 , 0.033536 , 0 , 0.13316 , 0.102464 
 1071 , 0 , 0.100411 , 0.123976 , 0.095708 , 0.085584 , 0.141968 , 0.026363 , 0 , 0.123774 , 0.091174 
 1072 , 0 , 0.088398 , 0.10252 , 0.083034 , 0.074834 , 0.131357 , 0.020493 , 0 , 0.115424 , 0.083018 
 1073 , 0 , 0.076519 , 0.084003 , 0.073351 , 0.061573 , 0.120884 , 0.014696 , 0 , 0.111303 , 0.075847 
 1074 , 0 , 0.064209 , 0.064475 , 0.062749 , 0.048328 , 0.110344 , 0.00875 , 0 , 0.10659 , 0.068887 
 1075 , 0 , 0.052336 , 0.053696 , 0.050218 , 0.038579 , 0.10325 , 0.006313 , 0 , 0.099135 , 0.069109 
 1076 , 0 , 0.040546 , 0.040635 , 0.03575 , 0.028787 , 0.09756 , 0.003516 , 0 , 0.089058 , 0.06984 
 1077 , 0 , 0.027796 , 0.026194 , 0.019995 , 0.018524 , 0.092062 , 0.000594 , 0 , 0.077446 , 0.070843 
 1078 , 0 , 0.022212 , 0.022212 , 0.012827 , 0.014085 , 0.085963 , 0 , 0 , 0.068539 , 0.067559 
 1079 , 0 , 0.018384 , 0.020803 , 0.007856 , 0.011192 , 0.078498 , 0 , 0 , 0.05957 , 0.062362 
 1080 , 0 , 0.014194 , 0.019167 , 0.002647 , 0.00825 , 0.069491 , 0 , 0 , 0.049698 , 0.056164 
 1081 , 0 , 0.010441 , 0.01549 , 0 , 0.005805 , 0.058524 , 0 , 0 , 0.038788 , 0.047645 
 1082 , 0 , 0.007029 , 0.009979 , 0 , 0.003867 , 0.045764 , 0 , 0 , 0.027039 , 0.03691 
 1083 , 0 , 0.002993 , 0.004547 , 0 , 0.001758 , 0.03307 , 0 , 0 , 0.015506 , 0.026015 
 1084 , 0 , 0 , 0 , 0 , 0 , 0.021314 , 0 , 0 , 0.005714 , 0.016112 
 1085 , 0 , 0 , 0 , 0 , 0 , 0.014916 , 0 , 0 , 0.004013 , 0.011241 
 1086 , 0 , 0 , 0 , 0 , 0 , 0.007893 , 0 , 0 , 0.002155 , 0.005907 
 1087 , 0 , 0 , 0 , 0 , 0 , 0.000316 , 0 , 0 , 0.000087 , 0.000234 
 1088 , 0 , 0 , 0 , 0 , 0 , 0 , 0 , 0 , 0 , 0 
 1089 , 0 , 0 , 0 , 0 , 0 , 0 , 0 , 0 , 0 , 0 
 1090 , 0 , 0 , 0 , 0 , 0 , 0 , 0 , 0 , 0 , 0 
 1091 , 0 , 0 , 0 , 0 , 0 , 0 , 0 , 0 , 0 , 0 
 1092 , 0 , 0 , 0 , 0 , 0 , 0 , 0 , 0 , 0 , 0 
 1093 , 0 , 0 , 0 , 0 , 0 , 0 , 0 , 0 , 0 , 0 
 1094 , 0 , 0 , 0 , 0 , 0 , 0 , 0 , 0 , 0 , 0 
 1095 , 0 , 0 , 0 , 0 , 0 , 0 , 0 , 0 , 0 , 0 
 1096 , 0 , 0 , 0 , 0 , 0 , 0 , 0 , 0 , 0 , 0 
 1097 , 0 , 0 , 0 , 0 , 0 , 0 , 0 , 0 , 0 , 0 
 1098 , 0 , 0 , 0 , 0 , 0 , 0 , 0 , 0 , 0 , 0 
 1099 , 0 , 0 , 0 , 0 , 0 , 0 , 0 , 0 , 0 , 0 
 1100 , 0 , 0 , 0 , 0 , 0 , 0 , 0 , 0 , 0 , 0 
 1101 , 0 , 0 , 0 , 0 , 0 , 0 , 0 , 0 , 0 , 0 
 1102 , 0 , 0 , 0 , 0 , 0 , 0 , 0 , 0 , 0 , 0 
 1103 , 0 , 0 , 0 , 0 , 0 , 0 , 0 , 0 , 0 , 0 
 1104 , 0 , 0 , 0 , 0 , 0 , 0 , 0 , 0 , 0 , 0 
 1105 , 0 , 0 , 0 , 0 , 0 , 0 , 0 , 0 , 0 , 0 
 1106 , 0 , 0 , 0 , 0 , 0 , 0 , 0 , 0 , 0 , 0 
 1107 , 0 , 0 , 0 , 0 , 0 , 0 , 0 , 0 , 0 , 0 
 1108 , 0 , 0 , 0 , 0 , 0 , 0 , 0 , 0 , 0 , 0 
 1109 , 0 , 0 , 0 , 0 , 0 , 0 , 0 , 0 , 0 , 0 
 1110 , 0 , 0 , 0 , 0 , 0 , 0 , 0 , 0 , 0 , 0 
 1111 , 0 , 0 , 0 , 0 , 0 , 0 , 0 , 0 , 0 , 0 
 1112 , 0 , 0 , 0 , 0 , 0 , 0 , 0 , 0 , 0 , 0 
 1113 , 0 , 0 , 0 , 0 , 0 , 0 , 0 , 0 , 0 , 0 
 1114 , 0 , 0 , 0 , 0 , 0 , 0 , 0 , 0 , 0 , 0 
 1115 , 0 , 0 , 0 , 0 , 0 , 0 , 0 , 0 , 0 , 0 
 1116 , 0 , 0 , 0 , 0 , 0 , 0 , 0 , 0 , 0 , 0 
 1117 , 0 , 0 , 0 , 0 , 0 , 0 , 0 , 0 , 0 , 0 
 1118 , 0 , 0 , 0 , 0 , 0 , 0 , 0 , 0 , 0 , 0 
 1119 , 0 , 0 , 0 , 0 , 0 , 0 , 0 , 0 , 0 , 0 
 1120 , 0 , 0 , 0 , 0 , 0 , 0 , 0 , 0 , 0 , 0 
 1121 , 0 , 0 , 0 , 0 , 0 , 0 , 0 , 0 , 0 , 0 
 1122 , 0 , 0 , 0 , 0 , 0 , 0 , 0 , 0 , 0 , 0 
 1123 , 0 , 0 , 0 , 0 , 0 , 0 , 0 , 0 , 0 , 0 
 1124 , 0.857871 , 0.832251 , 0.830154 , 0.817431 , 0.784427 , 0.685711 , 0.699474 , 0.709424 , 0.713566 , 0.682937 
 1125 , 1.061008 , 1.026205 , 1.025152 , 1.006825 , 0.968332 , 0.850548 , 0.865097 , 0.876598 , 0.880144 , 0.845873 
 1126 , 1.147511 , 1.10858 , 1.106093 , 1.08667 , 1.041742 , 0.923007 , 0.935428 , 0.94807 , 0.948189 , 0.917044 
 1127 , 1.169318 , 1.128854 , 1.124818 , 1.105372 , 1.056744 , 0.943564 , 0.953318 , 0.966081 , 0.963268 , 0.936685 
 1128 , 1.16977 , 1.129663 , 1.122876 , 1.10398 , 1.054133 , 0.945902 , 0.954528 , 0.96646 , 0.962571 , 0.938991 
 1129 , 1.164762 , 1.129963 , 1.114063 , 1.096877 , 1.052318 , 0.940017 , 0.954584 , 0.962344 , 0.964391 , 0.936352 
 1130 , 0.80543 , 1.131222 , 0.764706 , 0.755656 , 0.728507 , 0.936652 , 0.954751 , 0.665158 , 0.968326 , 0.936652 
